user_id,true_churned,pred_churn_proba,pred_churned,heuristic_churned
user_0,0,0.05184338757054093,0,0
user_1,0,0.11188697239114487,0,0
user_2,0,0.030829420827743644,0,0
user_3,0,0.19445068698897716,0,0
user_4,1,0.7402619088280564,1,1
user_5,1,0.9476059316057319,1,1
user_6,1,0.34778385624478186,0,0
user_7,0,0.02711869652365794,0,0
user_8,0,0.019590687982315193,0,0
user_9,1,0.722096914665576,1,1
user_10,0,0.11360367168245197,0,0
user_11,0,0.27333871888340305,0,0
user_12,0,0.21504497322206642,0,0
user_13,1,0.910745663380906,1,1
user_14,1,0.8770354577053301,1,1
user_15,0,0.26211687068576595,0,0
user_16,1,0.9190655104347168,1,1
user_17,1,0.25829762497568937,0,0
user_18,1,0.8810914493735993,1,1
user_19,0,0.07008143464601935,0,0
user_20,1,0.7504472248354834,1,1
user_21,0,0.04164088060273641,0,0
user_22,1,0.7844895194990208,1,1
user_23,0,0.09989311023063188,0,0
user_24,0,0.08689821723343807,0,0
user_25,1,0.5081617006220475,1,0
user_26,1,0.9051125842033876,1,1
user_27,1,0.8958937148791091,1,1
user_28,0,0.19556031040910127,0,0
user_29,0,0.6475089488427628,1,1
user_30,1,0.7052817634458912,1,1
user_31,1,0.2435577356642285,0,0
user_32,1,0.38950301372377794,0,0
user_33,1,0.593942788032317,1,1
user_34,1,0.7561109550619824,1,0
user_35,0,0.2602847603470207,0,0
user_36,0,0.11899698917399074,0,0
user_37,0,0.20217784458479465,0,0
user_38,1,0.7929018243236761,1,1
user_39,0,0.035089878049346636,0,0
user_40,0,0.14648071980982133,0,0
user_41,0,0.19397013160463197,0,0
user_42,0,0.1442389686643763,0,0
user_43,0,0.17384931134860565,0,0
user_44,0,0.19878193742476588,0,0
user_45,1,0.8312835595506798,1,1
user_46,1,0.6433836728842786,1,1
user_47,1,0.6818564286630525,1,1
user_48,1,0.8867270871579075,1,1
user_49,1,0.9084077997450761,1,1
user_50,1,0.8490261208634774,1,1
user_51,0,0.017592512856144653,0,0
user_52,0,0.3150362491503411,0,0
user_53,1,0.18805983543760138,0,0
user_54,1,0.9571403649195748,1,1
user_55,1,0.6448624516866274,1,0
user_56,1,0.9841634891116695,1,1
user_57,1,0.9681261388547333,1,1
user_58,1,0.30366952200596237,0,0
user_59,0,0.14379702605083788,0,0
user_60,0,0.03283117333594345,0,0
user_61,1,0.3732627879617698,0,0
user_62,0,0.3582940703270957,0,0
user_63,1,0.8493045647337695,1,1
user_64,1,0.899687279606794,1,1
user_65,0,0.4346749396334694,0,0
user_66,0,0.03749425583170852,0,0
user_67,1,0.5116762546385634,1,1
user_68,0,0.05064885680981037,0,0
user_69,1,0.28324411328223464,0,0
user_70,0,0.05119077389287637,0,0
user_71,1,0.936456823038997,1,1
user_72,0,0.269632963738009,0,0
user_73,0,0.3812769770389176,0,0
user_74,1,0.9155022764960171,1,1
user_75,1,0.7447064590128797,1,1
user_76,1,0.253938733131115,0,0
user_77,1,0.8128071175762704,1,1
user_78,0,0.12164680693210883,0,0
user_79,1,0.8583812038887579,1,1
user_80,0,0.05109266151478198,0,0
user_81,1,0.2881995020720896,0,0
user_82,0,0.3350763096462328,0,0
user_83,0,0.06243421355261987,0,0
user_84,1,0.2996311876091537,0,0
user_85,0,0.2744439528149112,0,0
user_86,0,0.6160083947733549,1,1
user_87,0,0.03671618718191118,0,0
user_88,1,0.9252818104284122,1,1
user_89,0,0.18776379750551395,0,0
user_90,1,0.24244981394196974,0,0
user_91,1,0.7565882212227216,1,1
user_92,0,0.05156285067605177,0,0
user_93,1,0.9405539140748225,1,1
user_94,0,0.6861331829535077,1,1
user_95,1,0.9732068483798895,1,1
user_96,0,0.20847229699472897,0,0
user_97,0,0.19375616257074627,0,0
user_98,0,0.059168994094637516,0,0
user_99,0,0.10513483226968323,0,0
user_100,1,0.6130590834209532,1,1
user_101,1,0.28596483613901924,0,0
user_102,0,0.29046009322628646,0,0
user_103,1,0.8719748965678843,1,1
user_104,1,0.8069832106439712,1,1
user_105,1,0.9419965726947168,1,1
user_106,1,0.2851561041404363,0,0
user_107,0,0.04901061745574781,0,0
user_108,0,0.03314786332718137,0,0
user_109,0,0.8087215994709022,1,1
user_110,0,0.10632643817137377,0,0
user_111,0,0.02101830261429619,0,0
user_112,0,0.0683070197315695,0,0
user_113,0,0.17009875795030224,0,0
user_114,0,0.022367988845241608,0,0
user_115,0,0.24690706775412138,0,0
user_116,0,0.048914144476094115,0,0
user_117,0,0.39051862023147493,0,0
user_118,0,0.23576374551873097,0,0
user_119,0,0.2758563987277996,0,0
user_120,1,0.38573649036352775,0,0
user_121,0,0.4459512140388374,0,0
user_122,1,0.9208740967756612,1,1
user_123,1,0.6973071345002976,1,1
user_124,0,0.09226909672451032,0,0
user_125,0,0.939550641484874,1,1
user_126,1,0.9470364585423028,1,1
user_127,0,0.16147679910695192,0,0
user_128,1,0.6535053113230281,1,1
user_129,1,0.7587037425941584,1,1
user_130,1,0.8267414413870536,1,1
user_131,0,0.553927944143025,1,1
user_132,1,0.5871483977758384,1,0
user_133,0,0.01777984513190609,0,0
user_134,1,0.877012933190901,1,1
user_135,0,0.48804806940264145,0,1
user_136,1,0.6131332666372427,1,1
user_137,1,0.9470831991064531,1,1
user_138,0,0.3641068850177839,0,0
user_139,0,0.21000312425702472,0,0
user_140,1,0.6552240670558019,1,0
user_141,1,0.39485838478617374,0,0
user_142,1,0.8485412237222495,1,1
user_143,0,0.73785283397745,1,1
user_144,0,0.047546231808300164,0,0
user_145,1,0.9366392813657695,1,1
user_146,1,0.7666097446299912,1,1
user_147,1,0.9105016926566698,1,1
user_148,0,0.09807887077618907,0,0
user_149,1,0.7756048328586935,1,1
user_150,1,0.7893452202405786,1,1
user_151,1,0.7511698227709849,1,1
user_152,0,0.09044781324482566,0,0
user_153,1,0.9023419146842777,1,1
user_154,0,0.27030267247005524,0,0
user_155,0,0.030318541454941506,0,0
user_156,0,0.7996524887730837,1,1
user_157,1,0.9285093765233011,1,1
user_158,0,0.3319137536967246,0,0
user_159,0,0.3515915152837952,0,0
user_160,1,0.4175206354235897,0,0
user_161,1,0.9471109807619268,1,1
user_162,1,0.9843316766696556,1,1
user_163,1,0.5701254772789651,1,0
user_164,0,0.5361365722789164,1,1
user_165,1,0.8969708705046234,1,1
user_166,1,0.891297325393114,1,1
user_167,0,0.04628175632839849,0,0
user_168,1,0.6908126623899387,1,0
user_169,0,0.08582631521270975,0,0
user_170,1,0.30712614529678894,0,0
user_171,1,0.8369566658696006,1,1
user_172,1,0.7796969523424002,1,1
user_173,1,0.6772892439510789,1,1
user_174,0,0.18455819084671557,0,0
user_175,1,0.6228940539810719,1,0
user_176,1,0.923855764387975,1,1
user_177,1,0.8604602051493087,1,1
user_178,1,0.9123486973393102,1,1
user_179,1,0.3111870521719961,0,0
user_180,0,0.19817221078951916,0,0
user_181,0,0.11178060125364174,0,0
user_182,1,0.8111726119105899,1,1
user_183,1,0.7742077746124327,1,1
user_184,0,0.047341486777682004,0,0
user_185,0,0.22295234764350208,0,0
user_186,0,0.2377650581972029,0,0
user_187,0,0.06745521811379232,0,0
user_188,1,0.5868059867939391,1,0
user_189,1,0.7219120920003237,1,1
user_190,1,0.9389812060899485,1,1
user_191,0,0.055807489137274784,0,0
user_192,1,0.5969096577523014,1,1
user_193,0,0.321064054987649,0,0
user_194,0,0.0647683214808347,0,0
user_195,1,0.9574443952706704,1,1
user_196,1,0.6806626211743764,1,1
user_197,1,0.8703002628434384,1,1
user_198,0,0.19213362818441013,0,0
user_199,0,0.4518766640482637,0,0
user_200,0,0.8816239370725697,1,1
user_201,0,0.24715681132262765,0,0
user_202,0,0.05604589600253759,0,0
user_203,1,0.9740076588434873,1,1
user_204,1,0.408501460223852,0,0
user_205,1,0.9516827966431077,1,1
user_206,1,0.738234382630925,1,1
user_207,0,0.25193284501802604,0,0
user_208,0,0.06492490249670016,0,0
user_209,0,0.021095437660265202,0,0
user_210,1,0.9119835452213844,1,1
user_211,0,0.5587247893748748,1,1
user_212,1,0.8247125354658568,1,1
user_213,0,0.06646754472113178,0,0
user_214,0,0.4230576715298873,0,0
user_215,1,0.5343531409003156,1,0
user_216,1,0.6795158113161561,1,1
user_217,1,0.8497501086120107,1,1
user_218,1,0.4269534425716728,0,1
user_219,0,0.35796604592398945,0,0
user_220,1,0.9120886711177845,1,1
user_221,0,0.16632315669430564,0,0
user_222,0,0.005825090099652236,0,0
user_223,1,0.661744897873373,1,1
user_224,1,0.37739484969203557,0,0
user_225,1,0.6041252333890689,1,0
user_226,0,0.5869183041480185,1,1
user_227,0,0.17248622974147498,0,0
user_228,0,0.19270892665400896,0,0
user_229,0,0.217266955829255,0,0
user_230,0,0.08666300712903716,0,0
user_231,1,0.8673327929356209,1,1
user_232,1,0.6513063367166967,1,0
user_233,0,0.30800397654726636,0,0
user_234,1,0.762100275884991,1,1
user_235,0,0.03759146798015137,0,0
user_236,0,0.2176852216026918,0,0
user_237,1,0.9012673141225438,1,1
user_238,1,0.4393734815559666,0,0
user_239,0,0.13394635549111147,0,0
user_240,0,0.15110021139913415,0,0
user_241,0,0.923225720301315,1,1
user_242,0,0.61355021840271,1,1
user_243,0,0.5325390232266162,1,0
user_244,1,0.5714997333885946,1,0
user_245,0,0.7241883614897081,1,1
user_246,1,0.7956459420280325,1,1
user_247,0,0.11829430983342898,0,0
user_248,0,0.09185374114148949,0,0
user_249,0,0.16827185574895998,0,0
user_250,0,0.041125324022127124,0,0
user_251,0,0.3619518501316881,0,0
user_252,1,0.6908292512088192,1,1
user_253,0,0.02189500095507389,0,0
user_254,0,0.011200692958360885,0,0
user_255,1,0.7771315127804406,1,1
user_256,1,0.8716513316443297,1,1
user_257,0,0.2400271569975015,0,0
user_258,1,0.9119858656651978,1,1
user_259,1,0.919528101202616,1,1
user_260,1,0.9088643740137387,1,1
user_261,0,0.8417639019587584,1,1
user_262,1,0.9543892943191544,1,1
user_263,0,0.12387293999079378,0,0
user_264,1,0.776144140813708,1,1
user_265,0,0.7300469211187071,1,1
user_266,1,0.7489208400476085,1,1
user_267,0,0.08781381963855289,0,0
user_268,1,0.3055581090476718,0,0
user_269,0,0.6058584012631746,1,1
user_270,1,0.9127232927554072,1,1
user_271,1,0.7343481359678209,1,1
user_272,0,0.14296574224068992,0,0
user_273,1,0.9318523582765306,1,1
user_274,0,0.14784860019182433,0,0
user_275,0,0.05416626908070951,0,0
user_276,1,0.7633461299690402,1,1
user_277,0,0.062369526617176166,0,0
user_278,0,0.6618024888171935,1,0
user_279,0,0.40526170304106385,0,0
user_280,0,0.45817369445112605,0,1
user_281,0,0.14666705422955903,0,0
user_282,0,0.2849379602193802,0,0
user_283,0,0.04112363385438653,0,0
user_284,0,0.4532633883575689,0,0
user_285,1,0.5515731191643408,1,0
user_286,0,0.09499365465846452,0,0
user_287,1,0.9216099998288405,1,1
user_288,0,0.184459502320038,0,0
user_289,1,0.9657635303046647,1,1
user_290,0,0.34087920932570254,0,0
user_291,1,0.9118452512576845,1,1
user_292,0,0.43540435070918715,0,1
user_293,1,0.6114974238967633,1,1
user_294,0,0.333414916934157,0,0
user_295,0,0.5030700478007716,1,1
user_296,0,0.24865587936223765,0,0
user_297,1,0.6228626366672472,1,1
user_298,0,0.1356046367339629,0,0
user_299,1,0.7469223194810571,1,1
user_300,1,0.55371844266427,1,0
user_301,1,0.9627601346392873,1,1
user_302,0,0.0481158032505085,0,0
user_303,1,0.9681349680382677,1,1
user_304,0,0.2575741886223965,0,0
user_305,1,0.5315193204382384,1,1
user_306,0,0.08154432030108855,0,0
user_307,0,0.027112970375361596,0,0
user_308,0,0.048764656317469124,0,0
user_309,1,0.5731041753259103,1,0
user_310,0,0.17845393232092707,0,0
user_311,0,0.11805987959534482,0,0
user_312,0,0.15581802399141456,0,0
user_313,1,0.7281483769508581,1,1
user_314,1,0.4361566175671213,0,0
user_315,0,0.14676081269524827,0,0
user_316,1,0.8486636876701243,1,1
user_317,1,0.7420109635568837,1,1
user_318,1,0.6124705130491254,1,0
user_319,0,0.1315920818829789,0,0
user_320,1,0.6708159559131263,1,0
user_321,1,0.704999518649607,1,1
user_322,1,0.9610402434963057,1,1
user_323,1,0.9157035189790759,1,1
user_324,1,0.9826041149750748,1,1
user_325,0,0.4366656229331901,0,0
user_326,1,0.9715811404139604,1,1
user_327,1,0.6254769668072376,1,1
user_328,0,0.037731935823246215,0,0
user_329,1,0.6986890708891723,1,1
user_330,0,0.14262789547641347,0,0
user_331,1,0.8448040757861486,1,1
user_332,0,0.0743777725017666,0,0
user_333,0,0.10207936166387502,0,0
user_334,1,0.8091762909426538,1,1
user_335,0,0.19923659592182064,0,0
user_336,0,0.3271401860317318,0,0
user_337,1,0.3995315291395205,0,0
user_338,1,0.9223898871670809,1,1
user_339,0,0.06074906792159469,0,0
user_340,1,0.9751933510736515,1,1
user_341,1,0.8582222234535696,1,1
user_342,1,0.6102275263353317,1,0
user_343,1,0.8481301724050768,1,1
user_344,1,0.7130726080147898,1,0
user_345,1,0.6332254251199334,1,1
user_346,1,0.6913886781222747,1,1
user_347,1,0.3617466805451374,0,0
user_348,1,0.9025846742568621,1,1
user_349,0,0.7760677532471336,1,1
user_350,0,0.018182455151535014,0,0
user_351,0,0.1630550772226818,0,0
user_352,0,0.0350694367152016,0,0
user_353,0,0.15594813531045157,0,0
user_354,0,0.045190778871176916,0,0
user_355,1,0.9039372783380585,1,1
user_356,0,0.10101389971718971,0,0
user_357,0,0.0169254407494158,0,0
user_358,1,0.8661792222256381,1,1
user_359,0,0.05969719319557309,0,0
user_360,0,0.02818574503009978,0,0
user_361,1,0.391356907305794,0,0
user_362,1,0.5358246106392185,1,1
user_363,1,0.8748989579903137,1,1
user_364,1,0.3745470295622393,0,0
user_365,0,0.37764351369707594,0,0
user_366,1,0.7413208214342077,1,1
user_367,1,0.9658890846101539,1,1
user_368,1,0.6816258103524152,1,1
user_369,1,0.9200369921308468,1,1
user_370,0,0.0773356801606279,0,0
user_371,0,0.20677166480913783,0,0
user_372,0,0.35590927185299503,0,0
user_373,0,0.16852160998536722,0,0
user_374,1,0.6204509430337555,1,1
user_375,1,0.9794895180364904,1,1
user_376,1,0.9343212619147022,1,1
user_377,0,0.10085839033717821,0,0
user_378,0,0.23660884171033061,0,0
user_379,0,0.137160015930091,0,0
user_380,0,0.050166639982982875,0,0
user_381,0,0.044143083037632,0,0
user_382,1,0.8132775985857379,1,1
user_383,1,0.9638598845376589,1,1
user_384,0,0.060140310935625045,0,0
user_385,1,0.8008995292845641,1,1
user_386,0,0.03467339954788886,0,0
user_387,0,0.7366384833952146,1,1
user_388,0,0.762980134686994,1,0
user_389,0,0.07173217090104773,0,0
user_390,0,0.14518265900816454,0,0
user_391,1,0.7843543325819343,1,1
user_392,0,0.15622018292935289,0,0
user_393,0,0.44836574783828315,0,0
user_394,1,0.8818016470176269,1,1
user_395,1,0.5485503045670784,1,0
user_396,0,0.05320012037812461,0,0
user_397,1,0.8773684460023948,1,1
user_398,0,0.1507146166916341,0,0
user_399,0,0.4166455377404914,0,0
user_400,0,0.20931651907609305,0,0
user_401,0,0.2931184164296058,0,0
user_402,0,0.08071422110576847,0,0
user_403,0,0.1355304439675956,0,0
user_404,0,0.08033499846115905,0,0
user_405,1,0.3601908713198601,0,0
user_406,0,0.6611445309821481,1,1
user_407,0,0.22224155705737197,0,0
user_408,1,0.9592620308561701,1,1
user_409,0,0.2537985879285651,0,0
user_410,0,0.02576850077275567,0,0
user_411,1,0.8381869416656079,1,1
user_412,1,0.7929372558666004,1,1
user_413,0,0.06532718667611412,0,0
user_414,1,0.544150652903171,1,1
user_415,0,0.0954758500644647,0,0
user_416,0,0.22027063826077267,0,0
user_417,0,0.2779890345423003,0,0
user_418,1,0.2923502312430081,0,0
user_419,0,0.07484523174532828,0,0
user_420,0,0.3158768394502854,0,0
user_421,0,0.2093100337272161,0,0
user_422,1,0.5909720715990852,1,1
user_423,0,0.1385387904134034,0,0
user_424,0,0.2522797917475102,0,0
user_425,1,0.856087572471716,1,1
user_426,1,0.3036694319409788,0,0
user_427,0,0.11013299555455419,0,0
user_428,0,0.5068119960284091,1,0
user_429,0,0.07639012245143278,0,0
user_430,0,0.4513625223955568,0,0
user_431,0,0.2599448735118677,0,0
user_432,1,0.7420918132251564,1,1
user_433,1,0.9283568298457032,1,1
user_434,1,0.9094162409511457,1,1
user_435,0,0.2611707492894801,0,0
user_436,0,0.07860485499699282,0,0
user_437,1,0.7463885270104549,1,1
user_438,0,0.5172290529469203,1,0
user_439,1,0.9437656712941515,1,1
user_440,0,0.07047397731706861,0,0
user_441,1,0.6115982616278609,1,1
user_442,1,0.7473560558929969,1,0
user_443,0,0.05832444606152355,0,0
user_444,0,0.6039197169308212,1,0
user_445,1,0.9311658534731697,1,1
user_446,1,0.9069366756832581,1,1
user_447,0,0.4012555752305578,0,0
user_448,1,0.9805955699595199,1,1
user_449,1,0.8946816957475153,1,1
user_450,1,0.9713168167133808,1,1
user_451,1,0.4356415852707515,0,0
user_452,0,0.13205159601955893,0,0
user_453,1,0.8874209715727793,1,1
user_454,1,0.3529396312026735,0,0
user_455,0,0.6444541922795733,1,1
user_456,1,0.7136778646986708,1,1
user_457,0,0.3685945696982029,0,0
user_458,0,0.22172023984982872,0,0
user_459,0,0.6344331722639861,1,1
user_460,1,0.8447306620163744,1,1
user_461,0,0.06301964351282581,0,0
user_462,1,0.6029133747351113,1,1
user_463,0,0.03869573879945749,0,0
user_464,0,0.1909981370815536,0,0
user_465,0,0.05504075995651597,0,0
user_466,1,0.7112248087345072,1,1
user_467,0,0.023936264797484418,0,0
user_468,0,0.04434614622196336,0,0
user_469,1,0.8747790238653096,1,1
user_470,0,0.6482795725985698,1,0
user_471,1,0.9048210979115064,1,1
user_472,0,0.05674133226169013,0,0
user_473,0,0.054934128375348494,0,0
user_474,0,0.23275949218879083,0,0
user_475,1,0.8938146208260658,1,1
user_476,0,0.1472618232717059,0,0
user_477,0,0.3356387162750629,0,0
user_478,1,0.8911987407563673,1,1
user_479,0,0.265317276021473,0,0
user_480,0,0.18130549379576794,0,0
user_481,0,0.0446833879203097,0,0
user_482,0,0.6818930241021915,1,1
user_483,1,0.7838041288971594,1,1
user_484,0,0.4738616776890952,0,0
user_485,0,0.017763135617691526,0,0
user_486,1,0.5594382028872008,1,0
user_487,1,0.9438302416304686,1,1
user_488,0,0.5725066968517667,1,0
user_489,0,0.3954632490511551,0,0
user_490,1,0.5780184840469091,1,0
user_491,1,0.16985109708092994,0,0
user_492,0,0.28915719761724984,0,0
user_493,1,0.9140968999361225,1,1
user_494,1,0.9100381938514756,1,1
user_495,1,0.7571460015881346,1,1
user_496,0,0.3452046141844229,0,0
user_497,1,0.35527999106031627,0,0
user_498,0,0.579459217758653,1,1
user_499,1,0.8175233175162971,1,1
user_500,0,0.09822683363103368,0,0
user_501,1,0.9678752838208895,1,1
user_502,1,0.8327357337929099,1,1
user_503,1,0.7777780926342136,1,1
user_504,1,0.4062893049340485,0,0
user_505,1,0.9297672502768481,1,1
user_506,1,0.8300550040355557,1,1
user_507,0,0.42277211412088517,0,0
user_508,0,0.19038223982009006,0,0
user_509,1,0.5350144286172998,1,1
user_510,0,0.39966545245213486,0,0
user_511,1,0.6350410547647142,1,1
user_512,1,0.3592772876583928,0,0
user_513,0,0.028643233334413917,0,0
user_514,1,0.6631423208913768,1,1
user_515,1,0.8926307094243274,1,1
user_516,1,0.533093186170359,1,0
user_517,1,0.8813552916719639,1,1
user_518,0,0.20438123364940156,0,0
user_519,0,0.1711697680479927,0,0
user_520,1,0.7389839848806161,1,0
user_521,0,0.1591233614065494,0,0
user_522,1,0.6315007632955376,1,1
user_523,0,0.17137011558382206,0,0
user_524,0,0.05813727615824624,0,0
user_525,1,0.9510743023001301,1,1
user_526,0,0.07025938272736226,0,0
user_527,0,0.5321206018933148,1,1
user_528,1,0.9457656280181714,1,1
user_529,1,0.7456842565164187,1,1
user_530,0,0.006217917971700606,0,0
user_531,1,0.6133545224446684,1,0
user_532,1,0.5004139116458928,1,0
user_533,0,0.8374555329911085,1,1
user_534,1,0.7293573654352966,1,0
user_535,0,0.6227046688157,1,1
user_536,0,0.17892141354316202,0,0
user_537,0,0.05032120001907265,0,0
user_538,1,0.9586882231772966,1,1
user_539,0,0.730713198683178,1,1
user_540,1,0.6153850930766468,1,0
user_541,0,0.10070637826364479,0,0
user_542,1,0.4775071674856661,0,1
user_543,0,0.3981673828562091,0,0
user_544,0,0.0736538612602761,0,0
user_545,0,0.05357553068900768,0,0
user_546,0,0.3964142015335094,0,0
user_547,1,0.781392774093535,1,1
user_548,0,0.6364056137061326,1,0
user_549,1,0.7267799033123122,1,1
user_550,1,0.6873971264944145,1,1
user_551,0,0.06846574636412545,0,0
user_552,0,0.032106157588408984,0,0
user_553,0,0.1920351776394975,0,0
user_554,1,0.9003972103793401,1,1
user_555,0,0.1133334087749463,0,0
user_556,0,0.2591443108745199,0,0
user_557,0,0.1470798497701119,0,0
user_558,0,0.08957368625388576,0,0
user_559,1,0.9344289481337692,1,1
user_560,0,0.42543352603809953,0,0
user_561,1,0.2656094037021913,0,0
user_562,0,0.033402526969000326,0,0
user_563,1,0.7312261644248934,1,0
user_564,0,0.041954158701867944,0,0
user_565,0,0.061581243332625775,0,0
user_566,1,0.45242069325369033,0,0
user_567,1,0.34495765904345477,0,0
user_568,0,0.2645784608193504,0,0
user_569,1,0.9572349596621951,1,1
user_570,0,0.4933389911831069,0,0
user_571,0,0.07163666122582162,0,0
user_572,1,0.8526761490091275,1,1
user_573,0,0.05266753750202639,0,0
user_574,0,0.5119404519582588,1,0
user_575,1,0.7904138677092406,1,1
user_576,1,0.5463895174441558,1,1
user_577,1,0.4753460522131321,0,0
user_578,1,0.9679001970628711,1,1
user_579,0,0.1380763520715208,0,0
user_580,1,0.941429470900717,1,1
user_581,0,0.21005387181927043,0,0
user_582,1,0.9838441332165346,1,1
user_583,0,0.02510397274783536,0,0
user_584,0,0.029752082193555178,0,0
user_585,0,0.10620929491293737,0,0
user_586,1,0.6974559561476074,1,1
user_587,0,0.5047480839009576,1,0
user_588,1,0.22933508985766082,0,0
user_589,0,0.037598442808758306,0,0
user_590,1,0.9679086234447302,1,1
user_591,0,0.7673812578932789,1,1
user_592,1,0.9065790915802359,1,1
user_593,0,0.1509702576774065,0,0
user_594,0,0.382592889244312,0,0
user_595,1,0.4137416639380169,0,0
user_596,1,0.9091322490227357,1,1
user_597,1,0.8730490279895677,1,1
user_598,1,0.7973180954911514,1,1
user_599,0,0.13561042224614372,0,0
user_600,0,0.07184754140372794,0,0
user_601,1,0.966799215933406,1,1
user_602,0,0.23757693424844215,0,0
user_603,1,0.9567288144519343,1,1
user_604,1,0.8290574127466493,1,1
user_605,1,0.9208813645014123,1,1
user_606,0,0.09259306456432168,0,0
user_607,0,0.5626805524841892,1,0
user_608,0,0.5990854947955155,1,1
user_609,1,0.6345036789035047,1,1
user_610,1,0.47143406923486725,0,1
user_611,0,0.08569070733216969,0,0
user_612,1,0.6274228963691256,1,0
user_613,1,0.651212428587573,1,1
user_614,1,0.46631335483595326,0,0
user_615,1,0.8339617702907268,1,1
user_616,0,0.09506852492339048,0,0
user_617,0,0.043913647011603114,0,0
user_618,0,0.03246756409781173,0,0
user_619,0,0.09817941212471636,0,0
user_620,0,0.04128307673920927,0,0
user_621,0,0.09145231335944656,0,0
user_622,1,0.9828612108309345,1,1
user_623,1,0.878280589812545,1,1
user_624,1,0.9340755137858948,1,1
user_625,1,0.2621609896478286,0,0
user_626,0,0.0850391754845677,0,0
user_627,1,0.6959471717390414,1,1
user_628,1,0.971894861640826,1,1
user_629,0,0.5615533194127503,1,1
user_630,0,0.10491522818386063,0,0
user_631,1,0.9769695760800012,1,1
user_632,1,0.396571220906142,0,0
user_633,1,0.6417285038301467,1,1
user_634,0,0.5241222287289469,1,0
user_635,0,0.23024577390534665,0,0
user_636,0,0.6954483692632324,1,1
user_637,0,0.46295677726373174,0,1
user_638,1,0.9323368469767707,1,1
user_639,0,0.2540324162293955,0,0
user_640,0,0.15247403009421023,0,0
user_641,0,0.1696079064799486,0,0
user_642,0,0.15019887741491064,0,0
user_643,0,0.07163236853126227,0,0
user_644,1,0.6911994321025289,1,1
user_645,1,0.949600976011227,1,1
user_646,1,0.8674252729625458,1,1
user_647,0,0.8441867320373633,1,1
user_648,1,0.6843554549955487,1,0
user_649,1,0.5966190061764952,1,0
user_650,1,0.829623554209665,1,1
user_651,1,0.6717813154862846,1,1
user_652,0,0.027925764546379253,0,0
user_653,1,0.6052793447611441,1,1
user_654,0,0.13560575949191073,0,0
user_655,1,0.2503899545415834,0,0
user_656,1,0.9471034563022,1,1
user_657,1,0.8965703501192857,1,1
user_658,1,0.9832065932468017,1,1
user_659,0,0.05967207453328081,0,0
user_660,0,0.006656663096460159,0,0
user_661,0,0.1362360254974264,0,0
user_662,1,0.25192339198226904,0,0
user_663,0,0.16309100081354572,0,0
user_664,0,0.1725540993670985,0,0
user_665,0,0.8849261898363115,1,1
user_666,1,0.8482564925245386,1,1
user_667,1,0.9387714051242769,1,1
user_668,1,0.7646922534450319,1,1
user_669,1,0.6049850795333511,1,0
user_670,0,0.06849610300175162,0,0
user_671,0,0.7973784559772028,1,1
user_672,1,0.9605727838461227,1,1
user_673,1,0.6904180967243121,1,1
user_674,1,0.9731057819666667,1,1
user_675,1,0.7558980217736909,1,1
user_676,0,0.36520340010870295,0,0
user_677,0,0.11682233595623998,0,0
user_678,0,0.12073136255975939,0,0
user_679,0,0.2576016126176089,0,0
user_680,0,0.12833813884922363,0,0
user_681,1,0.8810416925240299,1,1
user_682,0,0.1429547715774907,0,0
user_683,1,0.39232869273991305,0,0
user_684,1,0.9029661429874299,1,1
user_685,1,0.9650828151710147,1,1
user_686,0,0.050546132061068276,0,0
user_687,0,0.054467615135687736,0,0
user_688,0,0.30835450413076465,0,0
user_689,1,0.5345705956581884,1,1
user_690,0,0.5353702083673402,1,0
user_691,1,0.6568050417656407,1,1
user_692,0,0.17448421653630886,0,0
user_693,1,0.9800370816703592,1,1
user_694,0,0.1880539095247813,0,0
user_695,0,0.35525850401612097,0,0
user_696,0,0.6879272725591317,1,1
user_697,0,0.0769662513451892,0,0
user_698,1,0.8560975894071657,1,1
user_699,0,0.024456160530878037,0,0
user_700,1,0.8590642380621246,1,1
user_701,0,0.9610567284662943,1,1
user_702,1,0.9474996649168349,1,1
user_703,0,0.07774327084291519,0,0
user_704,0,0.21179308497819246,0,0
user_705,1,0.9054438951523309,1,1
user_706,0,0.12248984235503216,0,0
user_707,0,0.15691581729872459,0,0
user_708,1,0.7562603460130387,1,1
user_709,0,0.08589780716364255,0,0
user_710,1,0.9786975656044823,1,1
user_711,1,0.537127170927391,1,1
user_712,0,0.29227296661385105,0,0
user_713,1,0.3062199820436363,0,0
user_714,0,0.07181024318454872,0,0
user_715,0,0.0404348157361329,0,0
user_716,0,0.2045527549666782,0,0
user_717,1,0.43635838524287757,0,0
user_718,0,0.2962754105105652,0,0
user_719,1,0.7829391114814563,1,1
user_720,0,0.19588044462705703,0,0
user_721,1,0.7737234909433186,1,1
user_722,0,0.4117479191708389,0,0
user_723,0,0.41934472914868115,0,0
user_724,1,0.3764503680558003,0,0
user_725,1,0.9282180345520017,1,1
user_726,1,0.8110220295628956,1,1
user_727,0,0.7889801727211156,1,1
user_728,0,0.048170432337911205,0,0
user_729,1,0.47631826774173286,0,0
user_730,0,0.46940576605464523,0,0
user_731,1,0.7395814100933833,1,1
user_732,0,0.4397354187020925,0,0
user_733,0,0.05901675331473135,0,0
user_734,0,0.18369053095269902,0,0
user_735,0,0.09292282511553038,0,0
user_736,1,0.5734912320790223,1,0
user_737,1,0.903003325287448,1,1
user_738,0,0.404408810032117,0,0
user_739,1,0.9498404438337402,1,1
user_740,1,0.6539562767895261,1,0
user_741,0,0.16682020517181306,0,0
user_742,1,0.6889635772593414,1,1
user_743,0,0.45375245951563575,0,0
user_744,1,0.4354383422643313,0,0
user_745,1,0.926632076382506,1,1
user_746,0,0.144688095117294,0,0
user_747,0,0.08087119843037018,0,0
user_748,0,0.025999730540594807,0,0
user_749,1,0.8322018182910481,1,1
user_750,0,0.15210617251344993,0,0
user_751,1,0.9811177601053999,1,1
user_752,1,0.9684298071274532,1,1
user_753,0,0.0692713364715219,0,0
user_754,0,0.04935410760947254,0,0
user_755,1,0.6691899720566054,1,1
user_756,1,0.8909143592242494,1,1
user_757,1,0.5683398041610644,1,1
user_758,0,0.3470056020700972,0,0
user_759,1,0.9400367352433397,1,1
user_760,1,0.7657034303689064,1,1
user_761,1,0.7733014886387838,1,1
user_762,1,0.8378699612038528,1,1
user_763,1,0.7620688941109867,1,0
user_764,0,0.06779952111374647,0,0
user_765,0,0.22180593034323412,0,0
user_766,1,0.7769351425580523,1,1
user_767,0,0.028588078684688996,0,0
user_768,0,0.7535629075799687,1,1
user_769,0,0.19233537363315067,0,0
user_770,0,0.21779787195867684,0,0
user_771,1,0.9409445495975816,1,1
user_772,1,0.03901925779237976,0,0
user_773,1,0.9446605597814858,1,1
user_774,0,0.3388033680669374,0,0
user_775,1,0.5165601970521867,1,0
user_776,0,0.39988714742964976,0,0
user_777,1,0.9785970047202209,1,1
user_778,0,0.0744084436515829,0,0
user_779,1,0.8274049803635907,1,1
user_780,1,0.14166029812466807,0,0
user_781,0,0.1147456429861289,0,0
user_782,0,0.06389512214807853,0,0
user_783,1,0.8999505694878923,1,1
user_784,1,0.9226503249830577,1,1
user_785,1,0.9359533873076329,1,1
user_786,0,0.11433082884570439,0,0
user_787,0,0.393288715651484,0,0
user_788,0,0.01923586490948684,0,0
user_789,1,0.9521330717772921,1,1
user_790,1,0.730142722781525,1,1
user_791,1,0.9247173734693473,1,1
user_792,1,0.9322911143600521,1,1
user_793,0,0.3509131270815688,0,0
user_794,1,0.3658504937549147,0,0
user_795,0,0.23755750951429752,0,0
user_796,0,0.05775833001767893,0,0
user_797,0,0.07821708200638448,0,0
user_798,0,0.4581034370150913,0,0
user_799,1,0.7426905691174822,1,1
user_800,0,0.03215876289425737,0,0
user_801,1,0.6086915059298452,1,0
user_802,1,0.556873266699921,1,1
user_803,0,0.05695726896977635,0,0
user_804,0,0.4413293161342711,0,0
user_805,1,0.952039872251932,1,1
user_806,0,0.0955543803761999,0,0
user_807,1,0.9534705140113294,1,1
user_808,0,0.10748206635231607,0,0
user_809,0,0.1125597505601434,0,0
user_810,0,0.11168334133361718,0,0
user_811,1,0.9313674422785079,1,1
user_812,1,0.4893263855307065,0,0
user_813,0,0.7346267543739117,1,1
user_814,1,0.69285869601197,1,1
user_815,0,0.1182130149884468,0,0
user_816,0,0.12251705556884379,0,0
user_817,0,0.07907494175145559,0,0
user_818,1,0.1481699296418498,0,0
user_819,0,0.13539596598270123,0,0
user_820,1,0.9768807763110874,1,1
user_821,1,0.7992837703023139,1,1
user_822,1,0.9330764659834877,1,1
user_823,0,0.5540006724744428,1,0
user_824,0,0.13687575029486554,0,0
user_825,1,0.9496427991474725,1,1
user_826,0,0.16953518352061775,0,0
user_827,1,0.6044220861014714,1,1
user_828,0,0.03782002751155518,0,0
user_829,0,0.11289639816944984,0,0
user_830,0,0.15050393685864624,0,0
user_831,1,0.9209762705432667,1,1
user_832,0,0.0472534979067505,0,0
user_833,1,0.955313910973659,1,1
user_834,1,0.9458339577397324,1,1
user_835,1,0.7808313622269005,1,1
user_836,1,0.7991514063136176,1,1
user_837,0,0.3015810837486459,0,0
user_838,0,0.030279771901526857,0,0
user_839,0,0.36618976529323544,0,0
user_840,1,0.8788070995030154,1,1
user_841,0,0.1464905624315408,0,0
user_842,1,0.9423718594655632,1,1
user_843,1,0.6962712809379666,1,1
user_844,1,0.9579219111147819,1,1
user_845,0,0.0819710633225982,0,0
user_846,1,0.9191135682013063,1,1
user_847,0,0.46099314706814665,0,1
user_848,0,0.3556034463205839,0,0
user_849,1,0.4745108643694609,0,1
user_850,1,0.7473852610288082,1,1
user_851,1,0.6456261055041536,1,1
user_852,0,0.046708529663710585,0,0
user_853,1,0.6871782619467218,1,1
user_854,0,0.7110738608125587,1,1
user_855,1,0.932423912533774,1,1
user_856,1,0.8261669444179159,1,1
user_857,1,0.26368100665252747,0,0
user_858,0,0.4586636965374862,0,0
user_859,0,0.03263090052222047,0,0
user_860,0,0.49147424649736016,0,0
user_861,0,0.01877850609450454,0,0
user_862,1,0.8905563614641204,1,1
user_863,0,0.14545248523370488,0,0
user_864,0,0.18235493507451236,0,0
user_865,0,0.08240913085709757,0,0
user_866,1,0.8900836503071319,1,1
user_867,1,0.9731561734587693,1,1
user_868,0,0.5305922644268859,1,0
user_869,1,0.8652478837828973,1,1
user_870,1,0.6304447283927948,1,1
user_871,0,0.17007912791535615,0,0
user_872,0,0.24826906529438172,0,0
user_873,1,0.94482744578526,1,1
user_874,0,0.03631742943731739,0,0
user_875,0,0.13465819729175071,0,0
user_876,0,0.39523291050839715,0,0
user_877,1,0.8742522415917875,1,1
user_878,0,0.12446556520137196,0,0
user_879,1,0.7692985423560359,1,1
user_880,1,0.9530897390143823,1,1
user_881,0,0.7523775263979425,1,1
user_882,1,0.9018682210933264,1,1
user_883,0,0.04722547176528893,0,0
user_884,0,0.6010430511818927,1,0
user_885,1,0.916195083589509,1,1
user_886,0,0.36133898560014716,0,0
user_887,0,0.25329645733145645,0,0
user_888,1,0.37396277209039697,0,0
user_889,1,0.8663806932728075,1,1
user_890,0,0.03188840380692537,0,0
user_891,1,0.8537241393709941,1,1
user_892,1,0.3034997187740227,0,0
user_893,0,0.10519543542594527,0,0
user_894,1,0.9456024459852717,1,1
user_895,0,0.6001185764573403,1,0
user_896,1,0.8860878376619413,1,1
user_897,0,0.14280636232492566,0,0
user_898,1,0.8096113445163584,1,1
user_899,0,0.04304067307728742,0,0
user_900,0,0.07305053063805127,0,0
user_901,0,0.032151856896757765,0,0
user_902,0,0.1920473138912756,0,0
user_903,1,0.6670275856708391,1,1
user_904,0,0.25358251299639145,0,0
user_905,1,0.9445498268155225,1,1
user_906,1,0.4773125129782438,0,0
user_907,1,0.6122074348890781,1,1
user_908,0,0.24330820370434816,0,0
user_909,1,0.46299640373014495,0,0
user_910,1,0.8819285364537062,1,1
user_911,0,0.6642610091063349,1,0
user_912,1,0.5024875112847422,1,0
user_913,1,0.37732216144930264,0,0
user_914,1,0.619225859843881,1,1
user_915,1,0.6258071689803136,1,0
user_916,1,0.9682971749901994,1,1
user_917,1,0.8938808603370931,1,1
user_918,0,0.12157545896087392,0,0
user_919,0,0.5616474421291466,1,0
user_920,1,0.6149497146835999,1,0
user_921,1,0.7315653168582503,1,1
user_922,1,0.973129991117715,1,1
user_923,0,0.0934908956682801,0,0
user_924,0,0.0819698590402599,0,0
user_925,1,0.4212840714526267,0,0
user_926,1,0.916620464664612,1,1
user_927,0,0.21470314413824165,0,0
user_928,0,0.03425448382471176,0,0
user_929,0,0.3218669747131766,0,0
user_930,1,0.7850835735384839,1,1
user_931,1,0.8837609648487582,1,1
user_932,1,0.9564690445930905,1,1
user_933,0,0.45852437666414164,0,0
user_934,0,0.1526761906126153,0,0
user_935,0,0.43319361362299524,0,0
user_936,0,0.06950764180091538,0,0
user_937,1,0.6623788346969648,1,0
user_938,1,0.843453784124629,1,1
user_939,1,0.905257561171303,1,1
user_940,1,0.838225247526093,1,1
user_941,1,0.9556868207322422,1,1
user_942,0,0.2208738534781526,0,0
user_943,1,0.7996953172006559,1,1
user_944,1,0.9377874913122628,1,1
user_945,0,0.4346846388752646,0,0
user_946,0,0.06413909283682592,0,0
user_947,1,0.6836822022630821,1,1
user_948,1,0.777726928497875,1,1
user_949,1,0.7482934831536032,1,1
user_950,0,0.06260570893046874,0,0
user_951,0,0.3866650240975313,0,0
user_952,0,0.09945937368397507,0,0
user_953,0,0.2749886844037052,0,0
user_954,0,0.7353866749362421,1,1
user_955,1,0.9476500838719416,1,1
user_956,1,0.9661521007559033,1,1
user_957,0,0.0913705114792375,0,0
user_958,0,0.24761169738629227,0,0
user_959,0,0.020068505703975045,0,0
user_960,0,0.299277125228565,0,0
user_961,1,0.5141467562117856,1,0
user_962,0,0.08461140991461069,0,0
user_963,1,0.7432162011744657,1,1
user_964,1,0.7033051268336942,1,1
user_965,1,0.9273214161745109,1,1
user_966,1,0.9313495373699207,1,1
user_967,1,0.5695624628676403,1,1
user_968,1,0.8817291269846561,1,1
user_969,0,0.6452744469027778,1,1
user_970,1,0.9067766796863954,1,1
user_971,0,0.449015625197593,0,0
user_972,1,0.9424961890081461,1,1
user_973,0,0.08247316567107003,0,0
user_974,0,0.12070623998773458,0,0
user_975,0,0.15838166459138284,0,0
user_976,0,0.02053270216523316,0,0
user_977,0,0.1790105353708086,0,0
user_978,0,0.7571210803296389,1,0
user_979,0,0.12166915830345391,0,0
user_980,0,0.37542946136868066,0,0
user_981,1,0.7766460175220422,1,1
user_982,0,0.057703024679727016,0,0
user_983,0,0.03611838285240276,0,0
user_984,0,0.03678955324687512,0,0
user_985,1,0.5310246914087472,1,0
user_986,0,0.8084629421562517,1,1
user_987,0,0.27027587375042894,0,0
user_988,0,0.10004698143406111,0,0
user_989,0,0.20361154364935444,0,0
user_990,0,0.040504280452479315,0,0
user_991,1,0.6006283157861554,1,0
user_992,1,0.9501413197448575,1,1
user_993,0,0.13891912051119348,0,0
user_994,0,0.12861784552416478,0,0
user_995,1,0.8442774623023859,1,1
user_996,0,0.2840247333103353,0,0
user_997,1,0.5445682071426478,1,1
user_998,0,0.40937992041249877,0,0
user_999,1,0.7995558917163219,1,1
user_1000,0,0.25167976393286656,0,0
user_1001,1,0.625674244415046,1,1
user_1002,0,0.2668359612528731,0,0
user_1003,1,0.4340169348087068,0,0
user_1004,0,0.9266597925427112,1,1
user_1005,1,0.4326442795443772,0,0
user_1006,1,0.665491045614922,1,0
user_1007,1,0.967336738082333,1,1
user_1008,0,0.15116429820797936,0,0
user_1009,0,0.17543308288112228,0,0
user_1010,1,0.7077483729766965,1,1
user_1011,0,0.0337938402129985,0,0
user_1012,0,0.037597850447897686,0,0
user_1013,0,0.062279479475822574,0,0
user_1014,1,0.33865332965498,0,0
user_1015,1,0.919831204885504,1,1
user_1016,1,0.9503514381274101,1,1
user_1017,0,0.20351258048460932,0,0
user_1018,1,0.9737071121611367,1,1
user_1019,1,0.917065957876609,1,1
user_1020,1,0.6777450571261141,1,1
user_1021,0,0.13223562533229113,0,0
user_1022,0,0.24037300804754716,0,0
user_1023,1,0.5597780541857919,1,1
user_1024,1,0.670720436544234,1,1
user_1025,0,0.02868772118214863,0,0
user_1026,0,0.4899521488585241,0,0
user_1027,0,0.03817629575902952,0,0
user_1028,0,0.03549314835206673,0,0
user_1029,0,0.13019184900821024,0,0
user_1030,0,0.2549666383892527,0,0
user_1031,1,0.8197796703417924,1,1
user_1032,0,0.17220241401690306,0,0
user_1033,1,0.6927197199824805,1,1
user_1034,1,0.8400151235466199,1,1
user_1035,0,0.32197496850331947,0,0
user_1036,1,0.9025252133124491,1,1
user_1037,1,0.9457126043458071,1,1
user_1038,0,0.6766841868994711,1,1
user_1039,1,0.8682139921983933,1,1
user_1040,1,0.9645274048705736,1,1
user_1041,0,0.12570872477483797,0,0
user_1042,0,0.3034875061076099,0,0
user_1043,0,0.40461046126286027,0,0
user_1044,0,0.27460364980669494,0,0
user_1045,0,0.08760847207573282,0,0
user_1046,1,0.8207957286517527,1,1
user_1047,0,0.1837997857081663,0,0
user_1048,0,0.4842383009508419,0,1
user_1049,1,0.9058783863566604,1,1
user_1050,0,0.07438024039179415,0,0
user_1051,1,0.9482794160695558,1,1
user_1052,0,0.016400840407690197,0,0
user_1053,0,0.2583699183076375,0,0
user_1054,1,0.28504647680643413,0,0
user_1055,1,0.8929419518674913,1,1
user_1056,0,0.2941716063901822,0,0
user_1057,0,0.08486528259521477,0,0
user_1058,0,0.49142474001379666,0,1
user_1059,1,0.9046582547162817,1,1
user_1060,0,0.03920469616701549,0,0
user_1061,1,0.9123942051019666,1,1
user_1062,1,0.3092207523660752,0,0
user_1063,0,0.6020142206754346,1,1
user_1064,0,0.7950199927182298,1,1
user_1065,1,0.9614967136512348,1,1
user_1066,0,0.7613382336743015,1,1
user_1067,1,0.45189598754550653,0,0
user_1068,1,0.9192149792740317,1,1
user_1069,0,0.11105943127375445,0,0
user_1070,1,0.8166082126116248,1,1
user_1071,1,0.8842959823665884,1,1
user_1072,1,0.8749452949338296,1,1
user_1073,0,0.1027327380198394,0,0
user_1074,1,0.9731774086164361,1,1
user_1075,1,0.7478116384309529,1,1
user_1076,0,0.03403588181274852,0,0
user_1077,1,0.203777488690566,0,0
user_1078,1,0.9336046874704619,1,1
user_1079,0,0.20323613205666266,0,0
user_1080,0,0.18705364751803233,0,0
user_1081,0,0.03868570478560191,0,0
user_1082,0,0.008131742586806308,0,0
user_1083,0,0.28211128070746033,0,0
user_1084,1,0.6520108137337807,1,1
user_1085,1,0.8674635478732639,1,1
user_1086,1,0.9560122713024054,1,1
user_1087,0,0.3075014395398087,0,0
user_1088,0,0.5647333016360166,1,0
user_1089,1,0.7979875371997177,1,1
user_1090,1,0.9433574055227975,1,1
user_1091,0,0.2701299281933703,0,0
user_1092,0,0.08544386534856369,0,0
user_1093,0,0.36491930415640234,0,0
user_1094,0,0.6783381296749899,1,1
user_1095,1,0.6667934666249938,1,0
user_1096,0,0.4850736735836383,0,0
user_1097,0,0.3304039539733294,0,0
user_1098,1,0.6371397220270825,1,1
user_1099,0,0.04144813050369811,0,0
user_1100,0,0.5127278292654105,1,1
user_1101,0,0.007995408548261373,0,0
user_1102,0,0.7937821711251313,1,1
user_1103,1,0.6828221926502959,1,1
user_1104,0,0.03507495562173248,0,0
user_1105,0,0.06378920539735286,0,0
user_1106,1,0.9407981646645138,1,1
user_1107,0,0.10250750205644246,0,0
user_1108,0,0.11043769687267989,0,0
user_1109,0,0.7324908585686596,1,1
user_1110,1,0.8625241799633246,1,1
user_1111,0,0.23606888439280174,0,0
user_1112,0,0.10771967276558965,0,0
user_1113,0,0.29020913404532145,0,0
user_1114,0,0.02208067498084508,0,0
user_1115,1,0.7759975548892252,1,1
user_1116,1,0.8263619724917403,1,1
user_1117,0,0.35996024909899665,0,0
user_1118,1,0.36751399125259954,0,0
user_1119,0,0.6121355671336207,1,1
user_1120,1,0.6508664376076679,1,0
user_1121,0,0.3366590079257998,0,0
user_1122,0,0.0623811747334116,0,0
user_1123,0,0.5034235290854114,1,0
user_1124,0,0.054499573164148905,0,0
user_1125,1,0.9462954767171613,1,1
user_1126,1,0.5994441803376415,1,0
user_1127,1,0.9481759286182468,1,1
user_1128,0,0.6781758626034118,1,1
user_1129,1,0.3308320186145622,0,0
user_1130,0,0.01760840421493194,0,0
user_1131,0,0.14274117472117792,0,0
user_1132,1,0.8773141514199193,1,1
user_1133,1,0.88957399404065,1,1
user_1134,0,0.06849077875120423,0,0
user_1135,0,0.3760496768867494,0,0
user_1136,0,0.10347363388194274,0,0
user_1137,1,0.6088872262908502,1,1
user_1138,0,0.6978670664658412,1,1
user_1139,0,0.01916487983830302,0,0
user_1140,0,0.20006710428091745,0,0
user_1141,1,0.9245740937051119,1,1
user_1142,0,0.23909998586805473,0,0
user_1143,0,0.06781997334199662,0,0
user_1144,0,0.05547459391038602,0,0
user_1145,1,0.6970560342023898,1,1
user_1146,1,0.44263062110197554,0,0
user_1147,0,0.0940083856718409,0,0
user_1148,0,0.9235358779146471,1,1
user_1149,1,0.24359904190262427,0,0
user_1150,0,0.0433318164678796,0,0
user_1151,0,0.0513247764043858,0,0
user_1152,1,0.2756015305599685,0,0
user_1153,1,0.8900016434932269,1,1
user_1154,1,0.5069119899400382,1,0
user_1155,0,0.2850269252045203,0,0
user_1156,0,0.016542676971932214,0,0
user_1157,0,0.08690833253303398,0,0
user_1158,1,0.5313021201271547,1,0
user_1159,0,0.06061667761647318,0,0
user_1160,0,0.057863071270530864,0,0
user_1161,1,0.902536776426969,1,1
user_1162,0,0.32925675713907393,0,0
user_1163,1,0.5931841870017988,1,1
user_1164,0,0.015200648099911392,0,0
user_1165,0,0.09586292274359966,0,0
user_1166,1,0.9668377374624997,1,1
user_1167,0,0.06041267755272916,0,0
user_1168,1,0.7985346451804933,1,1
user_1169,0,0.26181483731245503,0,0
user_1170,1,0.7081657355725622,1,1
user_1171,1,0.7763931824790199,1,1
user_1172,1,0.38377628721823553,0,0
user_1173,1,0.8185663378151327,1,0
user_1174,0,0.056921395039238286,0,0
user_1175,0,0.19263015250350396,0,0
user_1176,1,0.930033352663177,1,1
user_1177,0,0.02787982628498345,0,0
user_1178,1,0.6292207592434857,1,1
user_1179,1,0.7799954803487879,1,1
user_1180,1,0.789759860473475,1,1
user_1181,1,0.7155163169829988,1,1
user_1182,0,0.3106001815299165,0,0
user_1183,0,0.6976925934010044,1,1
user_1184,0,0.09419775108382139,0,0
user_1185,1,0.7291678532769459,1,0
user_1186,0,0.38548748014894374,0,0
user_1187,0,0.45835143714253274,0,0
user_1188,1,0.7008643898736421,1,1
user_1189,1,0.7149434774976162,1,0
user_1190,0,0.3264193300323711,0,0
user_1191,1,0.9743965518654867,1,1
user_1192,0,0.20141360904898803,0,0
user_1193,1,0.8993385205015174,1,1
user_1194,1,0.5530322956677581,1,0
user_1195,1,0.749423420441531,1,1
user_1196,0,0.07907713164316199,0,0
user_1197,1,0.944599029386942,1,1
user_1198,1,0.956872089955545,1,1
user_1199,0,0.19118966258600695,0,0
user_1200,0,0.6243198731709589,1,0
user_1201,1,0.851565346999988,1,1
user_1202,1,0.9404426640224047,1,1
user_1203,1,0.45899142950296323,0,0
user_1204,0,0.5472336618426187,1,0
user_1205,0,0.07166965261356979,0,0
user_1206,1,0.5407617169413661,1,0
user_1207,1,0.4913379841928108,0,0
user_1208,0,0.5572202771711684,1,0
user_1209,1,0.6426047814247101,1,1
user_1210,1,0.9376197598647478,1,1
user_1211,0,0.3206609497161667,0,0
user_1212,1,0.9539818695116514,1,1
user_1213,0,0.5012555919240879,1,1
user_1214,0,0.16865641491226996,0,0
user_1215,1,0.788895577047851,1,1
user_1216,1,0.9440335270788311,1,1
user_1217,0,0.03508026316230811,0,0
user_1218,1,0.7334823394253762,1,1
user_1219,0,0.15784072938418597,0,0
user_1220,0,0.13230825616028433,0,0
user_1221,0,0.12740770941183682,0,0
user_1222,0,0.20076356950605104,0,0
user_1223,0,0.023948941450167432,0,0
user_1224,0,0.49704908839960127,0,0
user_1225,0,0.13116093962571068,0,0
user_1226,1,0.9297082632086862,1,1
user_1227,0,0.2681454176444982,0,0
user_1228,0,0.5142902575832033,1,1
user_1229,1,0.7703673030183676,1,1
user_1230,1,0.5512251010702733,1,1
user_1231,1,0.7082106219779801,1,0
user_1232,1,0.5794552627041546,1,1
user_1233,0,0.03077556792174495,0,0
user_1234,1,0.6066083149941283,1,1
user_1235,0,0.8626150096065152,1,1
user_1236,0,0.7200037897589033,1,1
user_1237,0,0.1572559311558504,0,0
user_1238,1,0.9114281700084941,1,1
user_1239,0,0.8721678119541076,1,1
user_1240,1,0.944211154979133,1,1
user_1241,1,0.7415643668023746,1,1
user_1242,0,0.3910356709374381,0,0
user_1243,0,0.1295870473720736,0,0
user_1244,1,0.8178694923002839,1,1
user_1245,1,0.8634165932109871,1,1
user_1246,1,0.7474089100565464,1,1
user_1247,1,0.9655560207731243,1,1
user_1248,1,0.9468074505442816,1,1
user_1249,0,0.0736562737674844,0,0
user_1250,1,0.5034845351663448,1,0
user_1251,0,0.5383558971011929,1,0
user_1252,0,0.32804005043270273,0,0
user_1253,0,0.46223292214694633,0,0
user_1254,0,0.13911816302549462,0,0
user_1255,1,0.47494902298519925,0,0
user_1256,0,0.1185898240706126,0,0
user_1257,0,0.04615084009145147,0,0
user_1258,1,0.44031792365714323,0,0
user_1259,0,0.1863325858764579,0,0
user_1260,1,0.7930331727487114,1,1
user_1261,0,0.07001190431915717,0,0
user_1262,0,0.023048138514686015,0,0
user_1263,0,0.13919745477100687,0,0
user_1264,0,0.38446006443809233,0,0
user_1265,1,0.8546859711843516,1,1
user_1266,0,0.0980257436727666,0,0
user_1267,0,0.3738408967700872,0,0
user_1268,0,0.6807239290035672,1,1
user_1269,1,0.2959438688270898,0,0
user_1270,0,0.08347541853547163,0,0
user_1271,1,0.2589108506863781,0,0
user_1272,1,0.6678933484732398,1,1
user_1273,0,0.21857324731300007,0,0
user_1274,1,0.9188081574049604,1,1
user_1275,0,0.3372469557674079,0,0
user_1276,1,0.7406964806322404,1,1
user_1277,0,0.12830139726756418,0,0
user_1278,1,0.7179656490778199,1,1
user_1279,1,0.8494709601892783,1,1
user_1280,1,0.9234556446071764,1,1
user_1281,1,0.29384356036120757,0,0
user_1282,1,0.9686157599106034,1,1
user_1283,0,0.4742135991184054,0,0
user_1284,0,0.008981058121918637,0,0
user_1285,0,0.025450280839407834,0,0
user_1286,0,0.1501625420132431,0,0
user_1287,1,0.9797978589707138,1,1
user_1288,0,0.5692516224067541,1,1
user_1289,0,0.07964692886066263,0,0
user_1290,0,0.10886491510597703,0,0
user_1291,1,0.9349983446718937,1,1
user_1292,0,0.23327428723756047,0,0
user_1293,0,0.5575258252788561,1,0
user_1294,1,0.5742503013777861,1,1
user_1295,0,0.41803727410882296,0,0
user_1296,1,0.2914341276197391,0,0
user_1297,1,0.901388986601345,1,1
user_1298,0,0.061554065888334425,0,0
user_1299,0,0.39845809221412776,0,0
user_1300,1,0.49783706835415614,0,0
user_1301,0,0.08801340082846436,0,0
user_1302,1,0.8385388884893006,1,1
user_1303,1,0.7613668137581404,1,1
user_1304,1,0.8978468903671342,1,1
user_1305,0,0.1343802322283804,0,0
user_1306,0,0.5826800099060857,1,0
user_1307,0,0.19428831806747698,0,0
user_1308,0,0.05469046741891138,0,0
user_1309,0,0.39906444126916746,0,0
user_1310,0,0.13579523174085567,0,0
user_1311,0,0.15610497545021548,0,0
user_1312,1,0.9039528576418389,1,1
user_1313,1,0.6947749470045531,1,0
user_1314,0,0.11329744407439395,0,0
user_1315,0,0.038187160397474273,0,0
user_1316,1,0.19750421479449842,0,0
user_1317,0,0.31863155566605883,0,0
user_1318,1,0.7229205240151458,1,1
user_1319,1,0.6784704256230556,1,1
user_1320,0,0.18213836729444888,0,0
user_1321,1,0.8543684143640687,1,1
user_1322,1,0.8981263501259537,1,1
user_1323,1,0.24780486876137942,0,0
user_1324,1,0.37420441433291424,0,0
user_1325,1,0.6443382520384126,1,1
user_1326,0,0.02157938808208655,0,0
user_1327,0,0.09129907531205805,0,0
user_1328,1,0.889187135457322,1,1
user_1329,0,0.06178158658535374,0,0
user_1330,0,0.1614630772318847,0,0
user_1331,1,0.9790287016323425,1,1
user_1332,0,0.08822337946730062,0,0
user_1333,1,0.6864645216110986,1,1
user_1334,0,0.14344883294293226,0,0
user_1335,0,0.29342999883872506,0,0
user_1336,1,0.9281890623030499,1,1
user_1337,0,0.21117703747087746,0,0
user_1338,0,0.02414084454808716,0,0
user_1339,1,0.981466575394197,1,1
user_1340,0,0.2715536759906369,0,0
user_1341,1,0.6811067272522231,1,1
user_1342,0,0.16682396616828488,0,0
user_1343,0,0.17781374460865046,0,0
user_1344,0,0.06934541455377798,0,0
user_1345,0,0.007503148131544523,0,0
user_1346,0,0.062188585895315555,0,0
user_1347,1,0.6566265571465195,1,1
user_1348,0,0.3830477220967836,0,0
user_1349,0,0.5952591329055182,1,0
user_1350,0,0.2500176850154039,0,0
user_1351,1,0.9379451980067299,1,1
user_1352,1,0.9493677602777779,1,1
user_1353,1,0.7564508072302626,1,1
user_1354,1,0.4627621236094522,0,0
user_1355,0,0.4342113256181864,0,0
user_1356,0,0.06406874311887845,0,0
user_1357,0,0.7752039670892343,1,1
user_1358,0,0.146016121103852,0,0
user_1359,0,0.5089587346575419,1,1
user_1360,1,0.6496743417999267,1,1
user_1361,0,0.0690742995565063,0,0
user_1362,1,0.9203016098358038,1,1
user_1363,1,0.9320272154759931,1,1
user_1364,0,0.27721333187594327,0,0
user_1365,1,0.8166978153383998,1,1
user_1366,1,0.4747929596741376,0,0
user_1367,0,0.4059946283731683,0,0
user_1368,0,0.5036146078227699,1,1
user_1369,1,0.5288023912839762,1,1
user_1370,0,0.06924159353711194,0,0
user_1371,1,0.7519097395328634,1,1
user_1372,0,0.8373414384781726,1,1
user_1373,0,0.1292924434590165,0,0
user_1374,1,0.9568762853528949,1,1
user_1375,0,0.028062504425930772,0,0
user_1376,0,0.08249968287088029,0,0
user_1377,0,0.3262249188089414,0,0
user_1378,1,0.8646571721655956,1,1
user_1379,0,0.8775452659421821,1,1
user_1380,0,0.3396915363319924,0,0
user_1381,0,0.5878158534318432,1,0
user_1382,1,0.8834610247994598,1,1
user_1383,0,0.29169567155540504,0,0
user_1384,0,0.29865128107927413,0,0
user_1385,0,0.3110871027321535,0,0
user_1386,1,0.7533019624853797,1,1
user_1387,1,0.951929255185367,1,1
user_1388,0,0.08447989099630991,0,0
user_1389,1,0.9620318799339566,1,1
user_1390,1,0.2700243938903381,0,0
user_1391,1,0.933984824842998,1,1
user_1392,1,0.9077696500945871,1,1
user_1393,1,0.3535877379784246,0,0
user_1394,0,0.3199936286140612,0,0
user_1395,1,0.3081374919161255,0,0
user_1396,0,0.5031968920990099,1,1
user_1397,0,0.17607887260639168,0,0
user_1398,1,0.6322656469487583,1,1
user_1399,1,0.7705278213006682,1,1
user_1400,0,0.04357155499952697,0,0
user_1401,0,0.07840827413179806,0,0
user_1402,0,0.6959682723152675,1,1
user_1403,1,0.6991014224710685,1,1
user_1404,0,0.20593783690270706,0,0
user_1405,0,0.9155712715909335,1,1
user_1406,1,0.9094828664093304,1,1
user_1407,1,0.9668163998247266,1,1
user_1408,0,0.36783672937138306,0,0
user_1409,0,0.4352220556742176,0,1
user_1410,0,0.05513124386164961,0,0
user_1411,1,0.9048082012444898,1,1
user_1412,0,0.19402432784496856,0,0
user_1413,0,0.09913377894763298,0,0
user_1414,1,0.9118593621362305,1,1
user_1415,0,0.3463482605705652,0,0
user_1416,0,0.0584354036915724,0,0
user_1417,1,0.4949469015123382,0,0
user_1418,0,0.20704593155378656,0,0
user_1419,0,0.15069595900086663,0,0
user_1420,0,0.5154035657137169,1,0
user_1421,0,0.2046147662756908,0,0
user_1422,1,0.8457558078383265,1,1
user_1423,0,0.036622475564710905,0,0
user_1424,0,0.059556401742997436,0,0
user_1425,0,0.20558727022306836,0,0
user_1426,0,0.04102629583657499,0,0
user_1427,1,0.6308854431257177,1,0
user_1428,0,0.3190052607442293,0,0
user_1429,0,0.2700850882753347,0,0
user_1430,0,0.4216759364264878,0,1
user_1431,0,0.15684213818525028,0,0
user_1432,0,0.2321731353229893,0,0
user_1433,0,0.5482439383301386,1,1
user_1434,0,0.4812579056831275,0,0
user_1435,1,0.44254947282498497,0,0
user_1436,0,0.27550508037388927,0,0
user_1437,1,0.9800157989278523,1,1
user_1438,1,0.9172484947677717,1,1
user_1439,0,0.7883126283848646,1,1
user_1440,1,0.4789647226168407,0,0
user_1441,1,0.9171265803154385,1,1
user_1442,1,0.8195030900744221,1,1
user_1443,1,0.9522054767902568,1,1
user_1444,0,0.028757397857755638,0,0
user_1445,1,0.6251496605837611,1,1
user_1446,0,0.08261487487003981,0,0
user_1447,0,0.2765708408676939,0,0
user_1448,0,0.44718578603866194,0,0
user_1449,0,0.45355428661014247,0,1
user_1450,1,0.8175862057285997,1,1
user_1451,1,0.5141202630043271,1,0
user_1452,1,0.5050665453800284,1,0
user_1453,1,0.8351529672622972,1,1
user_1454,0,0.0555387422052919,0,0
user_1455,0,0.17220635582076946,0,0
user_1456,0,0.13195012939282602,0,0
user_1457,0,0.05476423654452451,0,0
user_1458,1,0.4164897236267647,0,0
user_1459,0,0.5487851656565387,1,0
user_1460,1,0.4583595626761296,0,1
user_1461,0,0.09508805958166676,0,0
user_1462,0,0.6727149638154208,1,1
user_1463,1,0.94713514123777,1,1
user_1464,1,0.8879053784312678,1,1
user_1465,1,0.9673528209547118,1,1
user_1466,1,0.7991861790586047,1,1
user_1467,1,0.7600662784033525,1,1
user_1468,0,0.09603971244958474,0,0
user_1469,0,0.2789211291069151,0,0
user_1470,1,0.9252514711257218,1,1
user_1471,1,0.9518760668986153,1,1
user_1472,0,0.48811602070914895,0,0
user_1473,0,0.8289462042498246,1,1
user_1474,0,0.8829020263568093,1,1
user_1475,1,0.9189883314987024,1,1
user_1476,0,0.5232564142152386,1,0
user_1477,0,0.3662173014410627,0,0
user_1478,1,0.9575532902789596,1,1
user_1479,0,0.18708613636982488,0,0
user_1480,1,0.8172093549675022,1,1
user_1481,0,0.05590212092638343,0,0
user_1482,1,0.9763420146894316,1,1
user_1483,1,0.8476486197599831,1,1
user_1484,0,0.30603937519426905,0,0
user_1485,1,0.7774557856648506,1,1
user_1486,0,0.04832004871527873,0,0
user_1487,0,0.22328691772339293,0,0
user_1488,0,0.45481129937911374,0,0
user_1489,0,0.161184436044888,0,0
user_1490,1,0.8414093316036133,1,1
user_1491,1,0.756145325184558,1,1
user_1492,1,0.8036216808640196,1,1
user_1493,0,0.5701271429149389,1,0
user_1494,1,0.7528976713913519,1,1
user_1495,0,0.5499631955487873,1,0
user_1496,1,0.8801514437489592,1,1
user_1497,1,0.7982309038609449,1,1
user_1498,0,0.10760347309466445,0,0
user_1499,1,0.9729684002438738,1,1
user_1500,0,0.1332188993912348,0,0
user_1501,0,0.20158413219074575,0,0
user_1502,0,0.5921633891984315,1,1
user_1503,1,0.4622280785761764,0,0
user_1504,0,0.20421202530258786,0,0
user_1505,1,0.7981697071608094,1,1
user_1506,1,0.8288858058925342,1,1
user_1507,0,0.23306537646232858,0,0
user_1508,1,0.9149291471512813,1,1
user_1509,1,0.6476201813591199,1,1
user_1510,0,0.5992006905591623,1,0
user_1511,1,0.5549375347032798,1,1
user_1512,1,0.2865547085139034,0,0
user_1513,1,0.9120887099382622,1,1
user_1514,1,0.7904512117274973,1,1
user_1515,0,0.05903253840826272,0,0
user_1516,0,0.03606533106399712,0,0
user_1517,0,0.04028097658715566,0,0
user_1518,1,0.6023874807297137,1,0
user_1519,0,0.08367545304314641,0,0
user_1520,0,0.04180337641033332,0,0
user_1521,0,0.13551379261154162,0,0
user_1522,0,0.07571324979005825,0,0
user_1523,1,0.9241940325932203,1,1
user_1524,1,0.7353261621314781,1,1
user_1525,0,0.34832387822218436,0,0
user_1526,0,0.26348570428537116,0,0
user_1527,0,0.35975406066820004,0,0
user_1528,0,0.019787068359689946,0,0
user_1529,0,0.4003708978864788,0,0
user_1530,0,0.5736902412902319,1,1
user_1531,1,0.9805895703986732,1,1
user_1532,0,0.5853420471535911,1,0
user_1533,1,0.8366440101628342,1,1
user_1534,0,0.6498066693595713,1,1
user_1535,0,0.04469985883053184,0,0
user_1536,1,0.6838022709273412,1,1
user_1537,0,0.0571668835936961,0,0
user_1538,1,0.5792828007302081,1,0
user_1539,1,0.6323415829819493,1,1
user_1540,0,0.03294043885152941,0,0
user_1541,0,0.26493896746817935,0,0
user_1542,1,0.9490650942274896,1,1
user_1543,0,0.0961850454286987,0,0
user_1544,0,0.07462258185367938,0,0
user_1545,1,0.40716092265048986,0,0
user_1546,0,0.03113094749624511,0,0
user_1547,1,0.9758498970891755,1,1
user_1548,0,0.35893800960018235,0,0
user_1549,0,0.24752924362592188,0,0
user_1550,1,0.9513447507285973,1,1
user_1551,1,0.9523739137588342,1,1
user_1552,0,0.13249316728401508,0,0
user_1553,0,0.014466598873896416,0,0
user_1554,1,0.5179371795836168,1,1
user_1555,1,0.7806389811460933,1,1
user_1556,0,0.15298312073182282,0,0
user_1557,0,0.3396922106250428,0,0
user_1558,1,0.6124805406747407,1,1
user_1559,1,0.8579321058299217,1,1
user_1560,0,0.03795007000173154,0,0
user_1561,1,0.6779061990004268,1,0
user_1562,1,0.9436340725673218,1,1
user_1563,0,0.024081298227487415,0,0
user_1564,1,0.3050176611253131,0,0
user_1565,1,0.5384154907366487,1,1
user_1566,0,0.32036102365144686,0,0
user_1567,1,0.5802237096510565,1,0
user_1568,1,0.8596125058011169,1,1
user_1569,1,0.3712526346169663,0,0
user_1570,1,0.42139326987612075,0,0
user_1571,0,0.49973228618128424,0,0
user_1572,0,0.04786189228676255,0,0
user_1573,0,0.2852207209202319,0,0
user_1574,1,0.8720467959994507,1,1
user_1575,0,0.07658614612454118,0,0
user_1576,1,0.80531550092418,1,1
user_1577,0,0.11044511262624873,0,0
user_1578,0,0.05814463079611195,0,0
user_1579,0,0.01832732874554945,0,0
user_1580,0,0.026684874886795072,0,0
user_1581,0,0.12476250081811607,0,0
user_1582,1,0.9322783334064396,1,1
user_1583,1,0.8281675870222962,1,1
user_1584,1,0.9173660461687825,1,1
user_1585,1,0.18089622609749664,0,0
user_1586,1,0.9138645914252036,1,1
user_1587,0,0.5467240935110581,1,1
user_1588,1,0.8546373677515078,1,1
user_1589,0,0.08744598330623289,0,0
user_1590,0,0.04799203032627897,0,0
user_1591,1,0.7891113695895939,1,1
user_1592,1,0.7405430782171024,1,0
user_1593,1,0.8105806788954872,1,1
user_1594,0,0.011632436419699087,0,0
user_1595,1,0.6955107431481827,1,1
user_1596,0,0.160410759773251,0,0
user_1597,1,0.8398128270166753,1,1
user_1598,1,0.8208089861594097,1,1
user_1599,1,0.6834722544094709,1,0
user_1600,1,0.9318987149912116,1,1
user_1601,1,0.6456604414425429,1,1
user_1602,1,0.9465077030031822,1,1
user_1603,0,0.7511139372938649,1,1
user_1604,1,0.787314096107739,1,1
user_1605,1,0.8455103816582563,1,1
user_1606,0,0.48005648363573705,0,0
user_1607,0,0.11588355809865557,0,0
user_1608,0,0.12641576939036067,0,0
user_1609,0,0.1539552060930664,0,0
user_1610,0,0.019267911821395825,0,0
user_1611,0,0.3417746315761894,0,0
user_1612,0,0.07712179612829748,0,0
user_1613,0,0.05790878854964553,0,0
user_1614,0,0.7039314300895019,1,1
user_1615,0,0.088176995679159,0,0
user_1616,1,0.800694143141485,1,1
user_1617,1,0.522459593307019,1,1
user_1618,0,0.09251860711357272,0,0
user_1619,0,0.1822261654865547,0,0
user_1620,1,0.6828137634169572,1,1
user_1621,1,0.951440171116649,1,1
user_1622,0,0.20626285400590255,0,0
user_1623,0,0.2326545849013092,0,0
user_1624,1,0.9659216469585579,1,1
user_1625,0,0.3775259191253529,0,0
user_1626,1,0.6164432653481416,1,0
user_1627,0,0.6832710103535851,1,1
user_1628,0,0.3321015743177604,0,0
user_1629,1,0.7486715830343136,1,1
user_1630,0,0.13583065989117932,0,0
user_1631,1,0.5069310538555856,1,0
user_1632,0,0.4859630234014994,0,0
user_1633,1,0.4375318345978701,0,0
user_1634,1,0.6870381944345854,1,0
user_1635,0,0.030038354592353305,0,0
user_1636,1,0.9474047531143369,1,1
user_1637,0,0.04890728813248544,0,0
user_1638,1,0.6093884341571525,1,0
user_1639,0,0.059261037449809574,0,0
user_1640,1,0.5087777360045754,1,0
user_1641,1,0.9066335965445101,1,1
user_1642,0,0.336976752988138,0,0
user_1643,0,0.03293044525621467,0,0
user_1644,1,0.9272567266541262,1,1
user_1645,1,0.9493955146439637,1,1
user_1646,1,0.45056360798117284,0,1
user_1647,1,0.7712452328712718,1,0
user_1648,1,0.9288213997879962,1,1
user_1649,0,0.2929233679091061,0,0
user_1650,1,0.7001138090630952,1,1
user_1651,1,0.6494588697418847,1,1
user_1652,0,0.019902743881646357,0,0
user_1653,0,0.07704279539687398,0,0
user_1654,0,0.08729006029582599,0,0
user_1655,1,0.6104419597730636,1,1
user_1656,1,0.2966394252714329,0,0
user_1657,0,0.13878037248414607,0,0
user_1658,1,0.6959329831619868,1,1
user_1659,1,0.9408307821877967,1,1
user_1660,1,0.7525340667589181,1,1
user_1661,1,0.7700059887286295,1,1
user_1662,1,0.9004073748316019,1,1
user_1663,1,0.7524328179376593,1,1
user_1664,1,0.9442240485646537,1,1
user_1665,0,0.2889152054251442,0,0
user_1666,1,0.8919367358241317,1,1
user_1667,0,0.8873482943348089,1,1
user_1668,0,0.02632668297316615,0,0
user_1669,1,0.8432109584259289,1,1
user_1670,0,0.5652504905964609,1,1
user_1671,1,0.8512186042312283,1,1
user_1672,1,0.9197361051344813,1,1
user_1673,0,0.059589055018846745,0,0
user_1674,1,0.9187530298995835,1,1
user_1675,1,0.8475504944192378,1,1
user_1676,1,0.7415981464865378,1,1
user_1677,1,0.37403209941738713,0,0
user_1678,0,0.06099148163676932,0,0
user_1679,0,0.1817610566933027,0,0
user_1680,0,0.06288952815354126,0,0
user_1681,1,0.35665197604170074,0,0
user_1682,0,0.04576206358032856,0,0
user_1683,1,0.5746325972753574,1,1
user_1684,1,0.9681293796779651,1,1
user_1685,0,0.16612313917022947,0,0
user_1686,0,0.37802022257232654,0,0
user_1687,0,0.38069876322437557,0,0
user_1688,0,0.12045160874747403,0,0
user_1689,0,0.09666154670093371,0,0
user_1690,0,0.44053241854634434,0,0
user_1691,1,0.9157536485457388,1,1
user_1692,0,0.09456193195086908,0,0
user_1693,1,0.9139771122200157,1,1
user_1694,1,0.7785255389207073,1,1
user_1695,1,0.9065487595640266,1,1
user_1696,0,0.5147752403432254,1,1
user_1697,0,0.25283768110243715,0,0
user_1698,1,0.46514439507764954,0,0
user_1699,0,0.05157475502362318,0,0
user_1700,1,0.8488058992683494,1,1
user_1701,0,0.1821387106222801,0,0
user_1702,1,0.5034008198128431,1,0
user_1703,1,0.729651535162637,1,1
user_1704,0,0.052603436771028494,0,0
user_1705,0,0.32393216789617574,0,0
user_1706,1,0.8748460932540962,1,1
user_1707,0,0.5279195304898683,1,0
user_1708,0,0.7812740641400315,1,1
user_1709,1,0.2958569865269097,0,0
user_1710,0,0.5508119496979534,1,1
user_1711,0,0.7456869065720519,1,1
user_1712,0,0.2840234578641229,0,0
user_1713,1,0.7389222268418245,1,1
user_1714,1,0.9580684938583566,1,1
user_1715,0,0.4976109573574989,0,0
user_1716,0,0.16521742948265994,0,0
user_1717,0,0.039768454360831804,0,0
user_1718,0,0.3745134102663599,0,0
user_1719,0,0.6762230487538521,1,1
user_1720,1,0.96698291790571,1,1
user_1721,0,0.1581495863190596,0,0
user_1722,1,0.9723406878525687,1,1
user_1723,1,0.6462584181652211,1,0
user_1724,0,0.30328274968267854,0,0
user_1725,0,0.3811653789444587,0,0
user_1726,0,0.20055728683802151,0,0
user_1727,0,0.4545972888193198,0,0
user_1728,0,0.42895006002334063,0,0
user_1729,0,0.10129861449758988,0,0
user_1730,1,0.9400658177630746,1,1
user_1731,0,0.5574360941010661,1,1
user_1732,0,0.053854627462242455,0,0
user_1733,1,0.655483840759651,1,1
user_1734,0,0.2977481024108273,0,0
user_1735,1,0.9243190215804237,1,1
user_1736,0,0.6252821133040884,1,0
user_1737,1,0.930504466344398,1,1
user_1738,0,0.6716324104918436,1,0
user_1739,0,0.1101445919908399,0,0
user_1740,1,0.6179691321372137,1,1
user_1741,1,0.31393370776082563,0,0
user_1742,1,0.3584620384008662,0,0
user_1743,0,0.7275545015239921,1,1
user_1744,0,0.09007953790054278,0,0
user_1745,0,0.5711381024730315,1,0
user_1746,0,0.6027342496158749,1,1
user_1747,0,0.04563678000235127,0,0
user_1748,0,0.07631669106568226,0,0
user_1749,0,0.06166246524669712,0,0
user_1750,1,0.8358538585079601,1,1
user_1751,0,0.06373664513329047,0,0
user_1752,1,0.5465625585227541,1,0
user_1753,0,0.14882614539849348,0,0
user_1754,1,0.37617768335895896,0,0
user_1755,0,0.18778833882541215,0,0
user_1756,0,0.20401836863091274,0,0
user_1757,1,0.6838949494793395,1,1
user_1758,0,0.11657721678403808,0,0
user_1759,1,0.781848652767892,1,1
user_1760,0,0.12697972013365275,0,0
user_1761,1,0.7622144067983566,1,1
user_1762,0,0.2633897863742894,0,0
user_1763,1,0.8563394307160697,1,1
user_1764,1,0.9306825002384166,1,1
user_1765,0,0.05086980731333772,0,0
user_1766,1,0.7197996056155075,1,1
user_1767,1,0.9664007313416014,1,1
user_1768,1,0.846912048892031,1,1
user_1769,0,0.29032306806885105,0,0
user_1770,0,0.023666898514954304,0,0
user_1771,0,0.1572411927968414,0,0
user_1772,0,0.15172991842475375,0,0
user_1773,0,0.06613920035266076,0,0
user_1774,0,0.20442548442809502,0,0
user_1775,1,0.9488377513452078,1,1
user_1776,1,0.4859852289825803,0,0
user_1777,0,0.014133650552363276,0,0
user_1778,0,0.03273149813102771,0,0
user_1779,0,0.050779701118677224,0,0
user_1780,0,0.36948888225881654,0,0
user_1781,0,0.36181199522392843,0,0
user_1782,0,0.35933277299995714,0,0
user_1783,0,0.160262929036133,0,0
user_1784,0,0.14186639803989887,0,0
user_1785,0,0.6211954261533275,1,1
user_1786,1,0.6906378192454109,1,1
user_1787,0,0.10628814912307208,0,0
user_1788,1,0.23357095033812972,0,0
user_1789,1,0.9378655616901445,1,1
user_1790,1,0.9434263250606953,1,1
user_1791,0,0.35197021768946796,0,0
user_1792,0,0.15331869478720928,0,0
user_1793,0,0.3340242336648566,0,0
user_1794,1,0.5923931937725068,1,1
user_1795,0,0.8244054069185388,1,1
user_1796,0,0.03779460209368069,0,0
user_1797,0,0.5327580709674139,1,1
user_1798,0,0.0645788739942263,0,0
user_1799,0,0.1253820484955517,0,0
user_1800,1,0.7512400424600417,1,1
user_1801,1,0.9420959167861999,1,1
user_1802,0,0.5041493816299074,1,0
user_1803,1,0.9332319094316576,1,1
user_1804,1,0.4274356435722034,0,0
user_1805,1,0.7118860917643366,1,1
user_1806,0,0.057554002681706726,0,0
user_1807,1,0.8055070356261104,1,1
user_1808,0,0.1396291811350306,0,0
user_1809,0,0.3358010395428508,0,0
user_1810,0,0.5956569191821607,1,0
user_1811,1,0.5713117834227922,1,1
user_1812,1,0.6095207236964622,1,1
user_1813,1,0.9472828489036418,1,1
user_1814,0,0.6140087158592474,1,0
user_1815,0,0.7191817393606722,1,1
user_1816,0,0.08895903054486366,0,0
user_1817,0,0.03810224609771096,0,0
user_1818,0,0.21522968782966084,0,0
user_1819,0,0.1329260251896612,0,0
user_1820,1,0.8958073376525999,1,1
user_1821,1,0.8749354013980353,1,1
user_1822,1,0.7113623355687296,1,1
user_1823,0,0.1550316630496165,0,0
user_1824,0,0.05432334467773733,0,0
user_1825,0,0.017524122243157178,0,0
user_1826,1,0.947620630639085,1,1
user_1827,0,0.2908157489753557,0,0
user_1828,0,0.03673540929081611,0,0
user_1829,1,0.9324556479132515,1,1
user_1830,0,0.21997173624062916,0,0
user_1831,0,0.06938194657954908,0,0
user_1832,1,0.3889780054568375,0,0
user_1833,0,0.5223828320638458,1,0
user_1834,0,0.49027747577885916,0,0
user_1835,0,0.4644105277203091,0,0
user_1836,0,0.834275973042264,1,1
user_1837,0,0.1255530395133837,0,0
user_1838,0,0.2079735058035061,0,0
user_1839,1,0.9372172831256298,1,1
user_1840,0,0.16588677597624732,0,0
user_1841,1,0.45757437197777845,0,0
user_1842,0,0.7088299833145677,1,1
user_1843,0,0.226508700577197,0,0
user_1844,0,0.05864332914284494,0,0
user_1845,1,0.8589652482183372,1,1
user_1846,1,0.7823395734399736,1,1
user_1847,0,0.3396669532983666,0,0
user_1848,0,0.26143295366181923,0,0
user_1849,0,0.14288994657663673,0,0
user_1850,0,0.24602103513214896,0,0
user_1851,1,0.6887778688192651,1,1
user_1852,1,0.586183271985016,1,0
user_1853,0,0.515081485456556,1,0
user_1854,0,0.06160384007441119,0,0
user_1855,0,0.23991154344712176,0,0
user_1856,1,0.4905613754413441,0,0
user_1857,0,0.17169367176683376,0,0
user_1858,1,0.7319011420613294,1,0
user_1859,1,0.6685191482462087,1,1
user_1860,0,0.27261616380283504,0,0
user_1861,1,0.7500703373640728,1,1
user_1862,0,0.1343294277889316,0,0
user_1863,1,0.6529504435700667,1,1
user_1864,0,0.06743892689750819,0,0
user_1865,1,0.9688719277446985,1,1
user_1866,0,0.9376327287032225,1,1
user_1867,0,0.2590391797181026,0,0
user_1868,1,0.9551412656141596,1,1
user_1869,0,0.012174049069830838,0,0
user_1870,1,0.9636490412880742,1,1
user_1871,1,0.9602111397769795,1,1
user_1872,0,0.009387692545607652,0,0
user_1873,1,0.9366680411254277,1,1
user_1874,1,0.5541081093874622,1,0
user_1875,1,0.8206430527460055,1,1
user_1876,0,0.030740741686602308,0,0
user_1877,1,0.9593528369608021,1,1
user_1878,1,0.7524561867104453,1,1
user_1879,1,0.685471037377871,1,0
user_1880,0,0.12449977010011701,0,0
user_1881,1,0.9133484895909477,1,1
user_1882,1,0.9557651647726279,1,1
user_1883,0,0.07188075606917663,0,0
user_1884,0,0.5145149445380668,1,1
user_1885,0,0.5255012728983834,1,1
user_1886,0,0.06120665136097133,0,0
user_1887,0,0.26160144376335526,0,0
user_1888,1,0.8457846541212555,1,1
user_1889,1,0.9114558440773637,1,1
user_1890,0,0.055523347871583216,0,0
user_1891,1,0.9744334538825054,1,1
user_1892,0,0.12717685248252739,0,0
user_1893,0,0.2962165617717596,0,0
user_1894,1,0.6586528977940442,1,0
user_1895,0,0.088496389713958,0,0
user_1896,0,0.27330623808622095,0,0
user_1897,1,0.8751328395597227,1,1
user_1898,1,0.9755772749598263,1,1
user_1899,0,0.33314708209615085,0,0
user_1900,1,0.24522211527848248,0,0
user_1901,0,0.5140187102904137,1,0
user_1902,0,0.151986163072029,0,0
user_1903,0,0.24274850754558056,0,0
user_1904,0,0.005691163524315053,0,0
user_1905,0,0.12821768376493933,0,0
user_1906,0,0.2549379286729207,0,0
user_1907,0,0.27968675858892666,0,0
user_1908,1,0.7271164362215976,1,1
user_1909,0,0.24416753096058808,0,0
user_1910,0,0.24851843268263915,0,0
user_1911,1,0.9450483475989536,1,1
user_1912,1,0.34825390357144065,0,0
user_1913,1,0.6919948388221229,1,0
user_1914,0,0.36285331892269057,0,0
user_1915,0,0.10872476176794588,0,0
user_1916,1,0.5709335021913643,1,1
user_1917,1,0.968952452804495,1,1
user_1918,0,0.0809997110689821,0,0
user_1919,1,0.9559594015304583,1,1
user_1920,1,0.9694227637818337,1,1
user_1921,1,0.6552882572680906,1,1
user_1922,0,0.14534252375267012,0,0
user_1923,0,0.13181390056884776,0,0
user_1924,1,0.928435487934262,1,1
user_1925,0,0.2276540115761739,0,0
user_1926,1,0.8692095309196821,1,1
user_1927,0,0.24506344124977508,0,0
user_1928,0,0.05320590769716591,0,0
user_1929,1,0.9136902116136243,1,1
user_1930,0,0.10991238751967689,0,0
user_1931,1,0.5667881563073194,1,0
user_1932,1,0.4732555638110906,0,0
user_1933,0,0.24776857263002058,0,0
user_1934,1,0.6258920969924372,1,1
user_1935,0,0.16999028963797103,0,0
user_1936,1,0.7629779363006663,1,0
user_1937,1,0.3562407035207001,0,0
user_1938,1,0.4507801998787957,0,0
user_1939,0,0.033717946586361014,0,0
user_1940,0,0.2948222630347086,0,0
user_1941,0,0.5246324040146619,1,0
user_1942,1,0.5905730486540682,1,0
user_1943,0,0.18639292535450253,0,0
user_1944,0,0.1402922261613818,0,0
user_1945,0,0.03333293177037608,0,0
user_1946,0,0.23836932807888678,0,0
user_1947,1,0.5083296930035806,1,0
user_1948,0,0.6107117361669895,1,0
user_1949,0,0.509650960109032,1,0
user_1950,1,0.25103448721803157,0,0
user_1951,1,0.7343497875761809,1,1
user_1952,1,0.3255858947202553,0,0
user_1953,1,0.6642952466340138,1,1
user_1954,0,0.4947871708249779,0,0
user_1955,0,0.5084646883734377,1,1
user_1956,1,0.6627071569331511,1,1
user_1957,1,0.7701661997533799,1,1
user_1958,0,0.44990440896679446,0,0
user_1959,0,0.9084805958596962,1,1
user_1960,1,0.9496555345539428,1,1
user_1961,1,0.4308162172547095,0,0
user_1962,0,0.2290377970698955,0,0
user_1963,1,0.9617876644194339,1,1
user_1964,0,0.7098501940173847,1,1
user_1965,1,0.9169451963549471,1,1
user_1966,1,0.8650292999536504,1,1
user_1967,1,0.9683477155503869,1,1
user_1968,0,0.7527473947609549,1,1
user_1969,0,0.4758840509033908,0,0
user_1970,1,0.6807667974200448,1,1
user_1971,1,0.8697576936531299,1,1
user_1972,1,0.8395415891397762,1,1
user_1973,1,0.7533232280394341,1,1
user_1974,0,0.40173440326966126,0,0
user_1975,0,0.7794316041754352,1,1
user_1976,0,0.24346330117618062,0,0
user_1977,0,0.08319982567068104,0,0
user_1978,0,0.0923269241241412,0,0
user_1979,0,0.09736883855887161,0,0
user_1980,0,0.28894438214814455,0,0
user_1981,1,0.6451452370002159,1,1
user_1982,0,0.5718086000901547,1,1
user_1983,1,0.7732215113919686,1,1
user_1984,1,0.5388778778982619,1,0
user_1985,1,0.8387334131597228,1,1
user_1986,0,0.16499067695002304,0,0
user_1987,1,0.8037067028181187,1,1
user_1988,0,0.3430064908068008,0,0
user_1989,1,0.5825548717154,1,0
user_1990,0,0.5531060688307735,1,1
user_1991,0,0.3528937824747534,0,0
user_1992,0,0.680314684640933,1,1
user_1993,0,0.11504029208518968,0,0
user_1994,0,0.07724112188754904,0,0
user_1995,0,0.1466702571206603,0,0
user_1996,1,0.9649377512810984,1,1
user_1997,0,0.30533699967150185,0,0
user_1998,1,0.9453975714562864,1,1
user_1999,1,0.6715933003996606,1,1
user_2000,1,0.7225785236466241,1,0
user_2001,0,0.1368618220441277,0,0
user_2002,0,0.046242105475986214,0,0
user_2003,1,0.8899134408941825,1,1
user_2004,1,0.8496507616991852,1,1
user_2005,0,0.04833126924740182,0,0
user_2006,1,0.8292095816355798,1,1
user_2007,1,0.9734094797437329,1,1
user_2008,0,0.4883551252595272,0,1
user_2009,0,0.16016964845199813,0,0
user_2010,1,0.5500701124505906,1,0
user_2011,1,0.8123422686014906,1,1
user_2012,0,0.2861588580478015,0,0
user_2013,0,0.13468668309767837,0,0
user_2014,0,0.06516031179156968,0,0
user_2015,0,0.10439990131626756,0,0
user_2016,1,0.30244816993828727,0,0
user_2017,0,0.5947000842793932,1,1
user_2018,0,0.7672152066956692,1,1
user_2019,0,0.2164569657679267,0,0
user_2020,0,0.22261463243820354,0,0
user_2021,1,0.6245342611873267,1,1
user_2022,1,0.9301467507377157,1,1
user_2023,0,0.48032674403863174,0,0
user_2024,0,0.26059839325413053,0,0
user_2025,0,0.09587221922835695,0,0
user_2026,1,0.9687386831893946,1,1
user_2027,0,0.09875397681624039,0,0
user_2028,1,0.280243101438734,0,0
user_2029,1,0.9026711063888248,1,1
user_2030,1,0.8828118104302735,1,1
user_2031,1,0.797627769625978,1,1
user_2032,1,0.37444604270831,0,0
user_2033,1,0.7916499120664344,1,1
user_2034,0,0.012057363824192842,0,0
user_2035,0,0.1291490223952411,0,0
user_2036,1,0.8847426779747788,1,1
user_2037,0,0.022370182474224617,0,0
user_2038,1,0.6649154813925959,1,0
user_2039,0,0.030569585239546743,0,0
user_2040,1,0.9159216845527542,1,1
user_2041,0,0.14051556225024808,0,0
user_2042,0,0.08466562062254225,0,0
user_2043,1,0.5703756052022328,1,1
user_2044,1,0.629444411461471,1,1
user_2045,1,0.43130457324908367,0,0
user_2046,0,0.07748268792230652,0,0
user_2047,1,0.9110785526176131,1,1
user_2048,1,0.8430997623741627,1,1
user_2049,1,0.42654131053940875,0,0
user_2050,0,0.609446723236745,1,1
user_2051,1,0.8485536566363899,1,1
user_2052,1,0.9381210327005046,1,1
user_2053,0,0.2795305554380242,0,0
user_2054,1,0.3277446202810186,0,0
user_2055,1,0.9732887393907363,1,1
user_2056,1,0.3831432003490619,0,0
user_2057,1,0.4278547561438834,0,0
user_2058,1,0.5967881647982513,1,1
user_2059,0,0.2420232608989389,0,0
user_2060,0,0.036814732665942235,0,0
user_2061,0,0.20160697430639843,0,0
user_2062,0,0.3345469654377822,0,0
user_2063,1,0.3216836634742369,0,0
user_2064,1,0.7548698707209444,1,1
user_2065,1,0.6861754705441632,1,1
user_2066,1,0.9661283290364956,1,1
user_2067,1,0.7440122182601228,1,0
user_2068,1,0.6013331908390411,1,1
user_2069,1,0.9304290420495357,1,1
user_2070,0,0.4084974389749116,0,0
user_2071,0,0.03346082381628137,0,0
user_2072,0,0.14137731392892974,0,0
user_2073,1,0.9330893369624842,1,1
user_2074,1,0.9543534994091313,1,1
user_2075,1,0.6648735328712975,1,1
user_2076,0,0.14818774813561889,0,0
user_2077,1,0.9054283407145722,1,1
user_2078,1,0.18792725774977437,0,0
user_2079,1,0.9294008148246473,1,1
user_2080,0,0.7520334016739368,1,1
user_2081,0,0.035669272850650774,0,0
user_2082,0,0.06015013383546611,0,0
user_2083,0,0.2861372669428011,0,0
user_2084,1,0.9277400391925731,1,1
user_2085,1,0.9244184846103112,1,1
user_2086,0,0.6902174388874104,1,1
user_2087,1,0.47346350177152496,0,0
user_2088,1,0.9604977549486223,1,1
user_2089,0,0.36230489733632265,0,0
user_2090,0,0.2936903580916797,0,0
user_2091,0,0.07413609077005864,0,0
user_2092,0,0.387339760933488,0,0
user_2093,1,0.9191746951756314,1,1
user_2094,0,0.7238631604037974,1,1
user_2095,0,0.14934595960137206,0,0
user_2096,0,0.2236320108798105,0,0
user_2097,0,0.011162567889110112,0,0
user_2098,0,0.40150591316075723,0,0
user_2099,1,0.9454335473253245,1,1
user_2100,1,0.7243164763108729,1,1
user_2101,1,0.8798971067389009,1,1
user_2102,1,0.522245645381805,1,0
user_2103,0,0.07340673696636792,0,0
user_2104,0,0.46133517040588856,0,0
user_2105,1,0.8836172783256387,1,1
user_2106,1,0.94449562439933,1,1
user_2107,0,0.011407947485087987,0,0
user_2108,0,0.014493794786654931,0,0
user_2109,0,0.31276340469737496,0,0
user_2110,0,0.2520925101178637,0,0
user_2111,0,0.6092113801999304,1,1
user_2112,0,0.11423102076147439,0,0
user_2113,0,0.33160442401144224,0,0
user_2114,1,0.9309824779968832,1,1
user_2115,0,0.04663066341666084,0,0
user_2116,0,0.05678575709904014,0,0
user_2117,0,0.41519906907005427,0,0
user_2118,1,0.7726714074380513,1,1
user_2119,1,0.6856457957370239,1,0
user_2120,0,0.08927815754241819,0,0
user_2121,1,0.9581418620748338,1,1
user_2122,0,0.15384890762338718,0,0
user_2123,1,0.9334293409480507,1,1
user_2124,1,0.7061970841186158,1,1
user_2125,1,0.581671918253567,1,1
user_2126,1,0.5161074982589587,1,0
user_2127,1,0.09952182421052677,0,0
user_2128,1,0.8779788166014242,1,1
user_2129,0,0.08684516234192587,0,0
user_2130,1,0.6540479033038457,1,0
user_2131,0,0.17651310260418876,0,0
user_2132,0,0.5440782808522402,1,0
user_2133,0,0.7304698507313709,1,1
user_2134,1,0.2442340803709801,0,0
user_2135,0,0.19105493983730434,0,0
user_2136,1,0.7022906281397474,1,1
user_2137,0,0.26938431126052087,0,0
user_2138,0,0.089243440548132,0,0
user_2139,1,0.5216035521073142,1,0
user_2140,0,0.03241471370746709,0,0
user_2141,1,0.36970304129672765,0,0
user_2142,1,0.7713547153368187,1,1
user_2143,0,0.2790317312411638,0,0
user_2144,0,0.2522253349863325,0,0
user_2145,1,0.8928197878451805,1,1
user_2146,0,0.2798149904552479,0,0
user_2147,1,0.8022768368335894,1,1
user_2148,0,0.24297933075822362,0,0
user_2149,1,0.4641988482735523,0,0
user_2150,0,0.09726480529360279,0,0
user_2151,0,0.06838875905767576,0,0
user_2152,1,0.8180312168968352,1,1
user_2153,0,0.008856434438903351,0,0
user_2154,1,0.8719277380881422,1,1
user_2155,1,0.9283803580558558,1,1
user_2156,1,0.7415426802456183,1,1
user_2157,0,0.5997208684639214,1,1
user_2158,0,0.4467442245555109,0,0
user_2159,1,0.7715833070984373,1,1
user_2160,0,0.21334949132167386,0,0
user_2161,1,0.9723663491787061,1,1
user_2162,1,0.817440370776671,1,1
user_2163,1,0.7745738625629801,1,1
user_2164,0,0.3283239908873173,0,0
user_2165,0,0.6767927764152392,1,1
user_2166,0,0.2614549843904461,0,0
user_2167,1,0.8745578346673278,1,1
user_2168,1,0.7146920485895601,1,1
user_2169,0,0.12199603719425234,0,0
user_2170,0,0.2663840781391115,0,0
user_2171,1,0.6370902895503655,1,1
user_2172,1,0.8891348460496401,1,1
user_2173,0,0.06595505141318377,0,0
user_2174,0,0.22806811700528182,0,0
user_2175,0,0.14638924815394055,0,0
user_2176,0,0.10039097623000989,0,0
user_2177,1,0.9411501884422756,1,1
user_2178,1,0.8779486917367103,1,1
user_2179,0,0.04121455556168139,0,0
user_2180,1,0.6413992485714777,1,1
user_2181,0,0.028361352827921658,0,0
user_2182,0,0.11756295032329511,0,0
user_2183,1,0.6193603298874838,1,1
user_2184,1,0.8717400417389359,1,1
user_2185,0,0.15847032506144873,0,0
user_2186,0,0.03196767769146781,0,0
user_2187,1,0.9329428631116207,1,1
user_2188,1,0.5450990261884331,1,1
user_2189,0,0.02989012365607451,0,0
user_2190,1,0.5356465186979589,1,0
user_2191,0,0.009336115911417631,0,0
user_2192,0,0.4637507228001854,0,0
user_2193,1,0.16896106254834142,0,0
user_2194,1,0.5794568411483765,1,0
user_2195,1,0.8372825841312238,1,1
user_2196,0,0.3796358652267714,0,0
user_2197,0,0.4605303768557707,0,0
user_2198,0,0.09249566099132461,0,0
user_2199,0,0.18013605119187517,0,0
user_2200,0,0.17203917839210633,0,0
user_2201,1,0.4411824991447504,0,0
user_2202,0,0.0706939462888413,0,0
user_2203,0,0.1835800204849646,0,0
user_2204,0,0.026569626537055198,0,0
user_2205,0,0.015025127528619574,0,0
user_2206,0,0.03210052443526974,0,0
user_2207,0,0.30031808152241807,0,0
user_2208,1,0.9496439146951068,1,1
user_2209,1,0.3384204757238654,0,0
user_2210,0,0.5384198651611372,1,1
user_2211,1,0.9526639984191327,1,1
user_2212,0,0.06406447630869519,0,0
user_2213,1,0.6743431965168686,1,1
user_2214,1,0.9246625852079213,1,1
user_2215,1,0.42592945742261856,0,0
user_2216,0,0.6050679069081746,1,1
user_2217,0,0.011706551893983013,0,0
user_2218,1,0.63384134177847,1,0
user_2219,0,0.11060852739709487,0,0
user_2220,1,0.6163310697922229,1,1
user_2221,1,0.6621146527605388,1,1
user_2222,1,0.9557889338492805,1,1
user_2223,0,0.15785441067408748,0,0
user_2224,1,0.9038656069026019,1,1
user_2225,1,0.6294578332756544,1,1
user_2226,0,0.28053328927866866,0,0
user_2227,0,0.3263467878044519,0,0
user_2228,1,0.8361609153334544,1,1
user_2229,1,0.8471491372704947,1,1
user_2230,0,0.052039652952089475,0,0
user_2231,1,0.6001319683627674,1,1
user_2232,0,0.2663304931838448,0,0
user_2233,1,0.17331933238548605,0,0
user_2234,0,0.24422241134872047,0,0
user_2235,1,0.54846743504529,1,0
user_2236,1,0.5969027095745577,1,0
user_2237,0,0.297234415315393,0,0
user_2238,0,0.04296160036344981,0,0
user_2239,0,0.2165112470713007,0,0
user_2240,0,0.20755397767772027,0,0
user_2241,1,0.9628872812342053,1,1
user_2242,1,0.6023550614018928,1,1
user_2243,1,0.9304788233920717,1,1
user_2244,0,0.032333292550131724,0,0
user_2245,0,0.37857672363121014,0,0
user_2246,0,0.05365242676249043,0,0
user_2247,1,0.7936619864982813,1,1
user_2248,0,0.023327231825461966,0,0
user_2249,1,0.8632582913129226,1,1
user_2250,0,0.045171176807365036,0,0
user_2251,0,0.7821139015773646,1,1
user_2252,0,0.034231107258499004,0,0
user_2253,0,0.5187108396656562,1,1
user_2254,0,0.02296658768434942,0,0
user_2255,1,0.7228895000004062,1,0
user_2256,1,0.9268009429591437,1,1
user_2257,0,0.3741532184633531,0,0
user_2258,0,0.5043948323938082,1,1
user_2259,1,0.8821096124771644,1,1
user_2260,1,0.9444154300352717,1,1
user_2261,0,0.9501695765400312,1,1
user_2262,0,0.19262511402862986,0,0
user_2263,0,0.1906833875163891,0,0
user_2264,1,0.9359418280818261,1,1
user_2265,0,0.13547340978357292,0,0
user_2266,0,0.2878058185907086,0,0
user_2267,0,0.06096312806421374,0,0
user_2268,1,0.8904729212818329,1,1
user_2269,0,0.0677211435704566,0,0
user_2270,1,0.7202983357933624,1,1
user_2271,1,0.9166972000971443,1,1
user_2272,0,0.23609749875624564,0,0
user_2273,1,0.8519156378177825,1,1
user_2274,0,0.08517792866823523,0,0
user_2275,0,0.6230686784995388,1,1
user_2276,1,0.9271656235277008,1,1
user_2277,1,0.5707383827854867,1,0
user_2278,0,0.6009166159478013,1,1
user_2279,1,0.5730537791195249,1,1
user_2280,0,0.003162034791222823,0,0
user_2281,0,0.0814314147464906,0,0
user_2282,0,0.07832494742138567,0,0
user_2283,0,0.23395590949990275,0,0
user_2284,0,0.5141600145956225,1,1
user_2285,0,0.028085701897144832,0,0
user_2286,0,0.21575519727580258,0,0
user_2287,0,0.921196389251253,1,1
user_2288,0,0.08989222994194097,0,0
user_2289,0,0.06856249925585647,0,0
user_2290,0,0.05048576968447225,0,0
user_2291,0,0.2830661996087745,0,0
user_2292,1,0.8071690687808634,1,1
user_2293,0,0.3681077439875232,0,0
user_2294,0,0.19599369059602575,0,0
user_2295,1,0.44683902862032615,0,0
user_2296,0,0.07808739242057541,0,0
user_2297,1,0.8063787257799323,1,1
user_2298,1,0.41026622892542114,0,0
user_2299,0,0.044405097892779695,0,0
user_2300,0,0.31254750549374777,0,0
user_2301,1,0.9412197423537105,1,1
user_2302,0,0.029798698062133606,0,0
user_2303,0,0.0893884308424087,0,0
user_2304,0,0.2214515967851166,0,0
user_2305,1,0.9304357254155244,1,1
user_2306,1,0.8295173892269697,1,1
user_2307,0,0.3649551921475299,0,0
user_2308,1,0.7673731445512059,1,1
user_2309,1,0.8928534563359262,1,1
user_2310,0,0.2219648120197782,0,0
user_2311,1,0.9278331255508144,1,1
user_2312,1,0.2960742901826786,0,0
user_2313,0,0.8073038868303666,1,1
user_2314,1,0.41657518494580614,0,0
user_2315,1,0.4673340354928414,0,0
user_2316,1,0.8555597912068574,1,1
user_2317,1,0.38817832450984796,0,0
user_2318,0,0.02458534566468565,0,0
user_2319,1,0.8271535432541355,1,1
user_2320,1,0.9058471138901684,1,1
user_2321,0,0.2081293929244254,0,0
user_2322,0,0.03631374682226325,0,0
user_2323,1,0.9693779808279777,1,1
user_2324,0,0.6328969443128075,1,1
user_2325,1,0.7175683831899006,1,1
user_2326,0,0.2922376110686865,0,0
user_2327,1,0.810340774722064,1,1
user_2328,1,0.7473614136015682,1,1
user_2329,1,0.951312822373359,1,1
user_2330,0,0.6262001519790534,1,1
user_2331,0,0.13750027466946343,0,0
user_2332,0,0.026266260983712136,0,0
user_2333,1,0.8150310247252273,1,1
user_2334,1,0.7832225610489809,1,1
user_2335,0,0.2750609714073518,0,0
user_2336,1,0.7312683093756027,1,0
user_2337,0,0.21861457661283026,0,0
user_2338,0,0.35580208955628817,0,0
user_2339,0,0.3176075649629142,0,0
user_2340,0,0.019654111408398192,0,0
user_2341,0,0.24077790081678033,0,0
user_2342,1,0.7985569024426145,1,1
user_2343,1,0.6977656832053885,1,1
user_2344,0,0.06441673201226357,0,0
user_2345,0,0.7404204510776246,1,1
user_2346,1,0.9536288179575094,1,1
user_2347,0,0.2790888720371794,0,0
user_2348,1,0.5099224452275951,1,1
user_2349,1,0.9844954139913995,1,1
user_2350,0,0.08918811199719698,0,0
user_2351,0,0.3045152653468925,0,0
user_2352,1,0.859527600696534,1,1
user_2353,0,0.23401503179598493,0,0
user_2354,0,0.5563091328784936,1,1
user_2355,0,0.01935100200016041,0,0
user_2356,1,0.9039813267987397,1,1
user_2357,1,0.49969661352597894,0,1
user_2358,0,0.6860685294035872,1,1
user_2359,1,0.8193584092532007,1,1
user_2360,1,0.8579701074937869,1,1
user_2361,1,0.947137831596819,1,1
user_2362,0,0.07168892841908629,0,0
user_2363,1,0.9038084591592006,1,1
user_2364,0,0.03225072587066494,0,0
user_2365,0,0.6812687801016891,1,0
user_2366,0,0.22464416087258074,0,0
user_2367,1,0.5416359805085241,1,1
user_2368,1,0.8562197661231626,1,1
user_2369,1,0.9398225960633717,1,1
user_2370,1,0.6172501045317753,1,0
user_2371,0,0.1394779389534081,0,0
user_2372,1,0.6670143395682168,1,1
user_2373,1,0.9712376916923091,1,1
user_2374,1,0.958797672786753,1,1
user_2375,0,0.23506508882932672,0,0
user_2376,0,0.03737257536777636,0,0
user_2377,1,0.8851721720656985,1,1
user_2378,1,0.8347164129689559,1,1
user_2379,1,0.5137206672871588,1,0
user_2380,1,0.6509968830696796,1,1
user_2381,1,0.8903143633664248,1,1
user_2382,1,0.4510461038390532,0,0
user_2383,0,0.04874418122739957,0,0
user_2384,0,0.2431040544972527,0,0
user_2385,1,0.8646138890578108,1,1
user_2386,0,0.015545447914998069,0,0
user_2387,0,0.38539965878270915,0,1
user_2388,1,0.7350182803507175,1,1
user_2389,1,0.8021823996666645,1,1
user_2390,1,0.8432043012709682,1,1
user_2391,0,0.3432136958109518,0,0
user_2392,1,0.7137883823580902,1,1
user_2393,0,0.22636446254618203,0,0
user_2394,0,0.04564735824230251,0,0
user_2395,1,0.7387296364023305,1,1
user_2396,1,0.8502993337491924,1,1
user_2397,1,0.9407910375808823,1,1
user_2398,0,0.06300715418885298,0,0
user_2399,0,0.10887441329263423,0,0
user_2400,1,0.5705004808577477,1,1
user_2401,0,0.08532153679132094,0,0
user_2402,0,0.1637973339520727,0,0
user_2403,0,0.08630147950580551,0,0
user_2404,0,0.07896729250400232,0,0
user_2405,0,0.27769825765072786,0,0
user_2406,1,0.8645620989259012,1,1
user_2407,1,0.778133296906038,1,1
user_2408,0,0.10527743439298967,0,0
user_2409,0,0.19125951601062552,0,0
user_2410,0,0.3425060421085038,0,0
user_2411,0,0.04118002288987285,0,0
user_2412,0,0.2116283251713206,0,0
user_2413,1,0.6426517269763621,1,1
user_2414,0,0.5446165531460193,1,0
user_2415,0,0.5319173897218739,1,1
user_2416,0,0.21296803222001678,0,0
user_2417,1,0.9362635267723802,1,1
user_2418,0,0.9245156927333092,1,1
user_2419,0,0.17171960991857918,0,0
user_2420,1,0.9563763897811515,1,1
user_2421,0,0.4995598379933954,0,0
user_2422,1,0.8504597637121641,1,1
user_2423,0,0.05357751832791094,0,0
user_2424,0,0.4259652972321297,0,0
user_2425,1,0.2693102007162305,0,0
user_2426,0,0.10023719592239567,0,0
user_2427,1,0.937000371100169,1,1
user_2428,0,0.2851486458526528,0,0
user_2429,1,0.7741659970781204,1,1
user_2430,1,0.9467413327141041,1,1
user_2431,0,0.08336769160876065,0,0
user_2432,0,0.10075044409886871,0,0
user_2433,1,0.8944764176948964,1,1
user_2434,1,0.9473029390787547,1,1
user_2435,1,0.953839116737924,1,1
user_2436,0,0.03553068864560906,0,0
user_2437,0,0.5748896606475705,1,0
user_2438,1,0.9014242447810205,1,1
user_2439,0,0.12819899951115885,0,0
user_2440,0,0.5196502080699678,1,1
user_2441,0,0.18052204577679917,0,0
user_2442,1,0.2335598586583715,0,0
user_2443,1,0.5986865954969603,1,1
user_2444,1,0.9386436436010479,1,1
user_2445,0,0.08455265084873519,0,0
user_2446,0,0.2456599933299338,0,0
user_2447,0,0.0830421162654555,0,0
user_2448,1,0.2120717888950444,0,0
user_2449,1,0.8962303082185282,1,1
user_2450,1,0.6406344139134578,1,1
user_2451,0,0.14866729645646204,0,0
user_2452,0,0.38761751619333884,0,0
user_2453,0,0.11234079375922676,0,0
user_2454,1,0.863750438508305,1,1
user_2455,1,0.7770861199912793,1,1
user_2456,1,0.4727477486312196,0,0
user_2457,0,0.18203275640113642,0,0
user_2458,1,0.9052354946477713,1,1
user_2459,0,0.42086881143999,0,0
user_2460,1,0.8672612119390628,1,1
user_2461,1,0.4563354169660271,0,0
user_2462,0,0.1574940805169674,0,0
user_2463,1,0.9655015655701451,1,1
user_2464,1,0.8637029015074044,1,1
user_2465,1,0.9263225237654868,1,1
user_2466,1,0.4721999699302516,0,0
user_2467,1,0.348054587656351,0,0
user_2468,0,0.4330796358189114,0,0
user_2469,0,0.3177440558566558,0,0
user_2470,1,0.911500815283878,1,1
user_2471,0,0.086566155124843,0,0
user_2472,1,0.9673273627192104,1,1
user_2473,1,0.5270326638723946,1,0
user_2474,0,0.2835400495287184,0,0
user_2475,1,0.7615491220441611,1,1
user_2476,1,0.9098588275960232,1,1
user_2477,1,0.8244355804692112,1,1
user_2478,1,0.9129068270871187,1,1
user_2479,0,0.5040877639186603,1,0
user_2480,0,0.10870493622098348,0,0
user_2481,0,0.05061457575532842,0,0
user_2482,0,0.0487344403585233,0,0
user_2483,1,0.6503241059411718,1,0
user_2484,0,0.1766218507912645,0,0
user_2485,1,0.9113474908048558,1,1
user_2486,1,0.819802631424814,1,1
user_2487,0,0.03694435106743746,0,0
user_2488,1,0.3768021624791866,0,0
user_2489,0,0.030232765789818282,0,0
user_2490,0,0.12842124099633967,0,0
user_2491,0,0.23446056542342025,0,0
user_2492,1,0.6081043980900062,1,1
user_2493,1,0.7251233543021216,1,1
user_2494,1,0.9767744300682273,1,1
user_2495,1,0.4561251869643173,0,0
user_2496,1,0.9549618116740336,1,1
user_2497,1,0.4629110879642111,0,0
user_2498,0,0.32097608359239965,0,0
user_2499,1,0.9547279468103613,1,1
user_2500,1,0.8702907696181601,1,1
user_2501,1,0.33699234742610346,0,0
user_2502,1,0.6619034899411795,1,1
user_2503,0,0.2305197385473179,0,0
user_2504,0,0.07329381286297504,0,0
user_2505,0,0.08890081245290463,0,0
user_2506,0,0.4025727688467443,0,0
user_2507,1,0.8835112325502227,1,1
user_2508,0,0.3126025291247331,0,0
user_2509,1,0.44700546437662364,0,0
user_2510,0,0.2996354621725514,0,0
user_2511,1,0.6593334052945468,1,1
user_2512,0,0.01778626455460309,0,0
user_2513,0,0.3589801368414845,0,0
user_2514,1,0.8243992092450674,1,1
user_2515,0,0.5965295252616764,1,1
user_2516,1,0.8898297232776496,1,1
user_2517,0,0.21580674475469253,0,0
user_2518,1,0.7241503692092361,1,1
user_2519,0,0.43844951488194966,0,0
user_2520,0,0.08708085773491701,0,0
user_2521,1,0.7081821133591636,1,0
user_2522,1,0.8218643203632763,1,1
user_2523,1,0.92374915897193,1,1
user_2524,1,0.9522860659247997,1,1
user_2525,1,0.696745022700951,1,1
user_2526,1,0.6192199806684417,1,0
user_2527,0,0.42152423506544195,0,0
user_2528,1,0.9333017359257,1,1
user_2529,1,0.9275307088100445,1,1
user_2530,0,0.35990240656667044,0,0
user_2531,1,0.620369902755052,1,1
user_2532,1,0.9847539695117139,1,1
user_2533,1,0.8430320714566709,1,1
user_2534,0,0.2931716160495455,0,0
user_2535,0,0.09093970974535297,0,0
user_2536,1,0.7247565088395478,1,1
user_2537,0,0.03552873887650063,0,0
user_2538,0,0.6551397464164916,1,0
user_2539,0,0.25766806726798125,0,0
user_2540,0,0.32699531453578395,0,0
user_2541,1,0.9482810412648606,1,1
user_2542,1,0.9558591468142985,1,1
user_2543,0,0.22079645406015472,0,0
user_2544,0,0.0982059729364932,0,0
user_2545,1,0.5321740793242623,1,1
user_2546,1,0.8124374278557827,1,1
user_2547,0,0.5688356645997841,1,0
user_2548,1,0.863690033168994,1,1
user_2549,0,0.186384699148574,0,0
user_2550,0,0.09864970683903751,0,0
user_2551,1,0.7499127519499523,1,1
user_2552,1,0.9437840769083793,1,1
user_2553,1,0.7939355321270737,1,1
user_2554,1,0.6454652377861839,1,1
user_2555,1,0.6921353229282423,1,1
user_2556,0,0.04587551429697649,0,0
user_2557,1,0.49349388381397535,0,0
user_2558,0,0.1123575922021206,0,0
user_2559,0,0.07815795196626961,0,0
user_2560,1,0.6070543610393084,1,1
user_2561,1,0.7434567838295695,1,1
user_2562,1,0.9476014867228222,1,1
user_2563,0,0.25477282363167797,0,0
user_2564,0,0.15023120616502963,0,0
user_2565,1,0.3769614647760799,0,0
user_2566,1,0.8122367700220983,1,1
user_2567,1,0.5381910750677622,1,0
user_2568,0,0.10774024297961914,0,0
user_2569,0,0.20171525368404392,0,0
user_2570,1,0.9518333836667229,1,1
user_2571,1,0.9254977327169552,1,1
user_2572,0,0.040872616499257386,0,0
user_2573,1,0.3676695176885181,0,0
user_2574,1,0.4929485412762832,0,0
user_2575,0,0.048907049546521385,0,0
user_2576,0,0.023436110566209846,0,0
user_2577,1,0.9690158527075039,1,1
user_2578,0,0.76529070377188,1,1
user_2579,0,0.08800631081046618,0,0
user_2580,1,0.9793937684308035,1,1
user_2581,0,0.08247317258453953,0,0
user_2582,0,0.18182599200866886,0,0
user_2583,0,0.15899097329220804,0,0
user_2584,0,0.011043848397945038,0,0
user_2585,1,0.2912173781695042,0,0
user_2586,1,0.6938218213144196,1,1
user_2587,1,0.9295138814391256,1,1
user_2588,0,0.056002081643549355,0,0
user_2589,0,0.5750805320302563,1,1
user_2590,0,0.052416031278894375,0,0
user_2591,1,0.9716792880637786,1,1
user_2592,1,0.6194208478441373,1,1
user_2593,0,0.7157354265073032,1,1
user_2594,1,0.6460717298914487,1,0
user_2595,0,0.1258073331395522,0,0
user_2596,1,0.6326088488451931,1,1
user_2597,0,0.11443268868853186,0,0
user_2598,0,0.0733091943239874,0,0
user_2599,0,0.495384251811386,0,0
user_2600,0,0.5668172394186538,1,1
user_2601,0,0.6647678283092587,1,0
user_2602,0,0.09262053100597009,0,0
user_2603,0,0.04252883801944899,0,0
user_2604,0,0.04867961112664229,0,0
user_2605,0,0.03317798140076967,0,0
user_2606,1,0.8956958748352997,1,1
user_2607,0,0.21174346103785188,0,0
user_2608,0,0.04225913825451828,0,0
user_2609,1,0.782014018304886,1,1
user_2610,1,0.9159981937422295,1,1
user_2611,1,0.38467533985599695,0,0
user_2612,1,0.652796097654451,1,1
user_2613,1,0.6859444770268129,1,1
user_2614,0,0.05814737509788059,0,0
user_2615,1,0.9398173586089045,1,1
user_2616,0,0.2561232086183924,0,0
user_2617,0,0.15932818973465654,0,0
user_2618,0,0.681849342653606,1,0
user_2619,1,0.9184508963542286,1,1
user_2620,0,0.6402575288210693,1,1
user_2621,0,0.06590201729258151,0,0
user_2622,1,0.45812206397579425,0,0
user_2623,1,0.870406488021571,1,1
user_2624,1,0.7410706036796215,1,1
user_2625,1,0.5077464538101465,1,0
user_2626,1,0.275495064726011,0,0
user_2627,0,0.05363109393811336,0,0
user_2628,1,0.890722001877797,1,1
user_2629,0,0.6102420828979707,1,1
user_2630,0,0.011957293951780749,0,0
user_2631,1,0.11250819174140105,0,0
user_2632,0,0.04415791727754486,0,0
user_2633,1,0.3544165386602345,0,0
user_2634,1,0.8584692825153648,1,1
user_2635,1,0.9106924383188041,1,1
user_2636,0,0.09461405072470692,0,0
user_2637,0,0.3666063554185022,0,0
user_2638,0,0.07882693622945901,0,0
user_2639,0,0.09828587738223499,0,0
user_2640,1,0.8930014243274792,1,1
user_2641,1,0.763270918064709,1,1
user_2642,0,0.12065431217453851,0,0
user_2643,1,0.9481525675429304,1,1
user_2644,1,0.9435323302569113,1,1
user_2645,1,0.9045919432399308,1,1
user_2646,1,0.6108672453564922,1,0
user_2647,0,0.5617720558343485,1,0
user_2648,0,0.7885454275946548,1,1
user_2649,0,0.41674341324182096,0,0
user_2650,0,0.325167991145879,0,0
user_2651,0,0.330953339845733,0,0
user_2652,0,0.21629926110705872,0,0
user_2653,0,0.49726627614435265,0,1
user_2654,0,0.2612718082722818,0,0
user_2655,0,0.1254792918985963,0,0
user_2656,0,0.5656887876039136,1,0
user_2657,1,0.8531460112109357,1,1
user_2658,1,0.5170088585441609,1,0
user_2659,1,0.282953593556208,0,0
user_2660,1,0.2287124709026128,0,0
user_2661,0,0.6541534425208844,1,0
user_2662,0,0.1656729181121843,0,0
user_2663,0,0.21237937588605937,0,0
user_2664,1,0.780256693665507,1,1
user_2665,1,0.4640294215214216,0,0
user_2666,1,0.8754215819093771,1,1
user_2667,1,0.9544372116382391,1,1
user_2668,1,0.44804744925838186,0,0
user_2669,1,0.7362219104916475,1,1
user_2670,1,0.5159895144549183,1,0
user_2671,0,0.1819631040509943,0,0
user_2672,0,0.6022824546248259,1,1
user_2673,0,0.12435476108832896,0,0
user_2674,0,0.5570472032797797,1,1
user_2675,1,0.31092663255408143,0,0
user_2676,1,0.8780064150829656,1,1
user_2677,0,0.1062935945025418,0,0
user_2678,0,0.11025630052139758,0,0
user_2679,0,0.11419917683379856,0,0
user_2680,0,0.13897199345570765,0,0
user_2681,1,0.5266160216874328,1,0
user_2682,0,0.032491552471604644,0,0
user_2683,1,0.8077721981055483,1,1
user_2684,1,0.7135742997586417,1,1
user_2685,0,0.05225053758349385,0,0
user_2686,0,0.0601630537176331,0,0
user_2687,1,0.9116284208313992,1,1
user_2688,1,0.7246237605155411,1,1
user_2689,0,0.4597428612917648,0,0
user_2690,1,0.5655179619492811,1,0
user_2691,1,0.9569040735118189,1,1
user_2692,1,0.87320856805617,1,1
user_2693,1,0.9498518025954019,1,1
user_2694,0,0.34504211842538796,0,0
user_2695,0,0.1786497290956366,0,0
user_2696,0,0.5507409608908141,1,1
user_2697,1,0.46200487177374827,0,0
user_2698,0,0.27970114427403514,0,0
user_2699,0,0.03432692454700958,0,0
user_2700,0,0.12561265569571362,0,0
user_2701,0,0.2754761076970727,0,0
user_2702,1,0.4742034079538899,0,0
user_2703,1,0.36555636627794813,0,0
user_2704,0,0.496270290396317,0,0
user_2705,0,0.044463681186697517,0,0
user_2706,0,0.06956632170253316,0,0
user_2707,1,0.8992508508238776,1,1
user_2708,1,0.9494980141075219,1,1
user_2709,0,0.48208705718489314,0,1
user_2710,0,0.3725407204778485,0,0
user_2711,0,0.2990511838653,0,0
user_2712,1,0.9155164840262203,1,1
user_2713,0,0.382423046939154,0,0
user_2714,1,0.6835633103604056,1,1
user_2715,1,0.8715056352709365,1,1
user_2716,0,0.19377902846727568,0,0
user_2717,1,0.4205639802554114,0,0
user_2718,1,0.5417265176103391,1,0
user_2719,1,0.9573978979578419,1,1
user_2720,0,0.18608239165336654,0,0
user_2721,0,0.15315025877038715,0,0
user_2722,1,0.9563595957917932,1,1
user_2723,0,0.07575131796147502,0,0
user_2724,0,0.3493974136189673,0,0
user_2725,1,0.3584069233693303,0,0
user_2726,0,0.28646756906507775,0,0
user_2727,0,0.01707002531960666,0,0
user_2728,0,0.16339753643565924,0,0
user_2729,0,0.3453882333588645,0,0
user_2730,0,0.16007086304343535,0,0
user_2731,1,0.6897638134496471,1,1
user_2732,0,0.03382579264384472,0,0
user_2733,1,0.5660267501926061,1,1
user_2734,1,0.9334201052416657,1,1
user_2735,0,0.11523303137135886,0,0
user_2736,1,0.8893818519688044,1,1
user_2737,0,0.07511024898558191,0,0
user_2738,0,0.03276305755695821,0,0
user_2739,0,0.39337832474131196,0,0
user_2740,1,0.9243722771070215,1,1
user_2741,0,0.02900900006541992,0,0
user_2742,1,0.9428444231707802,1,1
user_2743,1,0.8907179895307487,1,1
user_2744,0,0.7104993040591665,1,1
user_2745,0,0.2598122317444696,0,0
user_2746,0,0.13750879178300252,0,0
user_2747,0,0.2902212259979442,0,0
user_2748,0,0.8761805120543532,1,1
user_2749,1,0.6249180493403363,1,0
user_2750,1,0.8281288424892623,1,1
user_2751,0,0.8018582587722914,1,1
user_2752,0,0.2685335000310679,0,0
user_2753,0,0.1390842737239813,0,0
user_2754,0,0.32230085596899855,0,0
user_2755,0,0.092692318766233,0,0
user_2756,0,0.07887995452101156,0,0
user_2757,0,0.436177942730233,0,0
user_2758,0,0.12629404389531257,0,0
user_2759,0,0.10620888419986321,0,0
user_2760,0,0.042840172710484334,0,0
user_2761,0,0.1448559692915823,0,0
user_2762,0,0.36688386387023786,0,1
user_2763,0,0.3988141264199852,0,0
user_2764,0,0.5334808374163642,1,0
user_2765,1,0.9716336789038265,1,1
user_2766,0,0.05711567084989545,0,0
user_2767,0,0.28551600458987414,0,0
user_2768,1,0.9666426042529146,1,1
user_2769,0,0.1229644074777538,0,0
user_2770,0,0.4379308206528025,0,1
user_2771,1,0.6429801882406034,1,1
user_2772,1,0.8096475824739506,1,1
user_2773,1,0.7815874455521131,1,1
user_2774,1,0.6635861454959003,1,0
user_2775,1,0.8484339026984468,1,1
user_2776,0,0.08873918115417914,0,0
user_2777,0,0.06269422683128534,0,0
user_2778,1,0.9222304421403411,1,1
user_2779,0,0.31551169099163406,0,0
user_2780,0,0.06425683291063529,0,0
user_2781,0,0.11966972678577484,0,0
user_2782,0,0.4741544324881475,0,1
user_2783,1,0.7207643919599124,1,1
user_2784,0,0.28286031070995715,0,0
user_2785,1,0.730815410738191,1,0
user_2786,1,0.6270959514457087,1,1
user_2787,0,0.18582973050772617,0,0
user_2788,1,0.9685991724861034,1,1
user_2789,0,0.04557820090002732,0,0
user_2790,1,0.7790398160208366,1,1
user_2791,0,0.4978483880033304,0,0
user_2792,0,0.073974971556088,0,0
user_2793,0,0.08491932545336506,0,0
user_2794,1,0.3578340648339723,0,0
user_2795,1,0.7594733309994612,1,1
user_2796,0,0.41769839635849204,0,0
user_2797,0,0.2579271664008795,0,0
user_2798,1,0.23739858746224826,0,0
user_2799,0,0.5701694651721799,1,0
user_2800,1,0.7696781964422951,1,1
user_2801,0,0.26788288037829333,0,0
user_2802,1,0.3136067921206513,0,0
user_2803,0,0.2771491682187225,0,0
user_2804,1,0.7291850730764213,1,1
user_2805,1,0.9454592994536658,1,1
user_2806,0,0.02938778922040313,0,0
user_2807,0,0.19982503088640097,0,0
user_2808,0,0.07130275793504931,0,0
user_2809,0,0.32704432003625633,0,0
user_2810,0,0.08386808887149183,0,0
user_2811,1,0.7953701626443467,1,1
user_2812,1,0.5043232375969237,1,0
user_2813,1,0.8183883743946399,1,1
user_2814,0,0.1804270356401102,0,0
user_2815,1,0.7390164478113299,1,1
user_2816,0,0.47930939213864027,0,1
user_2817,1,0.9523540865381704,1,1
user_2818,1,0.9376001386593477,1,1
user_2819,0,0.08334773244595176,0,0
user_2820,0,0.4040211063342188,0,1
user_2821,0,0.09267070017137029,0,0
user_2822,1,0.9280265072252397,1,1
user_2823,1,0.9100993456296669,1,1
user_2824,1,0.9580829356613223,1,1
user_2825,0,0.15681793776331557,0,0
user_2826,0,0.1731612257376502,0,0
user_2827,1,0.7162739950180446,1,0
user_2828,1,0.9464343296015577,1,1
user_2829,0,0.07853720400598321,0,0
user_2830,1,0.11526547423184652,0,0
user_2831,1,0.905692740542939,1,1
user_2832,0,0.33394896196992907,0,1
user_2833,1,0.7356999376450021,1,1
user_2834,1,0.838658540685316,1,1
user_2835,0,0.06673815863233301,0,0
user_2836,0,0.314829308072373,0,0
user_2837,1,0.475247628708235,0,0
user_2838,1,0.9800474683935848,1,1
user_2839,0,0.03226426767800357,0,0
user_2840,1,0.9471117706205712,1,1
user_2841,1,0.5332757722991124,1,1
user_2842,0,0.2363496560820466,0,0
user_2843,0,0.2368655945147168,0,0
user_2844,0,0.26334378973704775,0,0
user_2845,0,0.16118511174239922,0,0
user_2846,0,0.5930494291933813,1,0
user_2847,0,0.05809191712553888,0,0
user_2848,0,0.05381646485920785,0,0
user_2849,0,0.27219330291985616,0,0
user_2850,0,0.06647732294670537,0,0
user_2851,0,0.20083286458346927,0,0
user_2852,1,0.888830790295093,1,1
user_2853,1,0.7726199182632091,1,1
user_2854,1,0.8482931139104,1,1
user_2855,1,0.4631389060201316,0,0
user_2856,0,0.020762431090769543,0,0
user_2857,0,0.026403010899179097,0,0
user_2858,0,0.8734006695425494,1,1
user_2859,0,0.5638607366351295,1,1
user_2860,0,0.41594910876355734,0,0
user_2861,1,0.8698251360603907,1,1
user_2862,1,0.752548274632759,1,1
user_2863,0,0.06717931255795112,0,0
user_2864,0,0.13014427531076364,0,0
user_2865,1,0.7565740635187413,1,1
user_2866,0,0.021030814613788106,0,0
user_2867,0,0.038511589332290964,0,0
user_2868,1,0.49856392186572607,0,0
user_2869,1,0.9485131806813363,1,1
user_2870,0,0.07558873040975155,0,0
user_2871,0,0.04755899082011364,0,0
user_2872,1,0.9713031066007182,1,1
user_2873,1,0.7127477810465885,1,1
user_2874,0,0.023417090483123394,0,0
user_2875,1,0.07826328618196397,0,0
user_2876,0,0.3726959096464237,0,0
user_2877,0,0.04478222338512345,0,0
user_2878,1,0.9755193345256127,1,1
user_2879,0,0.4777642547194345,0,0
user_2880,0,0.519159430291899,1,1
user_2881,0,0.1690165848358771,0,0
user_2882,1,0.8442021028760365,1,1
user_2883,0,0.5570244874782248,1,0
user_2884,1,0.9244191164169411,1,1
user_2885,1,0.9103333998245121,1,1
user_2886,1,0.951669607773241,1,1
user_2887,0,0.23544279028486548,0,0
user_2888,0,0.04904410026674553,0,0
user_2889,1,0.9378650489153144,1,1
user_2890,1,0.9433977774520915,1,1
user_2891,0,0.07298300994763975,0,0
user_2892,0,0.13178664136574933,0,0
user_2893,1,0.8066751615049824,1,1
user_2894,1,0.7453490656776599,1,1
user_2895,0,0.036273274548685557,0,0
user_2896,1,0.8789903152121485,1,1
user_2897,0,0.032657985604904065,0,0
user_2898,1,0.3938688301458364,0,0
user_2899,1,0.8674511367283433,1,1
user_2900,0,0.15613566822597444,0,0
user_2901,1,0.8165906918835801,1,1
user_2902,0,0.32452217649182724,0,0
user_2903,1,0.7106493973021326,1,1
user_2904,1,0.4813019295738302,0,0
user_2905,1,0.9246777462914817,1,1
user_2906,0,0.032465658069046714,0,0
user_2907,1,0.8501563204828052,1,1
user_2908,0,0.031298287571853045,0,0
user_2909,0,0.7525167287613809,1,1
user_2910,0,0.7646613507319,1,1
user_2911,1,0.22930822296684358,0,0
user_2912,1,0.9290823023312473,1,1
user_2913,1,0.46871052071300046,0,0
user_2914,0,0.07550638244803563,0,0
user_2915,0,0.34895961997155145,0,0
user_2916,1,0.7955096944131779,1,1
user_2917,0,0.06486131450211988,0,0
user_2918,1,0.8550609423855565,1,1
user_2919,1,0.8066011362258806,1,1
user_2920,0,0.7460061208701628,1,1
user_2921,1,0.8517256784796534,1,1
user_2922,1,0.9737431302665374,1,1
user_2923,1,0.8604677937286823,1,1
user_2924,1,0.5797097197550872,1,0
user_2925,0,0.23772265310908788,0,0
user_2926,1,0.9311104199325272,1,1
user_2927,0,0.1282554292547511,0,0
user_2928,1,0.8619959714365723,1,1
user_2929,0,0.2832631617457501,0,0
user_2930,0,0.04061172288800453,0,0
user_2931,0,0.07402317670179843,0,0
user_2932,1,0.7322941413688456,1,1
user_2933,0,0.0687880873819998,0,0
user_2934,0,0.07997508466273771,0,0
user_2935,1,0.7853229855829343,1,1
user_2936,0,0.17652191662097763,0,0
user_2937,1,0.8193671111237485,1,1
user_2938,1,0.7795509932606587,1,0
user_2939,0,0.3581382959686826,0,0
user_2940,0,0.17663006149700738,0,0
user_2941,1,0.9417183670245929,1,1
user_2942,0,0.040335794622627694,0,0
user_2943,0,0.5140374834649102,1,0
user_2944,0,0.029030851502745095,0,0
user_2945,0,0.16314065933000774,0,0
user_2946,1,0.8771952395175167,1,1
user_2947,0,0.375129827288907,0,0
user_2948,0,0.3316383817454853,0,0
user_2949,1,0.9369615349395449,1,1
user_2950,0,0.722514248786496,1,1
user_2951,0,0.047315918217672816,0,0
user_2952,0,0.3178888033456096,0,0
user_2953,0,0.12126087809747417,0,0
user_2954,0,0.044427143638752324,0,0
user_2955,1,0.6164471111588131,1,0
user_2956,1,0.4915162164022399,0,0
user_2957,0,0.13722025449581315,0,0
user_2958,0,0.011013899603618111,0,0
user_2959,0,0.11555706524933967,0,0
user_2960,1,0.919339379457108,1,1
user_2961,0,0.07842750035214917,0,0
user_2962,1,0.8549511056682616,1,1
user_2963,1,0.8703406958562234,1,1
user_2964,1,0.8706559239764137,1,1
user_2965,0,0.7150724605136932,1,1
user_2966,1,0.8899419258907848,1,1
user_2967,0,0.767835463948712,1,1
user_2968,0,0.20262964722471377,0,0
user_2969,0,0.08572405279542936,0,0
user_2970,1,0.3411293512622578,0,0
user_2971,0,0.25939097438156516,0,0
user_2972,0,0.07584033287134866,0,0
user_2973,1,0.4892659645743586,0,0
user_2974,0,0.16298865732692777,0,0
user_2975,1,0.5565487902191375,1,1
user_2976,1,0.814016834805906,1,1
user_2977,0,0.390070014996424,0,0
user_2978,1,0.35210225053976774,0,0
user_2979,1,0.9380282810508245,1,1
user_2980,0,0.34601371003082787,0,0
user_2981,1,0.8989566793197464,1,1
user_2982,1,0.9452790290634809,1,1
user_2983,0,0.18260957001064346,0,0
user_2984,0,0.2629329912800855,0,0
user_2985,0,0.059407496441957204,0,0
user_2986,1,0.7372546582096904,1,1
user_2987,1,0.9189796801311919,1,1
user_2988,0,0.7113712158074768,1,1
user_2989,0,0.07321259924201054,0,0
user_2990,0,0.09379884619502317,0,0
user_2991,0,0.04239040156056535,0,0
user_2992,0,0.015477343774133802,0,0
user_2993,0,0.47900172676331226,0,0
user_2994,0,0.07148007274113378,0,0
user_2995,1,0.6953263234053843,1,1
user_2996,0,0.05606031407323088,0,0
user_2997,1,0.6970786329803356,1,1
user_2998,1,0.6671309299663228,1,0
user_2999,0,0.3128341903763445,0,0
user_3000,1,0.9543397287869798,1,1
user_3001,1,0.9634085301942075,1,1
user_3002,0,0.05858401377939098,0,0
user_3003,1,0.9208604041397402,1,1
user_3004,0,0.42505787684517493,0,0
user_3005,0,0.35102233174378866,0,0
user_3006,0,0.7060396482296121,1,1
user_3007,0,0.2808478966941514,0,0
user_3008,1,0.9305569871309829,1,1
user_3009,0,0.024169340766284932,0,0
user_3010,0,0.5885607081363993,1,1
user_3011,1,0.9092919614213281,1,1
user_3012,1,0.8971123070494995,1,1
user_3013,0,0.25462061111186535,0,0
user_3014,0,0.1539502656051465,0,0
user_3015,0,0.6177885798707687,1,1
user_3016,0,0.0767489143110875,0,0
user_3017,0,0.1429534176948388,0,0
user_3018,0,0.05468618195895935,0,0
user_3019,1,0.9588666698879723,1,1
user_3020,0,0.07902006790759743,0,0
user_3021,0,0.5451189837343926,1,0
user_3022,1,0.5137096201545512,1,0
user_3023,0,0.40781414826765827,0,0
user_3024,0,0.0590986623669232,0,0
user_3025,1,0.8733226527101501,1,1
user_3026,0,0.18679722735288573,0,0
user_3027,0,0.1704014564173126,0,0
user_3028,1,0.6391762145555597,1,1
user_3029,1,0.6444677762900817,1,0
user_3030,0,0.0800907847955396,0,0
user_3031,1,0.8711951716760804,1,1
user_3032,1,0.9136035658733757,1,1
user_3033,0,0.49850344025215665,0,0
user_3034,1,0.678795277107515,1,1
user_3035,1,0.8295366413337891,1,1
user_3036,0,0.019323935511664125,0,0
user_3037,0,0.19950304247983872,0,0
user_3038,1,0.7459412007418355,1,1
user_3039,0,0.2435965944827719,0,0
user_3040,1,0.8207023498663838,1,1
user_3041,1,0.9544091402816671,1,1
user_3042,1,0.13807592072120517,0,0
user_3043,0,0.05072908739352936,0,0
user_3044,0,0.1964815044024117,0,0
user_3045,0,0.12567822419375374,0,0
user_3046,0,0.24340518730555416,0,0
user_3047,1,0.9548184089738883,1,1
user_3048,0,0.07008890011818154,0,0
user_3049,0,0.6852555770762672,1,0
user_3050,0,0.14607722798192177,0,0
user_3051,0,0.05443045968174858,0,0
user_3052,0,0.4406835773667088,0,0
user_3053,1,0.6800496744155886,1,1
user_3054,1,0.8091437642726924,1,1
user_3055,0,0.10936582429081905,0,0
user_3056,0,0.20175717440750005,0,0
user_3057,1,0.8174955844464943,1,1
user_3058,0,0.22817665507376428,0,0
user_3059,0,0.04588650133768282,0,0
user_3060,1,0.8745101802833136,1,1
user_3061,1,0.8374343838097528,1,1
user_3062,0,0.049073932391649366,0,0
user_3063,1,0.6195618308836899,1,0
user_3064,0,0.1454382670982289,0,0
user_3065,1,0.6855647652350542,1,1
user_3066,1,0.908301388060827,1,1
user_3067,1,0.6943369902656465,1,1
user_3068,0,0.28814016520182245,0,0
user_3069,0,0.1982485490829618,0,0
user_3070,1,0.25668926678201043,0,0
user_3071,0,0.24183550205726273,0,0
user_3072,0,0.03578462795089285,0,0
user_3073,1,0.8815335211753607,1,1
user_3074,0,0.18857489491011598,0,0
user_3075,0,0.18819051718305582,0,0
user_3076,1,0.7899445226253295,1,1
user_3077,1,0.8352969273377602,1,1
user_3078,0,0.2534419798107019,0,0
user_3079,0,0.4249728468917083,0,0
user_3080,0,0.14720334410987942,0,0
user_3081,0,0.10120966962344581,0,0
user_3082,1,0.9554436217543446,1,1
user_3083,0,0.06961404098864082,0,0
user_3084,1,0.9600829034377263,1,1
user_3085,0,0.1740455255217421,0,0
user_3086,0,0.19041269204393585,0,0
user_3087,0,0.2203984434977987,0,0
user_3088,1,0.948316105697375,1,1
user_3089,0,0.15385123718476443,0,0
user_3090,1,0.794739483449998,1,1
user_3091,0,0.15341828736797525,0,0
user_3092,0,0.31491282254586495,0,0
user_3093,0,0.41508014597886833,0,0
user_3094,0,0.044696724779221174,0,0
user_3095,1,0.44805913741549686,0,0
user_3096,0,0.17330180179005886,0,0
user_3097,1,0.9004149434015437,1,1
user_3098,0,0.331467565937352,0,0
user_3099,0,0.15153271461978637,0,0
user_3100,0,0.04220422951418979,0,0
user_3101,0,0.06758920375981947,0,0
user_3102,0,0.015071266545258349,0,0
user_3103,1,0.845164954832379,1,1
user_3104,0,0.19371415004303863,0,0
user_3105,1,0.7766733840584182,1,1
user_3106,0,0.09006598268915043,0,0
user_3107,1,0.9509698717923304,1,1
user_3108,1,0.687013298844279,1,1
user_3109,1,0.9647284628900786,1,1
user_3110,0,0.1885901996730337,0,0
user_3111,1,0.6243469567899841,1,0
user_3112,1,0.9083684137788858,1,1
user_3113,0,0.13501883938360051,0,0
user_3114,0,0.09768609788844378,0,0
user_3115,0,0.21901169308834872,0,0
user_3116,1,0.562595514086403,1,0
user_3117,1,0.30915992854158725,0,0
user_3118,1,0.9601783499971938,1,1
user_3119,0,0.03515331385326123,0,0
user_3120,1,0.1799849800614726,0,0
user_3121,1,0.8894550422171832,1,1
user_3122,0,0.11091072612515407,0,0
user_3123,1,0.7453676808817842,1,1
user_3124,1,0.8888307056527297,1,1
user_3125,0,0.05707194775581235,0,0
user_3126,1,0.9401403670615082,1,1
user_3127,0,0.2340150432880796,0,0
user_3128,0,0.21168383691356893,0,0
user_3129,1,0.905315658981675,1,1
user_3130,1,0.9290085308849009,1,1
user_3131,0,0.31047222255010776,0,0
user_3132,1,0.9371393172606743,1,1
user_3133,1,0.8002683047677116,1,1
user_3134,0,0.38638853230106296,0,0
user_3135,1,0.7584535419461355,1,1
user_3136,1,0.7178750093227917,1,1
user_3137,1,0.2860543079016923,0,0
user_3138,0,0.10480311051843741,0,0
user_3139,0,0.655851026480914,1,1
user_3140,1,0.8387424148291671,1,1
user_3141,1,0.9444477525330092,1,1
user_3142,0,0.3111117722733614,0,0
user_3143,1,0.8469511772764268,1,1
user_3144,0,0.2002889100801626,0,0
user_3145,1,0.8746091266769349,1,1
user_3146,0,0.26838719983279186,0,0
user_3147,1,0.725583351730784,1,1
user_3148,0,0.37471120400742725,0,0
user_3149,1,0.5058293207258104,1,0
user_3150,1,0.5459056159711785,1,0
user_3151,0,0.8295498287582588,1,1
user_3152,0,0.373366133434844,0,0
user_3153,0,0.26063198618423944,0,0
user_3154,0,0.8814926545358094,1,1
user_3155,1,0.8108408191741315,1,1
user_3156,0,0.0401968543112179,0,0
user_3157,0,0.5697536486032265,1,1
user_3158,0,0.2709037360025028,0,0
user_3159,0,0.1999531867681431,0,0
user_3160,0,0.10181107260971774,0,0
user_3161,1,0.9374865961173671,1,1
user_3162,1,0.7130097072657836,1,0
user_3163,1,0.9124335813605008,1,1
user_3164,1,0.6681663083952157,1,0
user_3165,0,0.32546798267102345,0,0
user_3166,1,0.37548930276950254,0,0
user_3167,1,0.7301484224816622,1,1
user_3168,1,0.9176644002295039,1,1
user_3169,1,0.6706931994443991,1,1
user_3170,0,0.023339506736772982,0,0
user_3171,1,0.6788771517000812,1,0
user_3172,1,0.9782287849164485,1,1
user_3173,1,0.7684203797415626,1,1
user_3174,0,0.38765369294580887,0,0
user_3175,1,0.8345534959463592,1,1
user_3176,0,0.263777384403183,0,0
user_3177,1,0.6868975713959656,1,1
user_3178,1,0.8987475085973923,1,1
user_3179,0,0.009036995592263326,0,0
user_3180,1,0.9301324400040266,1,1
user_3181,1,0.808212028635182,1,1
user_3182,0,0.02200086997435911,0,0
user_3183,0,0.04105773373061042,0,0
user_3184,0,0.03085841433890052,0,0
user_3185,0,0.5281872972347311,1,1
user_3186,1,0.4624002307848121,0,0
user_3187,1,0.88335441761263,1,1
user_3188,1,0.4551779363048186,0,1
user_3189,1,0.3253170073825181,0,0
user_3190,1,0.945063362909393,1,1
user_3191,0,0.07336693620072646,0,0
user_3192,1,0.6382987346146453,1,0
user_3193,0,0.0323549166370773,0,0
user_3194,1,0.5607628411503481,1,0
user_3195,0,0.09761805181961027,0,0
user_3196,0,0.1712344670914897,0,0
user_3197,0,0.5083332739582713,1,1
user_3198,0,0.008421872512647414,0,0
user_3199,0,0.02154811190709536,0,0
user_3200,1,0.8504397280209515,1,1
user_3201,1,0.9729978789872262,1,1
user_3202,0,0.18920945960011684,0,0
user_3203,0,0.03153450528581062,0,0
user_3204,0,0.42808864704637434,0,0
user_3205,1,0.8625651488478089,1,1
user_3206,1,0.523952059621048,1,1
user_3207,1,0.8245421061742376,1,1
user_3208,1,0.6669872999052993,1,1
user_3209,1,0.9392372145305815,1,1
user_3210,0,0.08917782423567631,0,0
user_3211,0,0.5086572673253987,1,0
user_3212,0,0.17709380678201594,0,0
user_3213,1,0.7554506575904635,1,0
user_3214,0,0.11797326302965101,0,0
user_3215,0,0.027078232511794684,0,0
user_3216,0,0.4064086622991098,0,0
user_3217,1,0.4613966445028535,0,0
user_3218,1,0.8355818703410518,1,1
user_3219,0,0.038487300951810834,0,0
user_3220,0,0.24756366177759082,0,0
user_3221,1,0.5566969656461588,1,0
user_3222,1,0.34359406327859965,0,0
user_3223,1,0.6929827644695644,1,1
user_3224,0,0.3075905963720851,0,0
user_3225,0,0.2954150261413981,0,0
user_3226,1,0.5577041120678439,1,0
user_3227,1,0.9713688578194153,1,1
user_3228,0,0.07863749250619953,0,0
user_3229,0,0.24789397812960204,0,0
user_3230,0,0.16124673199373388,0,0
user_3231,0,0.8955056029265328,1,1
user_3232,0,0.21024093744306932,0,0
user_3233,1,0.764610856872623,1,1
user_3234,0,0.1164624504447669,0,0
user_3235,0,0.08826335455689538,0,0
user_3236,0,0.04335256926704854,0,0
user_3237,1,0.9688451511778396,1,1
user_3238,1,0.6567579775078849,1,1
user_3239,0,0.05959155734001161,0,0
user_3240,1,0.7243134527633992,1,1
user_3241,0,0.0401612460206836,0,0
user_3242,1,0.6651532679835954,1,1
user_3243,1,0.9373829288207308,1,1
user_3244,0,0.0813286276980064,0,0
user_3245,0,0.8457904264517098,1,1
user_3246,1,0.9359062290592649,1,1
user_3247,0,0.2020030116606193,0,0
user_3248,0,0.5982250761764311,1,1
user_3249,0,0.4661590789551739,0,0
user_3250,0,0.3805766921097439,0,0
user_3251,0,0.07088250814785962,0,0
user_3252,0,0.2278842128439931,0,0
user_3253,0,0.13525926086397222,0,0
user_3254,0,0.12818201304972104,0,0
user_3255,1,0.7194631998524679,1,0
user_3256,0,0.05110498654745858,0,0
user_3257,0,0.09981587298637615,0,0
user_3258,1,0.917126720388408,1,1
user_3259,0,0.07199162706374015,0,0
user_3260,1,0.766391184376078,1,1
user_3261,1,0.4309203649134933,0,0
user_3262,0,0.09438705786044631,0,0
user_3263,0,0.5602707365139192,1,0
user_3264,0,0.29191332130648745,0,0
user_3265,1,0.9382031014576836,1,1
user_3266,0,0.12514274594970454,0,0
user_3267,0,0.15043897272885468,0,0
user_3268,1,0.9337686599874652,1,1
user_3269,1,0.8995939751158045,1,1
user_3270,1,0.8984773911505137,1,1
user_3271,1,0.20222715163919702,0,0
user_3272,0,0.11869125445356017,0,0
user_3273,0,0.029858650062266966,0,0
user_3274,0,0.3729776160726261,0,0
user_3275,0,0.7200825069601734,1,1
user_3276,1,0.8419131075391517,1,1
user_3277,1,0.9583069644167331,1,1
user_3278,1,0.9579769423024387,1,1
user_3279,1,0.4655099882138787,0,0
user_3280,0,0.09922686848364673,0,0
user_3281,1,0.7460607595675074,1,0
user_3282,0,0.07429267452642557,0,0
user_3283,0,0.3876715734657505,0,0
user_3284,1,0.27314890192767893,0,0
user_3285,0,0.5858631313458905,1,0
user_3286,1,0.9262834135376927,1,1
user_3287,1,0.5832818980643711,1,1
user_3288,0,0.7244738542769003,1,1
user_3289,0,0.048359245510625544,0,0
user_3290,0,0.20998719210070158,0,0
user_3291,1,0.3687915374383009,0,0
user_3292,0,0.20399867841187405,0,0
user_3293,0,0.44711063522155786,0,0
user_3294,1,0.47959808859072545,0,0
user_3295,0,0.014239323816929522,0,0
user_3296,0,0.02628355948914746,0,0
user_3297,0,0.05064790511502754,0,0
user_3298,0,0.11692942154536991,0,0
user_3299,1,0.8090665401211297,1,1
user_3300,0,0.1237612101581406,0,0
user_3301,0,0.04200112352635023,0,0
user_3302,0,0.2131659564393979,0,0
user_3303,1,0.6346288782255634,1,1
user_3304,0,0.4704284791958677,0,0
user_3305,0,0.08744675024400218,0,0
user_3306,1,0.8311680574448995,1,1
user_3307,0,0.15207981317582414,0,0
user_3308,1,0.8042658212070256,1,1
user_3309,0,0.18841064345996264,0,0
user_3310,0,0.21995962189618642,0,0
user_3311,1,0.8604603847100651,1,1
user_3312,0,0.8313671811395146,1,1
user_3313,1,0.7877422995715605,1,1
user_3314,1,0.9267817406753126,1,1
user_3315,0,0.34187644929840016,0,0
user_3316,0,0.13650042131907378,0,0
user_3317,1,0.9204762303113657,1,1
user_3318,0,0.2112061535769674,0,0
user_3319,0,0.06973281008327785,0,0
user_3320,1,0.9190480526360874,1,1
user_3321,0,0.11077264768833857,0,0
user_3322,1,0.9299529019083446,1,1
user_3323,0,0.2634624080720095,0,0
user_3324,1,0.3476900248928556,0,0
user_3325,1,0.9669237509031131,1,1
user_3326,1,0.8797657070296877,1,1
user_3327,1,0.325018058103466,0,0
user_3328,0,0.019597608569318237,0,0
user_3329,0,0.08910883139022109,0,0
user_3330,1,0.9544652862499485,1,1
user_3331,0,0.17464630041712093,0,0
user_3332,0,0.22370383021528614,0,0
user_3333,0,0.023662737353642042,0,0
user_3334,1,0.8507787556997773,1,1
user_3335,0,0.3163624807554809,0,0
user_3336,1,0.3485586832982788,0,0
user_3337,0,0.17992836238237742,0,0
user_3338,1,0.9556291868652943,1,1
user_3339,1,0.9463047143929035,1,1
user_3340,0,0.1906925731453878,0,0
user_3341,1,0.9559676467114726,1,1
user_3342,1,0.4636433230051152,0,0
user_3343,0,0.19014216388302227,0,0
user_3344,1,0.9277778043508879,1,1
user_3345,0,0.23412145115003247,0,0
user_3346,0,0.2694702869631838,0,0
user_3347,0,0.06145414506866544,0,0
user_3348,0,0.04283040033392022,0,0
user_3349,1,0.7562486563916171,1,1
user_3350,1,0.6803046293312375,1,1
user_3351,1,0.6221312690998699,1,1
user_3352,1,0.5825532754676627,1,0
user_3353,1,0.9201504551464037,1,1
user_3354,0,0.08056954696465553,0,0
user_3355,1,0.6961237830944701,1,0
user_3356,1,0.5272980186007792,1,0
user_3357,0,0.1853777059376291,0,0
user_3358,0,0.32078504663800195,0,0
user_3359,1,0.9411329343792257,1,1
user_3360,0,0.014313703219207954,0,0
user_3361,0,0.27623132175740117,0,0
user_3362,1,0.4345274861468796,0,0
user_3363,1,0.7637826760715186,1,1
user_3364,0,0.18545536280126715,0,0
user_3365,0,0.12236185130828223,0,0
user_3366,0,0.4957552354226934,0,0
user_3367,0,0.7487695687808119,1,1
user_3368,0,0.007532801129574452,0,0
user_3369,1,0.048023268899968684,0,0
user_3370,0,0.012294513589910983,0,0
user_3371,1,0.9146249852411585,1,1
user_3372,1,0.8256570759988364,1,1
user_3373,1,0.7994486137918065,1,1
user_3374,1,0.9812505937898414,1,1
user_3375,0,0.06696670284339037,0,0
user_3376,1,0.7104823031663008,1,1
user_3377,1,0.24567125812036614,0,0
user_3378,0,0.1313456980855171,0,0
user_3379,1,0.8989842548077487,1,1
user_3380,0,0.26844106839340515,0,0
user_3381,1,0.46696076677930326,0,0
user_3382,0,0.2851266509455517,0,0
user_3383,1,0.8659893127993407,1,1
user_3384,0,0.23479738269452544,0,0
user_3385,1,0.950761656617038,1,1
user_3386,0,0.2483871772060084,0,0
user_3387,1,0.755690197324469,1,1
user_3388,0,0.24163015544370908,0,0
user_3389,1,0.22960841267202767,0,0
user_3390,1,0.8543500994718478,1,1
user_3391,0,0.8366972835951543,1,1
user_3392,0,0.3158388050415676,0,0
user_3393,1,0.6102127965946984,1,0
user_3394,1,0.7819105736449866,1,1
user_3395,0,0.5179803361374433,1,1
user_3396,0,0.079341964857161,0,0
user_3397,0,0.23773579982694623,0,0
user_3398,0,0.03134176815674373,0,0
user_3399,1,0.9554661214815754,1,1
user_3400,1,0.8038089022108023,1,1
user_3401,0,0.035802963823818215,0,0
user_3402,0,0.11666434407150322,0,0
user_3403,0,0.2507571557326737,0,0
user_3404,1,0.30931453524195507,0,0
user_3405,1,0.8890682497146901,1,1
user_3406,1,0.5719556244131969,1,1
user_3407,1,0.893667418689088,1,1
user_3408,1,0.8497158228056495,1,1
user_3409,1,0.5432639508653149,1,0
user_3410,0,0.06982278616162045,0,0
user_3411,0,0.19992043491330116,0,0
user_3412,1,0.8401749046684777,1,1
user_3413,0,0.11751890850026359,0,0
user_3414,0,0.058900917457459616,0,0
user_3415,0,0.23408443783083394,0,0
user_3416,0,0.16415446987835455,0,0
user_3417,0,0.897333043167918,1,1
user_3418,1,0.7524780828287524,1,1
user_3419,1,0.8208334577926139,1,1
user_3420,1,0.6621620381067315,1,1
user_3421,1,0.9575015433646511,1,1
user_3422,0,0.052382483881924166,0,0
user_3423,0,0.05460484095976773,0,0
user_3424,0,0.37197796139128053,0,0
user_3425,1,0.6455026700803171,1,1
user_3426,1,0.9624422367748616,1,1
user_3427,0,0.09561142824512851,0,0
user_3428,0,0.0748819216313749,0,0
user_3429,0,0.2803147354948021,0,0
user_3430,0,0.11093681637274758,0,0
user_3431,0,0.10031314727111053,0,0
user_3432,0,0.4654344324195469,0,0
user_3433,0,0.22891003241941257,0,0
user_3434,0,0.14546492365119437,0,0
user_3435,1,0.21793999234517827,0,0
user_3436,0,0.0718130996542666,0,0
user_3437,0,0.6237946792134148,1,1
user_3438,0,0.04584166784125164,0,0
user_3439,1,0.3879359309245597,0,0
user_3440,0,0.041733746294643964,0,0
user_3441,0,0.6863144503949945,1,0
user_3442,1,0.9530553236119627,1,1
user_3443,1,0.93376899244547,1,1
user_3444,0,0.1789901419335567,0,0
user_3445,1,0.6103077095408063,1,0
user_3446,1,0.951006702984332,1,1
user_3447,0,0.18244378843638476,0,0
user_3448,1,0.9537687289619421,1,1
user_3449,0,0.4397230063909861,0,0
user_3450,0,0.2888313579060838,0,0
user_3451,0,0.48769164375308843,0,0
user_3452,0,0.04052915619284753,0,0
user_3453,0,0.18793506282770434,0,0
user_3454,0,0.9281192657363073,1,1
user_3455,1,0.532888433132068,1,0
user_3456,0,0.13849761068189465,0,0
user_3457,1,0.550338192608765,1,0
user_3458,1,0.9552078611137556,1,1
user_3459,0,0.6522138330380705,1,1
user_3460,1,0.47256731700810833,0,1
user_3461,0,0.11542361056221355,0,0
user_3462,0,0.08388825209039204,0,0
user_3463,0,0.04443290267867303,0,0
user_3464,1,0.8958616467544289,1,1
user_3465,1,0.7331771329534478,1,1
user_3466,0,0.46553729739936794,0,0
user_3467,0,0.3758569159624699,0,0
user_3468,0,0.7473548484393451,1,1
user_3469,0,0.08672639954267418,0,0
user_3470,1,0.7226068901917948,1,1
user_3471,0,0.09121607347842302,0,0
user_3472,0,0.05949081149559613,0,0
user_3473,1,0.899300832255873,1,1
user_3474,0,0.08517834109740731,0,0
user_3475,1,0.3664617721712435,0,0
user_3476,0,0.3125075948381422,0,0
user_3477,1,0.3232530593844749,0,0
user_3478,0,0.6185560496907583,1,1
user_3479,0,0.4214223332862945,0,0
user_3480,0,0.031176037751320364,0,0
user_3481,0,0.040854250764891555,0,0
user_3482,1,0.7362280502967292,1,1
user_3483,1,0.9448288459772173,1,1
user_3484,0,0.32918356988395203,0,0
user_3485,0,0.03223921355942764,0,0
user_3486,0,0.05989635369960066,0,0
user_3487,1,0.32733025118106573,0,0
user_3488,0,0.1178720598534877,0,0
user_3489,0,0.5882751558432069,1,0
user_3490,0,0.08345551236664966,0,0
user_3491,1,0.9643685427884993,1,1
user_3492,0,0.16736426608808366,0,0
user_3493,1,0.8768360341256944,1,1
user_3494,1,0.7792929599011649,1,1
user_3495,0,0.30186826475351375,0,0
user_3496,0,0.0774283592079661,0,0
user_3497,1,0.5683005614270956,1,1
user_3498,1,0.954865025793312,1,1
user_3499,1,0.2234993679473935,0,0
user_3500,0,0.04096760064030676,0,0
user_3501,0,0.34686408500511473,0,0
user_3502,0,0.21247446841311132,0,0
user_3503,1,0.8901407957061523,1,1
user_3504,0,0.060141090368959406,0,0
user_3505,0,0.4078398404388491,0,0
user_3506,0,0.14251747535995113,0,0
user_3507,0,0.5276204945174805,1,0
user_3508,1,0.4808681104567921,0,0
user_3509,1,0.8760225819148367,1,1
user_3510,1,0.41249559378640216,0,0
user_3511,1,0.9406636063195295,1,1
user_3512,0,0.21387922509656335,0,0
user_3513,0,0.19582996853733636,0,0
user_3514,1,0.9246386019526102,1,1
user_3515,1,0.5282247882963796,1,0
user_3516,0,0.02195440377571367,0,0
user_3517,0,0.20736259259934145,0,0
user_3518,0,0.14655529173815707,0,0
user_3519,0,0.1059470496933355,0,0
user_3520,0,0.047186343418652923,0,0
user_3521,1,0.7301540530169188,1,1
user_3522,0,0.2165256365921765,0,0
user_3523,0,0.37969942276204194,0,0
user_3524,0,0.6302374172985227,1,1
user_3525,0,0.03234302409788227,0,0
user_3526,1,0.6262254318716306,1,1
user_3527,1,0.18015241929931186,0,0
user_3528,1,0.8990736054242114,1,1
user_3529,0,0.031390212943635976,0,0
user_3530,1,0.95499455727462,1,1
user_3531,1,0.8683247228113119,1,1
user_3532,0,0.30216411681329236,0,0
user_3533,1,0.09130212656574753,0,0
user_3534,1,0.900904449070714,1,1
user_3535,1,0.9436673495038435,1,1
user_3536,0,0.1382064100633904,0,0
user_3537,0,0.07645507527814693,0,0
user_3538,1,0.24135380835334475,0,0
user_3539,0,0.568228383793107,1,1
user_3540,0,0.24435335385440174,0,0
user_3541,0,0.5474497371964895,1,1
user_3542,1,0.6945917759875916,1,1
user_3543,0,0.6650498522067018,1,0
user_3544,1,0.6084394685660687,1,0
user_3545,0,0.2597960886434612,0,0
user_3546,0,0.12261614790992846,0,0
user_3547,0,0.09018207321234631,0,0
user_3548,0,0.12381665824880533,0,0
user_3549,1,0.8529141664177138,1,1
user_3550,1,0.6925619317655354,1,0
user_3551,0,0.04313293588587403,0,0
user_3552,1,0.9705248757787325,1,1
user_3553,0,0.8802311681521212,1,1
user_3554,1,0.30025419301025313,0,0
user_3555,0,0.6282900126877909,1,1
user_3556,0,0.1448241336771228,0,0
user_3557,0,0.09102467638625952,0,0
user_3558,0,0.5916030974104156,1,1
user_3559,0,0.055180202441942376,0,0
user_3560,1,0.9096706956656951,1,1
user_3561,1,0.4166778704766716,0,0
user_3562,1,0.9732017692981234,1,1
user_3563,0,0.31503758778212615,0,0
user_3564,1,0.8803179174267617,1,1
user_3565,1,0.9458718629786377,1,1
user_3566,1,0.7650550985398038,1,1
user_3567,1,0.8769160614549023,1,1
user_3568,0,0.23061818696079595,0,0
user_3569,1,0.8126607930529223,1,1
user_3570,1,0.1728464115051946,0,0
user_3571,0,0.5950073754416466,1,1
user_3572,0,0.06196124417241695,0,0
user_3573,0,0.3327881267496759,0,0
user_3574,1,0.8955828288962508,1,1
user_3575,0,0.4343185007785826,0,0
user_3576,1,0.4559348227334946,0,0
user_3577,1,0.4175704109915096,0,0
user_3578,0,0.2929535735185386,0,0
user_3579,1,0.9308463809940897,1,1
user_3580,1,0.9458203389806086,1,1
user_3581,1,0.3810726602757061,0,0
user_3582,0,0.43493249626356667,0,1
user_3583,0,0.3710920404073346,0,0
user_3584,1,0.154276064899505,0,0
user_3585,0,0.614660849092737,1,1
user_3586,1,0.804829405464038,1,1
user_3587,0,0.0976926563948908,0,0
user_3588,0,0.2571977216105775,0,0
user_3589,0,0.05201369261617754,0,0
user_3590,0,0.09231972695421599,0,0
user_3591,1,0.9665666502658001,1,1
user_3592,0,0.21035502587325275,0,0
user_3593,0,0.1270011560700087,0,0
user_3594,0,0.7697742210363134,1,1
user_3595,1,0.23647599127160854,0,0
user_3596,1,0.39824680297691456,0,0
user_3597,1,0.37168820761089555,0,0
user_3598,1,0.42409269898609253,0,0
user_3599,1,0.9225897254512753,1,1
user_3600,0,0.2047233802724951,0,0
user_3601,1,0.9483822162279066,1,1
user_3602,0,0.05455167632160369,0,0
user_3603,0,0.11984771238493826,0,0
user_3604,0,0.022191556249570407,0,0
user_3605,1,0.6806983781093766,1,1
user_3606,0,0.41952711068304643,0,0
user_3607,0,0.3511158421810303,0,0
user_3608,1,0.5694622944090633,1,1
user_3609,1,0.42050158499735035,0,0
user_3610,1,0.9660806364136821,1,1
user_3611,0,0.1319623898829158,0,0
user_3612,1,0.9254937088754843,1,1
user_3613,1,0.8800884374121839,1,1
user_3614,0,0.31041225186009025,0,0
user_3615,1,0.9093188250934336,1,1
user_3616,0,0.18500143741290642,0,0
user_3617,0,0.05578045374057174,0,0
user_3618,0,0.2650484869886009,0,0
user_3619,1,0.913097695907071,1,1
user_3620,1,0.8551869625888588,1,1
user_3621,0,0.715269962562688,1,1
user_3622,0,0.7372243458160124,1,1
user_3623,1,0.8661711704563811,1,1
user_3624,1,0.9644161953325266,1,1
user_3625,0,0.07190485867390621,0,0
user_3626,1,0.37533265576709646,0,0
user_3627,0,0.22953374008194957,0,0
user_3628,0,0.4957878464012451,0,1
user_3629,0,0.18634716998295478,0,0
user_3630,1,0.5289100686719522,1,0
user_3631,1,0.7416831238372936,1,1
user_3632,1,0.4766437430498373,0,0
user_3633,0,0.08065631790678954,0,0
user_3634,0,0.1272773144228513,0,0
user_3635,1,0.25695575027525713,0,0
user_3636,1,0.9668110852955486,1,1
user_3637,0,0.1317098228893607,0,0
user_3638,0,0.06705020896384575,0,0
user_3639,1,0.743386873649703,1,1
user_3640,1,0.6608826267561766,1,1
user_3641,1,0.9469271270587558,1,1
user_3642,1,0.9559531912791768,1,1
user_3643,1,0.8716354968768208,1,1
user_3644,0,0.1847231361688763,0,0
user_3645,0,0.06463102717114344,0,0
user_3646,0,0.047245640782090946,0,0
user_3647,0,0.14977472707819064,0,0
user_3648,0,0.5435432918829515,1,1
user_3649,1,0.9231613035526692,1,1
user_3650,1,0.9505411918247975,1,1
user_3651,1,0.9388172590668226,1,1
user_3652,0,0.02197657005252291,0,0
user_3653,0,0.4208279409778979,0,0
user_3654,0,0.08658115717052424,0,0
user_3655,1,0.9486585973168709,1,1
user_3656,0,0.5662694943838013,1,1
user_3657,0,0.13794210213828528,0,0
user_3658,1,0.7680876223950511,1,1
user_3659,1,0.5957801297656486,1,0
user_3660,0,0.08546677999789026,0,0
user_3661,1,0.5269333231550181,1,0
user_3662,1,0.8868959096925076,1,1
user_3663,1,0.48168227493309257,0,0
user_3664,1,0.845653326980915,1,1
user_3665,0,0.15077797191839054,0,0
user_3666,1,0.8471346208445856,1,1
user_3667,1,0.8254439905529257,1,1
user_3668,0,0.04163706534474085,0,0
user_3669,1,0.5663782718803814,1,0
user_3670,0,0.3098621109377124,0,0
user_3671,0,0.41462154578419136,0,0
user_3672,0,0.22014732585464444,0,0
user_3673,0,0.39845089035004927,0,0
user_3674,1,0.7146168306472682,1,1
user_3675,1,0.9685903158925547,1,1
user_3676,1,0.9716704455324883,1,1
user_3677,0,0.41308161026726403,0,0
user_3678,1,0.9286335167512195,1,1
user_3679,1,0.7835194137377134,1,1
user_3680,0,0.39813814398411324,0,1
user_3681,1,0.9354025590429192,1,1
user_3682,0,0.09798887443886166,0,0
user_3683,1,0.4989346365734495,0,0
user_3684,1,0.8371095880722682,1,1
user_3685,1,0.7487751463082457,1,1
user_3686,0,0.1738865050898067,0,0
user_3687,0,0.5286004639669799,1,1
user_3688,1,0.4809936976941961,0,0
user_3689,1,0.9585646781640251,1,1
user_3690,0,0.18979275358485725,0,0
user_3691,1,0.9824989584658349,1,1
user_3692,1,0.625230054796242,1,0
user_3693,0,0.31323290865388537,0,0
user_3694,1,0.9321991271974849,1,1
user_3695,1,0.8168856015729878,1,1
user_3696,0,0.19455480770562428,0,0
user_3697,1,0.8282704699561473,1,1
user_3698,1,0.5934016209863624,1,0
user_3699,0,0.5771481546398429,1,0
user_3700,0,0.019785726542797276,0,0
user_3701,1,0.8584975031527228,1,1
user_3702,0,0.1046635887215108,0,0
user_3703,1,0.9336374061774474,1,1
user_3704,1,0.6393021008477973,1,1
user_3705,0,0.5913186386448822,1,0
user_3706,1,0.9731497712227039,1,1
user_3707,1,0.8899496574806443,1,1
user_3708,1,0.9537881607548928,1,1
user_3709,0,0.49263832168799837,0,0
user_3710,1,0.6037815422980166,1,1
user_3711,0,0.18264664473514694,0,0
user_3712,0,0.43087529752723197,0,0
user_3713,1,0.36767708728953286,0,0
user_3714,1,0.6860103950628694,1,1
user_3715,0,0.8312391466948552,1,1
user_3716,0,0.09314139902711133,0,0
user_3717,0,0.03090466295247424,0,0
user_3718,0,0.024864530108691107,0,0
user_3719,1,0.6473730798869742,1,1
user_3720,1,0.7720078950118086,1,1
user_3721,0,0.07414098718424549,0,0
user_3722,1,0.9590005284557206,1,1
user_3723,1,0.6023526724402017,1,1
user_3724,1,0.877457560212699,1,1
user_3725,0,0.0586110404367824,0,0
user_3726,0,0.022510782166475122,0,0
user_3727,0,0.3456735293142413,0,0
user_3728,0,0.07373365843715397,0,0
user_3729,0,0.7869737218203143,1,1
user_3730,1,0.8585414319401805,1,1
user_3731,0,0.37412575227855915,0,0
user_3732,0,0.019644793907523387,0,0
user_3733,1,0.9733130169768617,1,1
user_3734,0,0.017477656793596166,0,0
user_3735,1,0.5686237361797546,1,0
user_3736,1,0.8506439675482128,1,1
user_3737,0,0.6335382926032443,1,1
user_3738,0,0.241039817847283,0,0
user_3739,0,0.2158785571573449,0,0
user_3740,0,0.04766035121190473,0,0
user_3741,0,0.6957255374390263,1,0
user_3742,0,0.015847700851483335,0,0
user_3743,0,0.5126695948248146,1,1
user_3744,0,0.11827048339371092,0,0
user_3745,1,0.9450767492143202,1,1
user_3746,0,0.11485125955921767,0,0
user_3747,0,0.33817134388064607,0,0
user_3748,0,0.586318898114092,1,0
user_3749,0,0.13796333085212026,0,0
user_3750,0,0.0499609017354384,0,0
user_3751,0,0.4744180638944055,0,0
user_3752,0,0.5055970634881478,1,0
user_3753,1,0.8388554129320378,1,0
user_3754,0,0.19958458757175299,0,0
user_3755,0,0.09765324071932675,0,0
user_3756,1,0.6101832001081113,1,1
user_3757,1,0.8441153674573733,1,1
user_3758,1,0.3532162401791915,0,0
user_3759,0,0.39609910904549506,0,0
user_3760,0,0.0784145156942977,0,0
user_3761,0,0.08696607363408716,0,0
user_3762,0,0.3332788998364182,0,0
user_3763,0,0.08308694596254493,0,0
user_3764,1,0.8390175714094472,1,1
user_3765,1,0.9368195132210989,1,1
user_3766,1,0.8441408188151082,1,1
user_3767,1,0.8297752916103048,1,1
user_3768,0,0.2560187544032511,0,0
user_3769,0,0.32675452333561783,0,0
user_3770,1,0.3083827398956347,0,0
user_3771,1,0.9684117370339518,1,1
user_3772,0,0.473532705705178,0,0
user_3773,1,0.6861504908556885,1,1
user_3774,0,0.1644750501222807,0,0
user_3775,0,0.44356357848157746,0,0
user_3776,0,0.278690925640273,0,0
user_3777,0,0.028724070008707442,0,0
user_3778,0,0.08294274535864522,0,0
user_3779,1,0.7509248154780792,1,1
user_3780,0,0.28650694051161274,0,0
user_3781,1,0.6519184371256269,1,0
user_3782,1,0.9521265318103175,1,1
user_3783,1,0.9622910414800488,1,1
user_3784,1,0.8647837467405963,1,1
user_3785,0,0.37345054087269025,0,0
user_3786,0,0.5095168435740635,1,1
user_3787,0,0.7725209592204954,1,1
user_3788,0,0.12400129703641875,0,0
user_3789,1,0.4987199749466182,0,1
user_3790,1,0.8776793162331252,1,1
user_3791,1,0.5158900139172927,1,0
user_3792,1,0.7337623907281484,1,1
user_3793,0,0.05658576202890249,0,0
user_3794,0,0.0964798026582159,0,0
user_3795,0,0.20308836209463602,0,0
user_3796,0,0.11195828230552128,0,0
user_3797,0,0.36006223268340537,0,0
user_3798,0,0.011082595728274806,0,0
user_3799,1,0.7545278199602229,1,1
user_3800,0,0.00885186241284767,0,0
user_3801,1,0.9582610508952847,1,1
user_3802,0,0.1634632365876935,0,0
user_3803,0,0.13707365896680831,0,0
user_3804,1,0.7162712755243955,1,1
user_3805,1,0.9606156806869631,1,1
user_3806,0,0.06128961857120397,0,0
user_3807,1,0.9560500859965193,1,1
user_3808,1,0.8721163159702949,1,1
user_3809,1,0.9636010008394952,1,1
user_3810,0,0.18791505503318165,0,0
user_3811,0,0.6051894188880993,1,1
user_3812,0,0.4022510177147172,0,0
user_3813,1,0.9049282212528633,1,1
user_3814,0,0.07636563166839715,0,0
user_3815,1,0.5618162232748002,1,1
user_3816,0,0.050473992281573385,0,0
user_3817,1,0.9183059381469032,1,1
user_3818,1,0.25243966128541556,0,0
user_3819,1,0.9233334716094155,1,1
user_3820,0,0.3335714140979541,0,0
user_3821,0,0.07623142176606484,0,0
user_3822,1,0.8436829913781095,1,1
user_3823,1,0.8269166614549821,1,1
user_3824,1,0.9501786771115273,1,1
user_3825,0,0.4717317803693345,0,1
user_3826,0,0.21466221748098463,0,0
user_3827,1,0.9506294374917623,1,1
user_3828,1,0.8855367705005688,1,1
user_3829,1,0.8698081600086816,1,1
user_3830,0,0.12491126974744513,0,0
user_3831,1,0.7960702480917305,1,1
user_3832,0,0.10424742198016977,0,0
user_3833,1,0.8555074456768853,1,1
user_3834,1,0.9370111950087275,1,1
user_3835,1,0.734692638322342,1,1
user_3836,0,0.6062367164430031,1,1
user_3837,1,0.4340626518019148,0,0
user_3838,0,0.056781543012824565,0,0
user_3839,0,0.04699293504029701,0,0
user_3840,1,0.6611482016835368,1,1
user_3841,0,0.652777348944375,1,1
user_3842,0,0.31049003203404973,0,0
user_3843,0,0.024808246099296324,0,0
user_3844,1,0.9342129400526407,1,1
user_3845,0,0.4741193539085857,0,1
user_3846,1,0.5448409777162706,1,1
user_3847,1,0.3225661742130122,0,0
user_3848,0,0.3897622718831912,0,0
user_3849,0,0.07666417793302051,0,0
user_3850,1,0.9686412367488163,1,1
user_3851,1,0.834802973629408,1,1
user_3852,0,0.11780119352642847,0,0
user_3853,1,0.6095357408986858,1,1
user_3854,1,0.6778244874715466,1,0
user_3855,0,0.17461211059651438,0,0
user_3856,0,0.41713378049730193,0,0
user_3857,0,0.4749318233773044,0,1
user_3858,0,0.04374719571343464,0,0
user_3859,1,0.9824544741194938,1,1
user_3860,0,0.04660615630335381,0,0
user_3861,0,0.18411321582819054,0,0
user_3862,0,0.5326962171714319,1,0
user_3863,1,0.9359692625457016,1,1
user_3864,0,0.3011972775928645,0,0
user_3865,1,0.7672869493229275,1,1
user_3866,0,0.3001386387286702,0,0
user_3867,1,0.8479278667507427,1,1
user_3868,1,0.9077478838190768,1,1
user_3869,0,0.44792658567505084,0,0
user_3870,1,0.6402064575168773,1,0
user_3871,1,0.9394692793857881,1,1
user_3872,1,0.9789847410912392,1,1
user_3873,1,0.7193046404779654,1,1
user_3874,0,0.9680211736020499,1,1
user_3875,1,0.39794080100883145,0,0
user_3876,1,0.9557468590168661,1,1
user_3877,1,0.9056162688626492,1,1
user_3878,0,0.4118365880303455,0,0
user_3879,1,0.9576457902780364,1,1
user_3880,0,0.3788165236580413,0,0
user_3881,1,0.6962542398632533,1,1
user_3882,0,0.10159914981131345,0,0
user_3883,0,0.6773976897195593,1,1
user_3884,1,0.9540093254875942,1,1
user_3885,0,0.2698355167398489,0,0
user_3886,1,0.14046328439876865,0,0
user_3887,1,0.801709839085171,1,1
user_3888,0,0.02710693102252536,0,0
user_3889,1,0.8681653164633768,1,1
user_3890,0,0.07724594005832718,0,0
user_3891,0,0.11335317541245063,0,0
user_3892,1,0.967612885526469,1,1
user_3893,0,0.2208526550063593,0,0
user_3894,1,0.8216100073319853,1,1
user_3895,1,0.4071127950953386,0,0
user_3896,0,0.0668128206149605,0,0
user_3897,0,0.08959372990936876,0,0
user_3898,1,0.323507865689802,0,0
user_3899,0,0.19240026803477475,0,0
user_3900,0,0.48094057606053214,0,0
user_3901,1,0.8834981786042087,1,1
user_3902,0,0.060848339562677885,0,0
user_3903,1,0.37095652343432206,0,0
user_3904,0,0.05312071216414671,0,0
user_3905,0,0.05217025886825914,0,0
user_3906,0,0.22536526168832302,0,0
user_3907,1,0.9244558783792973,1,1
user_3908,0,0.800835753790762,1,1
user_3909,1,0.9387789632954381,1,1
user_3910,0,0.21596392592443994,0,0
user_3911,0,0.5035241825912437,1,1
user_3912,0,0.21161707330394047,0,0
user_3913,1,0.892268201133975,1,1
user_3914,1,0.5166661551201571,1,0
user_3915,0,0.6627726269967544,1,1
user_3916,0,0.07125150718942268,0,0
user_3917,1,0.7028363800958056,1,1
user_3918,0,0.19451915950211374,0,0
user_3919,1,0.9227162708921721,1,1
user_3920,0,0.08316150746156631,0,0
user_3921,0,0.07784808616731137,0,0
user_3922,1,0.47077408988207686,0,0
user_3923,1,0.6931004193364924,1,1
user_3924,1,0.6945446660968206,1,1
user_3925,0,0.7963563672415884,1,1
user_3926,1,0.699311445328326,1,1
user_3927,1,0.8486561101587239,1,1
user_3928,0,0.1591683700300483,0,0
user_3929,0,0.2624123125932181,0,0
user_3930,1,0.49331763437292786,0,1
user_3931,0,0.34871644202975904,0,0
user_3932,1,0.7256462800302631,1,1
user_3933,1,0.4667198120427121,0,0
user_3934,1,0.7740819337370933,1,1
user_3935,1,0.7020211928418124,1,1
user_3936,1,0.5166530937995691,1,0
user_3937,0,0.8345888874437232,1,1
user_3938,1,0.5645279781213778,1,1
user_3939,0,0.2092924762562705,0,0
user_3940,1,0.813146161278339,1,1
user_3941,0,0.2798295297652824,0,0
user_3942,1,0.5099457443515231,1,1
user_3943,0,0.3035311078828319,0,0
user_3944,1,0.7053124403860838,1,1
user_3945,0,0.02339179348837646,0,0
user_3946,0,0.6236860905841264,1,0
user_3947,0,0.2528605975167512,0,0
user_3948,0,0.056854185463663144,0,0
user_3949,1,0.43395909325881166,0,0
user_3950,1,0.8313396458588713,1,1
user_3951,0,0.04644007688671634,0,0
user_3952,1,0.5909325467307679,1,0
user_3953,1,0.9642178066491566,1,1
user_3954,0,0.6855237966222116,1,0
user_3955,1,0.981905362850438,1,1
user_3956,1,0.5778541561825481,1,0
user_3957,1,0.7746321028414581,1,1
user_3958,1,0.7020364498195502,1,1
user_3959,1,0.6824666773166504,1,1
user_3960,0,0.06227021478545994,0,0
user_3961,1,0.7579348213418913,1,1
user_3962,0,0.4825571987674909,0,0
user_3963,0,0.020962342650307123,0,0
user_3964,1,0.9426719979701178,1,1
user_3965,1,0.47307007940160795,0,0
user_3966,1,0.4163300314819512,0,0
user_3967,0,0.3546834958855936,0,0
user_3968,0,0.08642496136302297,0,0
user_3969,1,0.8343677780934522,1,1
user_3970,0,0.023081880489628056,0,0
user_3971,0,0.10553233564529514,0,0
user_3972,1,0.9512052081588102,1,1
user_3973,0,0.3167571243124632,0,0
user_3974,1,0.9149838997070826,1,1
user_3975,1,0.42657028399249547,0,0
user_3976,1,0.8376670753842675,1,1
user_3977,0,0.470160139186038,0,0
user_3978,1,0.7202740723415647,1,1
user_3979,0,0.13414541026661012,0,0
user_3980,1,0.20505203607582764,0,0
user_3981,0,0.07768787833623932,0,0
user_3982,0,0.5666271690488934,1,1
user_3983,0,0.12991168388451452,0,0
user_3984,1,0.5263791919904606,1,1
user_3985,0,0.1624031566807736,0,0
user_3986,0,0.5158666048785228,1,0
user_3987,1,0.4555811849062489,0,0
user_3988,1,0.5694994090937763,1,0
user_3989,1,0.9488061068776786,1,1
user_3990,1,0.6662312751209407,1,1
user_3991,0,0.4245376335680633,0,0
user_3992,0,0.22874001122402657,0,0
user_3993,1,0.5620466613507359,1,0
user_3994,0,0.36900402161168716,0,0
user_3995,1,0.6226886116413808,1,0
user_3996,0,0.22684122714219163,0,0
user_3997,0,0.014862497489893328,0,0
user_3998,0,0.4176503076005596,0,0
user_3999,0,0.12941613528292623,0,0
user_4000,0,0.040308449713918185,0,0
user_4001,1,0.976877396727805,1,1
user_4002,1,0.9236084988997793,1,1
user_4003,1,0.9551179933582202,1,1
user_4004,0,0.12384039445854159,0,0
user_4005,1,0.7808744576372753,1,1
user_4006,1,0.5592071335705805,1,0
user_4007,0,0.04586220568929769,0,0
user_4008,0,0.5937965359693567,1,1
user_4009,1,0.9691709407800119,1,1
user_4010,0,0.011143857778192498,0,0
user_4011,0,0.16136456609995012,0,0
user_4012,0,0.5104031805932825,1,0
user_4013,1,0.8650883791043983,1,1
user_4014,0,0.046419596456750284,0,0
user_4015,0,0.07138991420546284,0,0
user_4016,0,0.5430837435464574,1,0
user_4017,1,0.8895124720995111,1,1
user_4018,1,0.8971042027375732,1,1
user_4019,0,0.7769896698475888,1,1
user_4020,0,0.019381823874711816,0,0
user_4021,0,0.6803919196512948,1,1
user_4022,0,0.13504881506975264,0,0
user_4023,0,0.10061676821969343,0,0
user_4024,1,0.29282960527059254,0,0
user_4025,1,0.9550118685069194,1,1
user_4026,1,0.9261250943779129,1,1
user_4027,1,0.6797109428585147,1,0
user_4028,1,0.8097305609648008,1,1
user_4029,1,0.8884685773967139,1,1
user_4030,1,0.9578556193322011,1,1
user_4031,1,0.9434318949689776,1,1
user_4032,1,0.8543628263298907,1,1
user_4033,0,0.7693506926707966,1,1
user_4034,0,0.2997318253527609,0,0
user_4035,1,0.6127183124492573,1,1
user_4036,0,0.9333435121168192,1,1
user_4037,0,0.12370149440169868,0,0
user_4038,0,0.05299736521032768,0,0
user_4039,1,0.5576956171501977,1,0
user_4040,1,0.9073714245356689,1,1
user_4041,0,0.03212133676754694,0,0
user_4042,1,0.5474452512139426,1,0
user_4043,0,0.6846198851997134,1,1
user_4044,0,0.12115967865411136,0,0
user_4045,1,0.16625025777344954,0,0
user_4046,0,0.0683930951449139,0,0
user_4047,0,0.4636307747348397,0,0
user_4048,1,0.28477179897325544,0,0
user_4049,0,0.35914265904924636,0,0
user_4050,1,0.6961365358733292,1,1
user_4051,1,0.9149089261245075,1,1
user_4052,1,0.9220678128584892,1,1
user_4053,1,0.7735684356855531,1,1
user_4054,1,0.8536823272861659,1,1
user_4055,0,0.27555091205783605,0,0
user_4056,0,0.10089628269219347,0,0
user_4057,1,0.971069557477961,1,1
user_4058,0,0.06277959523776654,0,0
user_4059,0,0.1291754639342018,0,0
user_4060,0,0.12726400796977763,0,0
user_4061,1,0.8779709216049892,1,1
user_4062,0,0.16717514637046338,0,0
user_4063,1,0.15665571883560692,0,0
user_4064,1,0.8848025921454238,1,1
user_4065,1,0.84670451913376,1,1
user_4066,0,0.013997491078875577,0,0
user_4067,0,0.06157210161551698,0,0
user_4068,1,0.9652587548272328,1,1
user_4069,1,0.8554420598038177,1,1
user_4070,0,0.050287753213994195,0,0
user_4071,0,0.12609318787843224,0,0
user_4072,0,0.810939853089415,1,1
user_4073,1,0.8499119567162515,1,1
user_4074,0,0.13235891279083728,0,0
user_4075,1,0.6231362582793155,1,0
user_4076,0,0.011616181437415808,0,0
user_4077,1,0.9187744005028537,1,1
user_4078,0,0.05243705255251059,0,0
user_4079,0,0.3939950177947626,0,0
user_4080,1,0.746447954702202,1,1
user_4081,0,0.11728502541616945,0,0
user_4082,1,0.7229323163347613,1,1
user_4083,1,0.4398858420512669,0,0
user_4084,1,0.3231283636144194,0,0
user_4085,1,0.93865654281499,1,1
user_4086,0,0.24464874370057174,0,0
user_4087,1,0.8722145685903581,1,1
user_4088,0,0.12442370744295296,0,0
user_4089,1,0.7653827851460827,1,1
user_4090,1,0.8958925281095113,1,1
user_4091,0,0.24739416034132536,0,0
user_4092,1,0.7874678123759156,1,1
user_4093,1,0.794580702242613,1,1
user_4094,1,0.9165813709145817,1,1
user_4095,1,0.6810215465800549,1,1
user_4096,1,0.36593115198622833,0,0
user_4097,1,0.923737042913623,1,1
user_4098,1,0.9634325147465143,1,1
user_4099,0,0.6786359132461923,1,1
user_4100,0,0.5966965709521285,1,1
user_4101,0,0.23755320630009716,0,0
user_4102,1,0.5667642025726601,1,1
user_4103,0,0.07221550689822971,0,0
user_4104,1,0.8332056412453043,1,1
user_4105,1,0.9334297368310088,1,1
user_4106,1,0.20846683941967334,0,0
user_4107,1,0.9040976672566878,1,1
user_4108,0,0.15860138526781264,0,0
user_4109,1,0.9456657168247443,1,1
user_4110,1,0.9451070967504261,1,1
user_4111,0,0.4260131200474216,0,0
user_4112,0,0.19787081546393015,0,0
user_4113,0,0.5786680582123355,1,1
user_4114,0,0.5314846053867668,1,0
user_4115,1,0.4761812705262231,0,0
user_4116,1,0.5196318708276461,1,0
user_4117,0,0.2469918983517366,0,0
user_4118,1,0.4709328819336894,0,0
user_4119,0,0.13487729958832775,0,0
user_4120,1,0.6109280213863684,1,1
user_4121,0,0.11100626591291049,0,0
user_4122,1,0.9126050359437566,1,1
user_4123,1,0.8255246276429512,1,1
user_4124,1,0.383683610114242,0,0
user_4125,0,0.2531171737670251,0,0
user_4126,1,0.3771635618184678,0,0
user_4127,0,0.02675283981336131,0,0
user_4128,0,0.22752299350405678,0,0
user_4129,0,0.11670216040365508,0,0
user_4130,0,0.5010738033813336,1,0
user_4131,0,0.7611857537740967,1,1
user_4132,0,0.28046081603604694,0,0
user_4133,0,0.14779169593606667,0,0
user_4134,0,0.7015638964275044,1,0
user_4135,1,0.3348175922467633,0,0
user_4136,0,0.6634762006746908,1,1
user_4137,1,0.9504552554348574,1,1
user_4138,0,0.8564400073387206,1,1
user_4139,0,0.36070177775459633,0,0
user_4140,1,0.6232625633467525,1,0
user_4141,1,0.7693506604963789,1,1
user_4142,0,0.10229354511930201,0,0
user_4143,1,0.9396621876573938,1,1
user_4144,0,0.04344782627881659,0,0
user_4145,0,0.2741612551873495,0,0
user_4146,1,0.5862169873291646,1,1
user_4147,0,0.28698089938883325,0,0
user_4148,1,0.8657525196902467,1,1
user_4149,1,0.9478031425936089,1,1
user_4150,0,0.3193598412551551,0,0
user_4151,0,0.5236221208360339,1,1
user_4152,0,0.48098565439351715,0,0
user_4153,0,0.1057977609988,0,0
user_4154,1,0.953036453131294,1,1
user_4155,1,0.8412804123087698,1,1
user_4156,0,0.06657151564928278,0,0
user_4157,0,0.05563269037544799,0,0
user_4158,1,0.6075777945331207,1,1
user_4159,0,0.31672531277279636,0,0
user_4160,0,0.3453218175677597,0,0
user_4161,1,0.6688019185730677,1,0
user_4162,1,0.9141527552189924,1,1
user_4163,0,0.2751880479150016,0,0
user_4164,1,0.9322679586559481,1,1
user_4165,0,0.1612001667951595,0,0
user_4166,0,0.4666910394230042,0,0
user_4167,0,0.07855579037764994,0,0
user_4168,1,0.5689846054545465,1,0
user_4169,1,0.741347983289862,1,1
user_4170,1,0.8465639724461566,1,1
user_4171,1,0.9083673745701628,1,1
user_4172,1,0.38792852774919706,0,0
user_4173,0,0.1387327419178092,0,0
user_4174,0,0.031073777251982015,0,0
user_4175,1,0.6303610453325963,1,0
user_4176,0,0.03742313605378421,0,0
user_4177,1,0.828930165074046,1,1
user_4178,0,0.34165212356019814,0,0
user_4179,1,0.5219357797747818,1,0
user_4180,1,0.981096088474917,1,1
user_4181,1,0.9018738629211476,1,1
user_4182,1,0.959713056960496,1,1
user_4183,1,0.6026727991716507,1,1
user_4184,0,0.354979362060623,0,0
user_4185,0,0.125098494912215,0,0
user_4186,1,0.6829872465898443,1,1
user_4187,1,0.8076199916156626,1,1
user_4188,0,0.2655777998578575,0,0
user_4189,1,0.3681873358538017,0,0
user_4190,0,0.6005090802933287,1,1
user_4191,1,0.9594526422215821,1,1
user_4192,0,0.22242290494273195,0,0
user_4193,0,0.4630656008702484,0,1
user_4194,0,0.216903072677601,0,0
user_4195,0,0.051163019274337536,0,0
user_4196,1,0.9063237552762263,1,1
user_4197,0,0.22170822489694225,0,0
user_4198,0,0.18695236596939993,0,0
user_4199,0,0.05277636334521619,0,0
user_4200,0,0.06844426223766574,0,0
user_4201,0,0.358148750898208,0,0
user_4202,1,0.6971904450454701,1,0
user_4203,1,0.19670758613024003,0,0
user_4204,1,0.8129827373628348,1,1
user_4205,0,0.244582920780777,0,0
user_4206,0,0.05307235050486692,0,0
user_4207,1,0.9289498682474999,1,1
user_4208,0,0.014384649757495446,0,0
user_4209,0,0.7234274703331908,1,1
user_4210,0,0.029730924162717127,0,0
user_4211,0,0.7703191866756763,1,0
user_4212,0,0.0558320947457801,0,0
user_4213,0,0.08198303945563894,0,0
user_4214,0,0.7229418856756125,1,1
user_4215,0,0.3239242822733584,0,0
user_4216,0,0.4665571535027301,0,0
user_4217,1,0.651066234131857,1,1
user_4218,1,0.6899691549537162,1,0
user_4219,1,0.9285959260822263,1,1
user_4220,1,0.766627559274898,1,1
user_4221,0,0.10925981216631053,0,0
user_4222,1,0.718574054372877,1,1
user_4223,1,0.7843660229359072,1,1
user_4224,0,0.4961202894245176,0,1
user_4225,0,0.46436611069515343,0,0
user_4226,1,0.8869963517003854,1,1
user_4227,1,0.38559031430135576,0,0
user_4228,0,0.09634484603464671,0,0
user_4229,0,0.572881649507669,1,0
user_4230,1,0.5690386282420254,1,1
user_4231,1,0.8771249004010921,1,1
user_4232,0,0.06797591773873836,0,0
user_4233,0,0.17655708575641935,0,0
user_4234,1,0.6443116578834932,1,1
user_4235,0,0.4356013751655418,0,0
user_4236,1,0.36387097269267554,0,0
user_4237,0,0.11697195376596918,0,0
user_4238,0,0.06812463207479928,0,0
user_4239,0,0.26586232966901746,0,0
user_4240,0,0.19161459043215853,0,0
user_4241,0,0.27852352215244386,0,0
user_4242,1,0.9121754555015285,1,1
user_4243,0,0.09759811057884436,0,0
user_4244,1,0.8522880625053104,1,1
user_4245,0,0.016491135146259592,0,0
user_4246,0,0.266618911296919,0,0
user_4247,0,0.2609850676449745,0,0
user_4248,0,0.2886083226180431,0,0
user_4249,0,0.22039679406696833,0,0
user_4250,1,0.979659199589799,1,1
user_4251,0,0.23350351027184912,0,0
user_4252,1,0.570040385324479,1,0
user_4253,0,0.4857570438870755,0,0
user_4254,0,0.02207384151980861,0,0
user_4255,1,0.4410750175286024,0,0
user_4256,0,0.03410386780761383,0,0
user_4257,0,0.01677013548000192,0,0
user_4258,1,0.9562549240956476,1,1
user_4259,0,0.03655485794688374,0,0
user_4260,1,0.9051595820100423,1,1
user_4261,1,0.6309619525414175,1,1
user_4262,0,0.3351054272189158,0,0
user_4263,0,0.576354803130249,1,1
user_4264,1,0.8851891362401665,1,1
user_4265,1,0.7444570701781033,1,1
user_4266,0,0.5841811816225532,1,0
user_4267,1,0.8386282368109338,1,1
user_4268,1,0.9670523312592998,1,1
user_4269,0,0.09465649440634448,0,0
user_4270,1,0.5579039971292415,1,1
user_4271,0,0.15867997735263303,0,0
user_4272,1,0.43588625437654854,0,0
user_4273,0,0.665003098914508,1,1
user_4274,1,0.7466650033222177,1,1
user_4275,1,0.19371168824302912,0,0
user_4276,1,0.9225022121649957,1,1
user_4277,0,0.8120701623380758,1,1
user_4278,1,0.4100084533962311,0,0
user_4279,1,0.6031899438226345,1,0
user_4280,1,0.8360640597448478,1,1
user_4281,0,0.03958230709566731,0,0
user_4282,1,0.33778691776766795,0,0
user_4283,1,0.7338108700977914,1,1
user_4284,0,0.42107249864462204,0,0
user_4285,0,0.33787384307083884,0,0
user_4286,1,0.9410644590151545,1,1
user_4287,0,0.7933211182116673,1,1
user_4288,1,0.48985319094391777,0,0
user_4289,0,0.06191801998676219,0,0
user_4290,0,0.2551553456544898,0,0
user_4291,0,0.5241247395468805,1,1
user_4292,0,0.1879890084091357,0,0
user_4293,0,0.5305339176283356,1,1
user_4294,1,0.7616195632117884,1,1
user_4295,1,0.8712756093721032,1,1
user_4296,0,0.2852284372612636,0,0
user_4297,1,0.9409269052468449,1,1
user_4298,0,0.6057083211588263,1,0
user_4299,0,0.6076888914000101,1,0
user_4300,1,0.8857417679699637,1,1
user_4301,0,0.3132311412388911,0,0
user_4302,0,0.04032541910444022,0,0
user_4303,1,0.6883179391481965,1,1
user_4304,1,0.9453315782159888,1,1
user_4305,0,0.06506870183058742,0,0
user_4306,1,0.7534905476944428,1,1
user_4307,1,0.9713508702625265,1,1
user_4308,0,0.13310628574373165,0,0
user_4309,0,0.23633214129336513,0,0
user_4310,1,0.9135929141494474,1,1
user_4311,1,0.7404560088816464,1,1
user_4312,0,0.20971489509868074,0,0
user_4313,0,0.5322714156829363,1,0
user_4314,0,0.23804784269737692,0,0
user_4315,0,0.7887333832822812,1,1
user_4316,1,0.5738234070717405,1,1
user_4317,0,0.05414628946507957,0,0
user_4318,0,0.5256537998768304,1,0
user_4319,0,0.47560902497294694,0,0
user_4320,0,0.19830400029960504,0,0
user_4321,0,0.10653188528057606,0,0
user_4322,0,0.09584035688623899,0,0
user_4323,1,0.9227834262342482,1,1
user_4324,1,0.6760925769813615,1,0
user_4325,1,0.6915207228355637,1,1
user_4326,0,0.24627156359255864,0,0
user_4327,0,0.2767348257508102,0,0
user_4328,0,0.24554500532641085,0,0
user_4329,1,0.8524261174888643,1,1
user_4330,0,0.30051874133993023,0,0
user_4331,0,0.1479747327497124,0,0
user_4332,0,0.08021639683200807,0,0
user_4333,0,0.19841590085534888,0,0
user_4334,0,0.14740506122263455,0,0
user_4335,0,0.05406215236382446,0,0
user_4336,0,0.0979058161719174,0,0
user_4337,0,0.4814114698953538,0,1
user_4338,0,0.06887474610063693,0,0
user_4339,1,0.9147646263974055,1,1
user_4340,0,0.20973505998484784,0,0
user_4341,0,0.20481352475961143,0,0
user_4342,0,0.24746566178708188,0,0
user_4343,1,0.655837492890496,1,1
user_4344,0,0.2521932756863065,0,0
user_4345,0,0.1288637511803662,0,0
user_4346,1,0.9583345497820809,1,1
user_4347,1,0.8308867572683645,1,1
user_4348,0,0.7292208065872077,1,1
user_4349,0,0.12034122908592595,0,0
user_4350,0,0.2826849860944123,0,0
user_4351,1,0.8684653047010378,1,1
user_4352,0,0.19235452963689476,0,0
user_4353,1,0.3023828480286838,0,0
user_4354,1,0.8842313927893953,1,1
user_4355,0,0.010140635174155518,0,0
user_4356,0,0.13546184997503963,0,0
user_4357,1,0.9576635778846908,1,1
user_4358,1,0.44350956482216114,0,0
user_4359,1,0.453459351872482,0,0
user_4360,1,0.8677992560443134,1,1
user_4361,0,0.018122453831155027,0,0
user_4362,1,0.8294481377264223,1,1
user_4363,0,0.10411357850377098,0,0
user_4364,0,0.12318185437511635,0,0
user_4365,0,0.028165403254594292,0,0
user_4366,0,0.1695252467173078,0,0
user_4367,1,0.7796681264514582,1,1
user_4368,0,0.19965199510652107,0,0
user_4369,1,0.1976992225632469,0,0
user_4370,0,0.2769673871118337,0,0
user_4371,0,0.08774146240044728,0,0
user_4372,1,0.8884010437619029,1,1
user_4373,1,0.663572593234634,1,1
user_4374,0,0.37512707532757295,0,0
user_4375,1,0.7800014445347769,1,1
user_4376,0,0.8115944034231448,1,1
user_4377,0,0.22574292955111322,0,0
user_4378,0,0.007902510069394996,0,0
user_4379,0,0.6728504914018337,1,1
user_4380,1,0.8278599065877675,1,1
user_4381,0,0.09763449572579554,0,0
user_4382,0,0.22350450515870227,0,0
user_4383,1,0.4303888064678376,0,0
user_4384,0,0.24498501500739545,0,0
user_4385,1,0.9618879707636235,1,1
user_4386,0,0.34531113938875846,0,0
user_4387,0,0.05518973830381573,0,0
user_4388,1,0.7520055137948206,1,1
user_4389,1,0.7767005274582796,1,1
user_4390,1,0.8584798490191975,1,1
user_4391,1,0.49338515897752,0,0
user_4392,1,0.5717043289143798,1,0
user_4393,0,0.08021593415112958,0,0
user_4394,0,0.5844197903176518,1,1
user_4395,0,0.12052326495232911,0,0
user_4396,0,0.501241464103117,1,0
user_4397,1,0.9287998708675006,1,1
user_4398,0,0.05699388644564208,0,0
user_4399,1,0.5842160254778413,1,1
user_4400,1,0.9757887107441614,1,1
user_4401,0,0.8096396552608682,1,1
user_4402,1,0.8656552830240156,1,1
user_4403,1,0.34676958373682115,0,0
user_4404,0,0.49527303142973156,0,0
user_4405,0,0.5612260425602493,1,0
user_4406,1,0.5773131741042036,1,1
user_4407,0,0.5492867705349562,1,1
user_4408,0,0.07893435903609089,0,0
user_4409,1,0.9398962757690438,1,1
user_4410,1,0.8406990671592297,1,1
user_4411,0,0.15174691919640693,0,0
user_4412,0,0.01137297461907187,0,0
user_4413,0,0.12018068290288263,0,0
user_4414,1,0.34393224441602055,0,0
user_4415,0,0.1157927310645046,0,0
user_4416,1,0.8991675529303349,1,1
user_4417,0,0.5289310860496581,1,1
user_4418,0,0.571204305632861,1,1
user_4419,1,0.8726408171258332,1,1
user_4420,0,0.18333244146214125,0,0
user_4421,0,0.6473741399309992,1,0
user_4422,0,0.3787232253074691,0,0
user_4423,0,0.06731035440902097,0,0
user_4424,0,0.04578213726924745,0,0
user_4425,0,0.3269683892100722,0,0
user_4426,1,0.2002309253606863,0,0
user_4427,0,0.49244274195746784,0,0
user_4428,0,0.02790029341474382,0,0
user_4429,0,0.07636763972367978,0,0
user_4430,0,0.07078624706049422,0,0
user_4431,1,0.20994885018935638,0,0
user_4432,1,0.9725738718971096,1,1
user_4433,1,0.9045184317121302,1,1
user_4434,0,0.254502341113677,0,0
user_4435,0,0.6092088552011721,1,1
user_4436,0,0.12644516859223967,0,0
user_4437,1,0.9322991526345961,1,1
user_4438,0,0.25697901766091596,0,0
user_4439,1,0.810790343137772,1,1
user_4440,0,0.49428592585793135,0,0
user_4441,1,0.5422883451842558,1,0
user_4442,1,0.9533063549494483,1,1
user_4443,0,0.7417638848412936,1,1
user_4444,1,0.946857443500071,1,1
user_4445,1,0.9113017943913494,1,1
user_4446,0,0.3805285963194925,0,0
user_4447,1,0.8044678686014182,1,1
user_4448,1,0.37779037048111436,0,0
user_4449,1,0.9215189446835179,1,1
user_4450,1,0.1545826760151119,0,0
user_4451,0,0.4880567081972956,0,0
user_4452,1,0.42894471664215605,0,0
user_4453,0,0.2359505460912422,0,0
user_4454,1,0.9870570746729945,1,1
user_4455,1,0.43381821257470526,0,0
user_4456,1,0.8213928250456333,1,1
user_4457,1,0.3895245519383584,0,0
user_4458,1,0.9444865767399504,1,1
user_4459,0,0.08761046803033232,0,0
user_4460,0,0.0713239904760208,0,0
user_4461,1,0.7235564009241403,1,1
user_4462,0,0.20374362977041496,0,0
user_4463,1,0.7884755283469139,1,1
user_4464,1,0.8203595325630224,1,1
user_4465,1,0.6063323774357782,1,1
user_4466,0,0.021517281664259893,0,0
user_4467,0,0.2759798854763758,0,0
user_4468,0,0.02291930123082263,0,0
user_4469,0,0.28968970898762475,0,0
user_4470,1,0.6270562081623897,1,1
user_4471,1,0.5168684036079524,1,0
user_4472,1,0.8810230981748434,1,1
user_4473,1,0.6423903091584141,1,1
user_4474,0,0.023940510906653723,0,0
user_4475,0,0.1039315736614918,0,0
user_4476,0,0.4119879021693672,0,0
user_4477,0,0.16453337544122115,0,0
user_4478,0,0.02353489374545092,0,0
user_4479,0,0.4268348970714529,0,1
user_4480,1,0.5493086576406254,1,1
user_4481,0,0.2987174067611788,0,0
user_4482,1,0.6885814953364121,1,1
user_4483,0,0.2797871520302859,0,0
user_4484,0,0.1341864296356981,0,0
user_4485,0,0.034329741327537966,0,0
user_4486,0,0.22459301806982324,0,0
user_4487,0,0.04275189524966275,0,0
user_4488,0,0.05111506805758401,0,0
user_4489,1,0.586964391110391,1,1
user_4490,1,0.2938441141687089,0,0
user_4491,1,0.8864323259477599,1,1
user_4492,0,0.12558823651856846,0,0
user_4493,0,0.4222431770260107,0,0
user_4494,0,0.020073118574271468,0,0
user_4495,0,0.6064313963799006,1,0
user_4496,1,0.733778509191792,1,1
user_4497,0,0.0288600023144967,0,0
user_4498,1,0.9805416603908437,1,1
user_4499,0,0.39054021349946033,0,0
user_4500,0,0.03903131483814094,0,0
user_4501,0,0.01514521707797375,0,0
user_4502,1,0.713959712396508,1,1
user_4503,1,0.8444578977405965,1,1
user_4504,0,0.011189471738709792,0,0
user_4505,1,0.9099851926756226,1,1
user_4506,1,0.3884581695081666,0,0
user_4507,0,0.13298446750465145,0,0
user_4508,0,0.05794409506547359,0,0
user_4509,1,0.9313623226623562,1,1
user_4510,1,0.9726455513278192,1,1
user_4511,0,0.26502430336669697,0,0
user_4512,1,0.909487527264338,1,1
user_4513,0,0.05453016608757184,0,0
user_4514,1,0.9507706586622802,1,1
user_4515,0,0.033784735208175105,0,0
user_4516,0,0.41269573946466626,0,0
user_4517,1,0.644262843399492,1,1
user_4518,0,0.005949461612557488,0,0
user_4519,0,0.2604700665617329,0,0
user_4520,0,0.0610819572325891,0,0
user_4521,0,0.04792552794370343,0,0
user_4522,0,0.5680243817087558,1,0
user_4523,1,0.8505054393744128,1,1
user_4524,1,0.36631483910489543,0,0
user_4525,1,0.9270618958881011,1,1
user_4526,1,0.849248196164106,1,0
user_4527,1,0.9859531593579411,1,1
user_4528,1,0.44223991201223345,0,0
user_4529,0,0.32292541218170756,0,0
user_4530,0,0.6387897190806487,1,1
user_4531,1,0.8473052360492616,1,1
user_4532,0,0.18264562737267312,0,0
user_4533,0,0.02601918466685389,0,0
user_4534,1,0.792714486845132,1,1
user_4535,1,0.33112498152316594,0,0
user_4536,0,0.9294081459053601,1,1
user_4537,1,0.6514093699329948,1,1
user_4538,1,0.6260589936803571,1,1
user_4539,0,0.4701277196975129,0,1
user_4540,0,0.2456203931040927,0,0
user_4541,0,0.49102813623751435,0,0
user_4542,0,0.050165257216549394,0,0
user_4543,1,0.6458963463842561,1,1
user_4544,1,0.9611562333201853,1,1
user_4545,0,0.043187302881045726,0,0
user_4546,0,0.7460175427383126,1,1
user_4547,1,0.9265587567480003,1,1
user_4548,0,0.055323649844291806,0,0
user_4549,0,0.08797807787149581,0,0
user_4550,0,0.7726341953587137,1,1
user_4551,0,0.10967216325494707,0,0
user_4552,0,0.17088687757774962,0,0
user_4553,1,0.651447824617784,1,1
user_4554,0,0.21286086440018637,0,0
user_4555,0,0.7467564574165135,1,1
user_4556,0,0.17756465196776125,0,0
user_4557,0,0.6485123736378449,1,1
user_4558,1,0.5858062893027661,1,1
user_4559,0,0.2399823500785905,0,0
user_4560,1,0.4696567126877959,0,0
user_4561,0,0.060065591868797105,0,0
user_4562,1,0.8719018756684718,1,1
user_4563,0,0.8131599263431615,1,1
user_4564,0,0.06435395430263444,0,0
user_4565,0,0.26577272114464034,0,0
user_4566,0,0.3661386522310703,0,0
user_4567,0,0.011376155455708584,0,0
user_4568,0,0.049835000543565995,0,0
user_4569,0,0.43459745740797956,0,0
user_4570,0,0.4211669560183584,0,0
user_4571,0,0.7857344516377806,1,1
user_4572,0,0.08471503566463061,0,0
user_4573,1,0.9404527517456978,1,1
user_4574,1,0.3749370759208731,0,0
user_4575,1,0.5642128206622555,1,0
user_4576,1,0.8779898514873506,1,1
user_4577,1,0.8411707979761573,1,1
user_4578,0,0.21806511790593586,0,0
user_4579,0,0.7614314997884466,1,1
user_4580,1,0.7899343756196087,1,1
user_4581,0,0.19467202531233774,0,0
user_4582,1,0.507884106331876,1,0
user_4583,1,0.9553119409465175,1,1
user_4584,0,0.023068892766684723,0,0
user_4585,0,0.34284204001280044,0,0
user_4586,1,0.9877832688412347,1,1
user_4587,1,0.5824439564730646,1,0
user_4588,0,0.16573620326493027,0,0
user_4589,0,0.011711804739449749,0,0
user_4590,0,0.36932976079813906,0,0
user_4591,1,0.8840272811251791,1,1
user_4592,1,0.648224752261174,1,0
user_4593,1,0.5791937539619958,1,1
user_4594,1,0.903983414965025,1,1
user_4595,1,0.6411706935792716,1,1
user_4596,1,0.9479388341433679,1,1
user_4597,0,0.15191416432620886,0,0
user_4598,0,0.0701934539690308,0,0
user_4599,1,0.9025668622087156,1,1
user_4600,0,0.41811633211906274,0,0
user_4601,1,0.9457284593035808,1,1
user_4602,1,0.645659001515545,1,1
user_4603,1,0.9003373804624778,1,1
user_4604,0,0.06308413018788815,0,0
user_4605,1,0.8981547204474949,1,1
user_4606,0,0.08616761186448064,0,0
user_4607,0,0.0760901521455494,0,0
user_4608,0,0.2795581305214986,0,0
user_4609,0,0.47184366178262016,0,0
user_4610,1,0.9608443881339298,1,1
user_4611,1,0.5529748072779028,1,0
user_4612,1,0.819334356643725,1,1
user_4613,1,0.9513801347809067,1,1
user_4614,0,0.25889621812811753,0,0
user_4615,0,0.021757613295020073,0,0
user_4616,1,0.7052762083144876,1,0
user_4617,0,0.3200836798043406,0,0
user_4618,1,0.8695405430401564,1,1
user_4619,0,0.7227645790679456,1,1
user_4620,1,0.9444569458592437,1,1
user_4621,0,0.021797136026541854,0,0
user_4622,0,0.16156197321754207,0,0
user_4623,0,0.3405757220261719,0,0
user_4624,1,0.8286193485271058,1,1
user_4625,0,0.34175033748398576,0,0
user_4626,1,0.7941825827426405,1,1
user_4627,1,0.3980464154423859,0,0
user_4628,0,0.19921775714377069,0,0
user_4629,1,0.8393299875681416,1,1
user_4630,1,0.9337350242342825,1,1
user_4631,1,0.7993903498900684,1,1
user_4632,0,0.03155887269862681,0,0
user_4633,1,0.8965822481969673,1,1
user_4634,0,0.6544161109801494,1,1
user_4635,0,0.3372393764281457,0,0
user_4636,1,0.9100658831283528,1,1
user_4637,1,0.8926519015555414,1,1
user_4638,0,0.04063054813387754,0,0
user_4639,0,0.13745282185994273,0,0
user_4640,0,0.049672172634074134,0,0
user_4641,0,0.5291896431206136,1,1
user_4642,0,0.7483394841934082,1,1
user_4643,1,0.948398893731961,1,1
user_4644,0,0.12949819643326002,0,0
user_4645,0,0.49857784343973266,0,0
user_4646,0,0.1757498364240488,0,0
user_4647,1,0.9480962144351553,1,1
user_4648,1,0.3912135473221197,0,0
user_4649,0,0.030829583498705862,0,0
user_4650,1,0.4031326811529228,0,0
user_4651,0,0.09739203753666498,0,0
user_4652,0,0.014977743814910575,0,0
user_4653,0,0.023583567035854375,0,0
user_4654,0,0.6287873633296817,1,1
user_4655,1,0.8707270274250098,1,1
user_4656,1,0.6748902174470964,1,0
user_4657,1,0.4363459365307289,0,0
user_4658,0,0.49703883191210757,0,1
user_4659,1,0.6187920305040809,1,0
user_4660,1,0.7381429834206081,1,1
user_4661,0,0.3860216143832396,0,0
user_4662,0,0.18707801331189447,0,0
user_4663,0,0.19284935063688868,0,0
user_4664,1,0.6064643284780441,1,1
user_4665,0,0.8187359724328762,1,1
user_4666,1,0.9712240197705699,1,1
user_4667,1,0.9770446355054591,1,1
user_4668,1,0.9168965931961748,1,1
user_4669,1,0.6946915230248885,1,1
user_4670,0,0.09407164363954158,0,0
user_4671,1,0.9677304666730526,1,1
user_4672,1,0.4118622650382802,0,1
user_4673,1,0.9643336024992389,1,1
user_4674,1,0.4794409627089236,0,0
user_4675,1,0.7679154894573447,1,0
user_4676,0,0.0747657266708088,0,0
user_4677,1,0.8914558281482932,1,1
user_4678,0,0.08732838535509478,0,0
user_4679,1,0.710515676610466,1,1
user_4680,0,0.2707524930179476,0,0
user_4681,0,0.04075301090650039,0,0
user_4682,0,0.23074943574900242,0,0
user_4683,0,0.02480982373802139,0,0
user_4684,0,0.0570567439755689,0,0
user_4685,1,0.9394148339503418,1,1
user_4686,0,0.3724430873853422,0,0
user_4687,0,0.02900166423435534,0,0
user_4688,0,0.2747549915256251,0,0
user_4689,0,0.10928525858194547,0,0
user_4690,1,0.28933153713296006,0,0
user_4691,0,0.20342397780166888,0,0
user_4692,0,0.03398294046196695,0,0
user_4693,1,0.621249116577724,1,1
user_4694,0,0.11656519439401025,0,0
user_4695,0,0.13413077172605514,0,0
user_4696,0,0.02321353164837185,0,0
user_4697,1,0.5736572437362226,1,0
user_4698,0,0.016250744317712135,0,0
user_4699,0,0.33741940090168865,0,0
user_4700,0,0.7240267582613473,1,0
user_4701,1,0.9586067370671062,1,1
user_4702,0,0.5521209370881727,1,0
user_4703,1,0.9413561353958542,1,1
user_4704,1,0.4327778839706276,0,0
user_4705,0,0.1102221328850655,0,0
user_4706,0,0.18451644512749837,0,0
user_4707,0,0.3164091203581752,0,0
user_4708,1,0.9117006703774744,1,1
user_4709,1,0.9122427533019981,1,1
user_4710,0,0.13838095383069832,0,0
user_4711,1,0.965090226769027,1,1
user_4712,1,0.9355821578325724,1,1
user_4713,1,0.5524338469222716,1,1
user_4714,0,0.6232526388946414,1,1
user_4715,0,0.6604849452904051,1,1
user_4716,1,0.8703535525386339,1,1
user_4717,0,0.04106969579599131,0,0
user_4718,0,0.04319424418303578,0,0
user_4719,0,0.8604905187218391,1,1
user_4720,0,0.325640372674519,0,0
user_4721,0,0.1454688061354395,0,0
user_4722,0,0.26478106214831065,0,0
user_4723,0,0.45719613060108844,0,1
user_4724,0,0.19658415325103837,0,0
user_4725,1,0.23356535289461694,0,0
user_4726,0,0.1366824250122822,0,0
user_4727,1,0.9398391820495192,1,1
user_4728,1,0.9591999859168743,1,1
user_4729,0,0.5632132217985081,1,0
user_4730,0,0.303634922497621,0,0
user_4731,1,0.634101547503155,1,1
user_4732,0,0.16222835498826546,0,0
user_4733,0,0.2464380280432076,0,0
user_4734,0,0.12724199850845183,0,0
user_4735,0,0.46008993815264726,0,0
user_4736,0,0.48534479769614364,0,1
user_4737,1,0.9208906845884168,1,1
user_4738,0,0.2462209484167171,0,0
user_4739,0,0.08251597947283856,0,0
user_4740,0,0.07648730183350204,0,0
user_4741,0,0.07652602735549173,0,0
user_4742,1,0.9581144130840119,1,1
user_4743,0,0.021512320616154896,0,0
user_4744,1,0.9409749376281561,1,1
user_4745,1,0.9125876804872131,1,1
user_4746,0,0.4369395497655344,0,0
user_4747,0,0.015893388121850725,0,0
user_4748,0,0.1564095769854428,0,0
user_4749,0,0.379290036168718,0,0
user_4750,0,0.2212247886089148,0,0
user_4751,0,0.016945522438902908,0,0
user_4752,1,0.8988406722490772,1,1
user_4753,0,0.30241823248454464,0,0
user_4754,1,0.8981985934168651,1,1
user_4755,1,0.9447185432872239,1,1
user_4756,0,0.08130113643663117,0,0
user_4757,1,0.9170792506453097,1,1
user_4758,1,0.8854752366318562,1,1
user_4759,0,0.46195548552130294,0,1
user_4760,0,0.1656759397958265,0,0
user_4761,1,0.9328537127190778,1,1
user_4762,1,0.8250095858486196,1,1
user_4763,0,0.3487326466799272,0,0
user_4764,0,0.008604908853058096,0,0
user_4765,1,0.6756961347731423,1,1
user_4766,0,0.032057022163229504,0,0
user_4767,0,0.21654144940028397,0,0
user_4768,1,0.9214117783147018,1,1
user_4769,1,0.9586395549008367,1,1
user_4770,1,0.5473312305596202,1,0
user_4771,1,0.7526870514215638,1,1
user_4772,1,0.6218647078733422,1,0
user_4773,1,0.7923450453066748,1,1
user_4774,0,0.47342305789764444,0,0
user_4775,0,0.04843559433359903,0,0
user_4776,1,0.8705544392606955,1,1
user_4777,0,0.03645604105946743,0,0
user_4778,1,0.9057185225113181,1,1
user_4779,1,0.8319972886766103,1,1
user_4780,1,0.6051852004796117,1,1
user_4781,0,0.10685824499274714,0,0
user_4782,0,0.05533354437998048,0,0
user_4783,1,0.4085791967070814,0,0
user_4784,0,0.2588566735462388,0,0
user_4785,1,0.9054957761976453,1,1
user_4786,1,0.9379753788311799,1,1
user_4787,0,0.12171622825602213,0,0
user_4788,0,0.5812063069460366,1,0
user_4789,1,0.9321589175071485,1,1
user_4790,1,0.6660271303328571,1,1
user_4791,0,0.13125799777244204,0,0
user_4792,1,0.9349158333761293,1,1
user_4793,0,0.10928213277201938,0,0
user_4794,1,0.869597672811982,1,1
user_4795,1,0.42358341615095196,0,1
user_4796,1,0.4480827455648316,0,0
user_4797,0,0.034896232611662414,0,0
user_4798,0,0.10305286790033442,0,0
user_4799,1,0.9492597310575887,1,1
user_4800,1,0.6747224681728102,1,1
user_4801,0,0.24451073766381223,0,0
user_4802,1,0.8076209045119873,1,1
user_4803,1,0.9661912284147263,1,1
user_4804,0,0.17821492982469853,0,0
user_4805,1,0.9400217294769264,1,1
user_4806,1,0.8710423006041138,1,1
user_4807,1,0.6425357307041687,1,1
user_4808,1,0.9557560314061844,1,1
user_4809,0,0.25831027838988146,0,0
user_4810,1,0.9241628179410105,1,1
user_4811,1,0.9158009002366451,1,1
user_4812,0,0.048233759756528716,0,0
user_4813,0,0.11481491208381975,0,0
user_4814,1,0.8711446160515546,1,1
user_4815,0,0.11668716180989676,0,0
user_4816,0,0.48406332822953035,0,1
user_4817,0,0.042340195885564924,0,0
user_4818,0,0.03396483472984779,0,0
user_4819,1,0.7366898340641788,1,1
user_4820,0,0.02193167679168299,0,0
user_4821,1,0.9372323262369656,1,1
user_4822,0,0.026906565238473696,0,0
user_4823,1,0.8110282998954065,1,1
user_4824,1,0.9353691550168592,1,1
user_4825,1,0.825672046713785,1,1
user_4826,0,0.2714975645182718,0,0
user_4827,1,0.9707387681603815,1,1
user_4828,1,0.6835369008890044,1,1
user_4829,0,0.08318285453959366,0,0
user_4830,1,0.8649285710731387,1,1
user_4831,0,0.03888154627699731,0,0
user_4832,1,0.3377069882979513,0,0
user_4833,0,0.3181861355623588,0,0
user_4834,0,0.17149073321267308,0,0
user_4835,1,0.7643440575589737,1,1
user_4836,0,0.2099050353403068,0,0
user_4837,0,0.2782105706557162,0,0
user_4838,0,0.24531400756857447,0,0
user_4839,1,0.3469807910308378,0,0
user_4840,0,0.06363447713870844,0,0
user_4841,1,0.23677800532636306,0,0
user_4842,0,0.0800910205163606,0,0
user_4843,0,0.038170373718655275,0,0
user_4844,1,0.7338970124884491,1,1
user_4845,0,0.32262358801471425,0,0
user_4846,0,0.1620200124520771,0,0
user_4847,1,0.8321514668641327,1,1
user_4848,1,0.7043638363283349,1,1
user_4849,0,0.05820672468630597,0,0
user_4850,1,0.9084710858485469,1,1
user_4851,0,0.17549274001308157,0,0
user_4852,0,0.026819489657067888,0,0
user_4853,0,0.045616980995724206,0,0
user_4854,0,0.01915012550712574,0,0
user_4855,0,0.09835771927197699,0,0
user_4856,1,0.9229200501406981,1,1
user_4857,0,0.020961336784166812,0,0
user_4858,0,0.4717502282097841,0,0
user_4859,0,0.09750392278850305,0,0
user_4860,0,0.9188993780940841,1,1
user_4861,1,0.7538051602819382,1,1
user_4862,1,0.8529245157322997,1,1
user_4863,1,0.6801101923756653,1,0
user_4864,1,0.8824922354623371,1,1
user_4865,0,0.22528703881713671,0,0
user_4866,1,0.29294421776785207,0,0
user_4867,1,0.9770435274843373,1,1
user_4868,1,0.9253431204120329,1,1
user_4869,1,0.9554447098896357,1,1
user_4870,1,0.8296962971304009,1,1
user_4871,0,0.06289036378073747,0,0
user_4872,1,0.9263884614042383,1,1
user_4873,1,0.8950513014092346,1,1
user_4874,1,0.8651776214135384,1,1
user_4875,1,0.713243617054009,1,1
user_4876,1,0.9334141658853619,1,1
user_4877,0,0.3996529278956036,0,0
user_4878,1,0.8733940086186891,1,1
user_4879,1,0.9040783212387843,1,1
user_4880,1,0.5858395383542091,1,0
user_4881,0,0.32493484267815814,0,0
user_4882,0,0.4610945432455288,0,0
user_4883,0,0.5055863033197647,1,0
user_4884,0,0.16724852867022394,0,0
user_4885,1,0.7273504184499785,1,1
user_4886,0,0.07622317445787616,0,0
user_4887,0,0.6615872798874328,1,0
user_4888,0,0.013404731698811394,0,0
user_4889,1,0.6652584225876411,1,1
user_4890,0,0.3347536618465719,0,0
user_4891,0,0.10417893498248729,0,0
user_4892,0,0.04641681360296417,0,0
user_4893,1,0.9431253082152288,1,1
user_4894,0,0.37167860501369776,0,0
user_4895,1,0.959553366841217,1,1
user_4896,0,0.07689276187086272,0,0
user_4897,0,0.13472669753013627,0,0
user_4898,0,0.5563952736100657,1,0
user_4899,0,0.1653420973799307,0,0
user_4900,0,0.017900172545297445,0,0
user_4901,0,0.031273629467812196,0,0
user_4902,0,0.10052918538289835,0,0
user_4903,1,0.5807704517165547,1,1
user_4904,1,0.9703587806672076,1,1
user_4905,1,0.9037782155948624,1,1
user_4906,1,0.7751352769041339,1,1
user_4907,1,0.8740732388399137,1,1
user_4908,0,0.2846422725006447,0,0
user_4909,1,0.9448307299174475,1,1
user_4910,0,0.17326152795806726,0,0
user_4911,1,0.6362106181014126,1,1
user_4912,0,0.020928182977682046,0,0
user_4913,1,0.7683341498599672,1,0
user_4914,0,0.5855737568119279,1,1
user_4915,0,0.4903263311492667,0,1
user_4916,1,0.9191140092182614,1,1
user_4917,1,0.8705252804727576,1,1
user_4918,0,0.06331081150275492,0,0
user_4919,0,0.380267772599671,0,1
user_4920,0,0.06347072615223423,0,0
user_4921,1,0.8399623782182635,1,1
user_4922,1,0.6209189008017654,1,1
user_4923,1,0.9608260409455447,1,1
user_4924,0,0.16407343417582745,0,0
user_4925,1,0.8502169840643165,1,1
user_4926,0,0.10235995679992203,0,0
user_4927,1,0.6357325094537831,1,1
user_4928,1,0.8973562045510904,1,1
user_4929,1,0.8626817323597453,1,1
user_4930,0,0.20294686144750798,0,0
user_4931,0,0.3047387595329425,0,0
user_4932,0,0.38453219910453323,0,0
user_4933,1,0.8969933389556917,1,1
user_4934,0,0.4456283903318468,0,0
user_4935,0,0.06586990707418018,0,0
user_4936,0,0.8443561189796548,1,1
user_4937,0,0.8169377498107636,1,1
user_4938,1,0.8917809002946441,1,1
user_4939,1,0.8745683663917834,1,1
user_4940,1,0.18020983250067493,0,0
user_4941,0,0.04634196035214217,0,0
user_4942,0,0.07754389838755539,0,0
user_4943,1,0.9119724471524083,1,1
user_4944,0,0.04533006148278991,0,0
user_4945,0,0.43161354984701233,0,0
user_4946,0,0.3248201510858546,0,0
user_4947,1,0.05835156714772155,0,0
user_4948,1,0.9728784857123111,1,1
user_4949,1,0.569949532684877,1,0
user_4950,0,0.20670193315619503,0,0
user_4951,1,0.399442337931054,0,0
user_4952,1,0.6156657106716025,1,0
user_4953,0,0.7435727656778346,1,1
user_4954,0,0.7795607443186449,1,1
user_4955,1,0.9382292176724767,1,1
user_4956,0,0.2251597336765486,0,0
user_4957,0,0.4008449207901482,0,0
user_4958,0,0.4235183576979093,0,0
user_4959,0,0.7104769654693246,1,1
user_4960,0,0.5224253485558168,1,1
user_4961,0,0.5753950263972611,1,0
user_4962,0,0.15723100546026156,0,0
user_4963,0,0.3172830061626868,0,0
user_4964,0,0.6696487097099109,1,1
user_4965,0,0.06789685712959072,0,0
user_4966,0,0.34604299576657827,0,0
user_4967,0,0.5376264819263394,1,1
user_4968,0,0.6152752078497499,1,1
user_4969,1,0.7926619222080343,1,1
user_4970,0,0.06231952169544571,0,0
user_4971,0,0.20856529644914754,0,0
user_4972,1,0.5992697922147077,1,1
user_4973,0,0.061220449140343816,0,0
user_4974,1,0.8196240894343577,1,1
user_4975,0,0.03789959033024104,0,0
user_4976,0,0.8765972684480645,1,1
user_4977,0,0.1440083051541661,0,0
user_4978,1,0.4133571568823115,0,0
user_4979,1,0.40399024052683474,0,0
user_4980,0,0.14968486499385356,0,0
user_4981,0,0.22223395203857735,0,0
user_4982,1,0.8685696619420638,1,1
user_4983,1,0.818544250575608,1,1
user_4984,1,0.38580951003288877,0,0
user_4985,0,0.7207339869229559,1,1
user_4986,1,0.8146012152271479,1,1
user_4987,0,0.1363577564044608,0,0
user_4988,1,0.9097126904661299,1,1
user_4989,1,0.9700262474870285,1,1
user_4990,1,0.22625416874764592,0,0
user_4991,0,0.11299052064596832,0,0
user_4992,1,0.27323648227557107,0,0
user_4993,1,0.7100930380425617,1,1
user_4994,0,0.08482604381214984,0,0
user_4995,0,0.031468056242604,0,0
user_4996,0,0.08537417722827594,0,0
user_4997,1,0.9556507166669612,1,1
user_4998,1,0.9280894612785916,1,1
user_4999,1,0.7945943547052526,1,1
user_5000,1,0.9711564525561177,1,1
user_5001,1,0.48905914689812524,0,0
user_5002,1,0.6632415731284187,1,0
user_5003,0,0.14591644314714594,0,0
user_5004,1,0.9578147264914768,1,1
user_5005,0,0.23335873122669942,0,0
user_5006,1,0.896367748403259,1,1
user_5007,1,0.7559226496141808,1,1
user_5008,0,0.5906039563821737,1,1
user_5009,1,0.8703614666937373,1,1
user_5010,0,0.14141796718077643,0,0
user_5011,0,0.1186617854025662,0,0
user_5012,0,0.37857540214894914,0,0
user_5013,1,0.9471375554645475,1,1
user_5014,1,0.8033315315836077,1,1
user_5015,1,0.7210499104460236,1,1
user_5016,0,0.15298896208787022,0,0
user_5017,0,0.05609422683146761,0,0
user_5018,0,0.1024461603350492,0,0
user_5019,0,0.023053903595240375,0,0
user_5020,0,0.5413127769277744,1,0
user_5021,1,0.6868908234135834,1,1
user_5022,1,0.8054819227781348,1,1
user_5023,0,0.024663053811319197,0,0
user_5024,1,0.7041862404923741,1,1
user_5025,1,0.8520626974376565,1,1
user_5026,0,0.1848775413580032,0,0
user_5027,0,0.12004606445149989,0,0
user_5028,0,0.05575628509080644,0,0
user_5029,1,0.7819592491503404,1,1
user_5030,1,0.9434828883638205,1,1
user_5031,1,0.5876931363884292,1,0
user_5032,0,0.15168884180431727,0,0
user_5033,1,0.6306040325501047,1,1
user_5034,1,0.9738593893507222,1,1
user_5035,1,0.8248228175146958,1,1
user_5036,0,0.4092077579798118,0,0
user_5037,0,0.05884458741730023,0,0
user_5038,1,0.7926036417872789,1,1
user_5039,1,0.9003593183347937,1,1
user_5040,0,0.2042978198444538,0,0
user_5041,0,0.6456101207479693,1,1
user_5042,0,0.028651383404388008,0,0
user_5043,1,0.6135626509126024,1,0
user_5044,1,0.8835832979408377,1,1
user_5045,0,0.7834399728288062,1,1
user_5046,1,0.39104350994624376,0,0
user_5047,0,0.3872790987488752,0,0
user_5048,0,0.03430105967561231,0,0
user_5049,1,0.6950288560323856,1,1
user_5050,1,0.8170160304161206,1,1
user_5051,0,0.2121520910977843,0,0
user_5052,1,0.48335846031338614,0,0
user_5053,0,0.36926688243274164,0,0
user_5054,1,0.9302445986919273,1,1
user_5055,1,0.6972362973159906,1,1
user_5056,0,0.82373178810423,1,1
user_5057,1,0.8914294647205793,1,1
user_5058,0,0.02034040382339848,0,0
user_5059,0,0.6356794117832572,1,1
user_5060,1,0.7020925387820193,1,1
user_5061,0,0.21790246458547785,0,0
user_5062,1,0.6622939042587251,1,1
user_5063,1,0.8617217270780173,1,1
user_5064,0,0.1476202534057765,0,0
user_5065,1,0.18982851284304378,0,0
user_5066,0,0.018962962802983898,0,0
user_5067,1,0.7528448806661856,1,1
user_5068,0,0.3366928453844756,0,0
user_5069,1,0.8455703816480064,1,1
user_5070,0,0.08201035678247723,0,0
user_5071,1,0.7282262661846631,1,1
user_5072,1,0.45386921094108534,0,1
user_5073,1,0.8885727958044572,1,1
user_5074,1,0.902998431434106,1,1
user_5075,0,0.07205325466791622,0,0
user_5076,1,0.7857571444440621,1,1
user_5077,1,0.4194494616394233,0,0
user_5078,0,0.35961787889417024,0,0
user_5079,0,0.7107232553068831,1,0
user_5080,1,0.4750678409387828,0,0
user_5081,1,0.6527418238510534,1,1
user_5082,0,0.07096200270771619,0,0
user_5083,0,0.23041871003078118,0,0
user_5084,1,0.7623754534226387,1,1
user_5085,0,0.2398060501696509,0,0
user_5086,1,0.7184569537936832,1,1
user_5087,1,0.8558360239037605,1,1
user_5088,1,0.3091858692089455,0,0
user_5089,1,0.9673638576887928,1,1
user_5090,0,0.012888011348991708,0,0
user_5091,0,0.6124655956577711,1,1
user_5092,0,0.06439042021271746,0,0
user_5093,0,0.1445458257143537,0,0
user_5094,0,0.3110724551015773,0,0
user_5095,0,0.16837709763959618,0,0
user_5096,0,0.5147389628351722,1,0
user_5097,0,0.11664630621454035,0,0
user_5098,1,0.7266833447850671,1,1
user_5099,0,0.5437695965358311,1,0
user_5100,0,0.06222819489135285,0,0
user_5101,1,0.3181502608241373,0,0
user_5102,1,0.9251498748126914,1,1
user_5103,0,0.5904456566344815,1,1
user_5104,0,0.01534467152168567,0,0
user_5105,0,0.19123509689472276,0,0
user_5106,0,0.11878362012818339,0,0
user_5107,1,0.8771036482239877,1,1
user_5108,0,0.08336851690424768,0,0
user_5109,0,0.25473792089067054,0,0
user_5110,1,0.8896569755281373,1,1
user_5111,0,0.07206363474073438,0,0
user_5112,1,0.9274316610086579,1,1
user_5113,1,0.9713263097600998,1,1
user_5114,1,0.8434869194736778,1,1
user_5115,1,0.9462718341540514,1,1
user_5116,0,0.6711510419591298,1,1
user_5117,0,0.4074114903750796,0,0
user_5118,0,0.09411751635398909,0,0
user_5119,1,0.8449277217447999,1,1
user_5120,0,0.48756566927614226,0,1
user_5121,0,0.5055048270321444,1,0
user_5122,1,0.9703267529793216,1,1
user_5123,0,0.12678524367037916,0,0
user_5124,0,0.4569458078900887,0,0
user_5125,0,0.1023267175017367,0,0
user_5126,0,0.15434346974386262,0,0
user_5127,0,0.031531183773282456,0,0
user_5128,0,0.25932766875390306,0,0
user_5129,0,0.9263917961688115,1,1
user_5130,0,0.14501351283312275,0,0
user_5131,1,0.7608583990521315,1,1
user_5132,1,0.709515707881693,1,1
user_5133,1,0.9720031750318935,1,1
user_5134,1,0.6950249235629544,1,1
user_5135,0,0.43614080198787397,0,0
user_5136,0,0.137601392212111,0,0
user_5137,0,0.12861914058763885,0,0
user_5138,1,0.7752542944642612,1,1
user_5139,0,0.07144388874159772,0,0
user_5140,1,0.8635496058585573,1,1
user_5141,0,0.09626981090994277,0,0
user_5142,0,0.46547786401584856,0,0
user_5143,1,0.9601068548868725,1,1
user_5144,1,0.8779028479579464,1,1
user_5145,1,0.8216498838869888,1,1
user_5146,1,0.31327138762097834,0,0
user_5147,0,0.5970913539359614,1,0
user_5148,0,0.43313015193391596,0,0
user_5149,1,0.5586259580809088,1,0
user_5150,0,0.14208757842639694,0,0
user_5151,1,0.22431391546205964,0,0
user_5152,1,0.2496708384962119,0,0
user_5153,0,0.272274470032014,0,0
user_5154,0,0.5802765268086036,1,0
user_5155,0,0.24663048836017953,0,0
user_5156,0,0.38429023420171454,0,0
user_5157,1,0.5617836460576356,1,0
user_5158,0,0.42669751920491006,0,0
user_5159,0,0.18428776333776098,0,0
user_5160,0,0.8158124269588929,1,1
user_5161,1,0.9219187018940925,1,1
user_5162,1,0.8336520125489849,1,1
user_5163,0,0.01997326107405307,0,0
user_5164,1,0.8465573276012214,1,1
user_5165,1,0.5928444485338504,1,0
user_5166,1,0.9521404452808584,1,1
user_5167,1,0.8997653087057778,1,1
user_5168,1,0.8105815515689885,1,1
user_5169,0,0.6253809734379471,1,1
user_5170,0,0.09329568819744266,0,0
user_5171,0,0.1344594461809221,0,0
user_5172,1,0.4453813352230709,0,0
user_5173,0,0.21511265512785788,0,0
user_5174,0,0.06047429379558607,0,0
user_5175,0,0.028977042852312226,0,0
user_5176,1,0.734083926535721,1,0
user_5177,1,0.4441123047033091,0,0
user_5178,1,0.9123793028856593,1,1
user_5179,0,0.2571419131874952,0,0
user_5180,0,0.17477139950000647,0,0
user_5181,1,0.35216686981060213,0,0
user_5182,1,0.9634193180439808,1,1
user_5183,1,0.8820003850455339,1,1
user_5184,0,0.43882602226236356,0,1
user_5185,1,0.7817542604104605,1,1
user_5186,1,0.8873545006060478,1,1
user_5187,1,0.5836436046167367,1,1
user_5188,1,0.2724675166298132,0,0
user_5189,0,0.3204189329824717,0,0
user_5190,1,0.3356534922245572,0,0
user_5191,0,0.1126271391068646,0,0
user_5192,0,0.4686464082780637,0,1
user_5193,1,0.4942940628086743,0,0
user_5194,1,0.9042567974972295,1,1
user_5195,1,0.7819565333902577,1,1
user_5196,0,0.041045650688264115,0,0
user_5197,0,0.029824010828845633,0,0
user_5198,0,0.0779079484967466,0,0
user_5199,1,0.9412689126575231,1,1
user_5200,1,0.2257405225252723,0,0
user_5201,0,0.4447030850456835,0,0
user_5202,1,0.729309760083792,1,1
user_5203,0,0.8143084536484654,1,1
user_5204,1,0.3682149162337763,0,0
user_5205,1,0.8055404087419898,1,1
user_5206,1,0.9400606256073509,1,1
user_5207,1,0.457208897810202,0,0
user_5208,0,0.6032477461355868,1,1
user_5209,1,0.8695146692495772,1,1
user_5210,0,0.6926563472164172,1,1
user_5211,1,0.9580258249672651,1,1
user_5212,0,0.010631132474740325,0,0
user_5213,1,0.4602745882123613,0,0
user_5214,0,0.12867380609485926,0,0
user_5215,0,0.7442565074900962,1,1
user_5216,1,0.2867162904104865,0,0
user_5217,0,0.5355625749068309,1,1
user_5218,0,0.5864104354311753,1,0
user_5219,1,0.9856059804827533,1,1
user_5220,1,0.8996626341024335,1,1
user_5221,1,0.9722941832276033,1,1
user_5222,1,0.9361013010639377,1,1
user_5223,0,0.02049537276780058,0,0
user_5224,0,0.2817170523215615,0,0
user_5225,0,0.7227608109883681,1,1
user_5226,0,0.19594922853511038,0,0
user_5227,0,0.023834570480419533,0,0
user_5228,1,0.8824049578771058,1,1
user_5229,1,0.6574140155420377,1,1
user_5230,1,0.8876633974301131,1,1
user_5231,0,0.07880205032384283,0,0
user_5232,0,0.06807895911918839,0,0
user_5233,0,0.44394968441806215,0,0
user_5234,1,0.8436340420371456,1,1
user_5235,1,0.8069738976903619,1,1
user_5236,1,0.70538036430845,1,1
user_5237,0,0.015565189959082465,0,0
user_5238,1,0.942927736610796,1,1
user_5239,0,0.5553978613441033,1,1
user_5240,0,0.24057884848972377,0,0
user_5241,0,0.0649343708874908,0,0
user_5242,0,0.027532231572457502,0,0
user_5243,0,0.8595386460291027,1,1
user_5244,0,0.09478917383512182,0,0
user_5245,0,0.613311078197931,1,1
user_5246,0,0.010280765464438481,0,0
user_5247,1,0.937403014686206,1,1
user_5248,1,0.7143151135124015,1,0
user_5249,0,0.20906475477826292,0,0
user_5250,0,0.03942864014006539,0,0
user_5251,0,0.0338692771285116,0,0
user_5252,1,0.9427514188389322,1,1
user_5253,1,0.8252635958039973,1,1
user_5254,1,0.7379623687283113,1,1
user_5255,0,0.49578800128899775,0,0
user_5256,1,0.7671311495305623,1,1
user_5257,0,0.2649293207112747,0,0
user_5258,1,0.911544331476255,1,1
user_5259,1,0.7121235806066207,1,1
user_5260,1,0.9028456769776784,1,1
user_5261,0,0.1257100771361182,0,0
user_5262,1,0.8511397760979525,1,1
user_5263,0,0.33695735920985004,0,0
user_5264,1,0.427245273076335,0,0
user_5265,0,0.5749291886904351,1,0
user_5266,1,0.8171706154657744,1,1
user_5267,0,0.17400791071662483,0,0
user_5268,0,0.17727068734183207,0,0
user_5269,1,0.7523782493542143,1,0
user_5270,0,0.11097870438955719,0,0
user_5271,0,0.3011300410596842,0,0
user_5272,1,0.635178206696202,1,0
user_5273,1,0.7234588182596504,1,1
user_5274,1,0.6663628424721686,1,1
user_5275,1,0.16695871992313338,0,0
user_5276,1,0.9594505942574546,1,1
user_5277,0,0.07040511730886023,0,0
user_5278,0,0.06418788486790937,0,0
user_5279,0,0.11677140671976512,0,0
user_5280,0,0.24431079765176855,0,0
user_5281,1,0.8791712597544177,1,1
user_5282,0,0.01999232556527631,0,0
user_5283,1,0.4789809787025588,0,0
user_5284,0,0.153819540166928,0,0
user_5285,0,0.13459045706235645,0,0
user_5286,0,0.42128234903373607,0,0
user_5287,0,0.028039127788733572,0,0
user_5288,1,0.8179662106737776,1,1
user_5289,1,0.953564451250162,1,1
user_5290,0,0.04233692996264402,0,0
user_5291,1,0.26954415271772925,0,0
user_5292,0,0.0681246225754186,0,0
user_5293,0,0.4044971039091064,0,0
user_5294,0,0.026053881932252096,0,0
user_5295,0,0.06449143112176618,0,0
user_5296,1,0.9805416376714419,1,1
user_5297,0,0.052088916984074564,0,0
user_5298,0,0.05869381650746195,0,0
user_5299,1,0.9341312557157767,1,1
user_5300,1,0.4797385583842072,0,0
user_5301,0,0.44486740309153733,0,1
user_5302,0,0.4005139728658659,0,0
user_5303,1,0.9594602270907648,1,1
user_5304,1,0.9005631286731811,1,1
user_5305,1,0.9771325437170729,1,1
user_5306,0,0.7631300357402542,1,1
user_5307,1,0.5452256081657163,1,0
user_5308,1,0.7926226460010644,1,1
user_5309,0,0.24281817929669378,0,0
user_5310,0,0.027909562270486674,0,0
user_5311,1,0.9139244270541738,1,1
user_5312,0,0.01377574643944676,0,0
user_5313,0,0.21187695186547767,0,0
user_5314,1,0.6867502912521972,1,1
user_5315,1,0.6860514202389948,1,1
user_5316,0,0.5605307527853688,1,1
user_5317,0,0.26798577899945786,0,0
user_5318,0,0.2909096686078592,0,0
user_5319,1,0.7123033443384553,1,0
user_5320,1,0.7787859460159176,1,1
user_5321,1,0.9024739907763889,1,1
user_5322,0,0.2607149557894092,0,0
user_5323,0,0.8548361121489989,1,1
user_5324,0,0.7273048999899824,1,1
user_5325,0,0.211194310079043,0,0
user_5326,1,0.9279849693956597,1,1
user_5327,1,0.9759300296169138,1,1
user_5328,1,0.9604184296890297,1,1
user_5329,0,0.622390981560193,1,1
user_5330,1,0.9809129275024175,1,1
user_5331,1,0.18629256712373346,0,0
user_5332,1,0.8127902960467057,1,1
user_5333,1,0.9053032819038667,1,1
user_5334,0,0.09268088496602207,0,0
user_5335,0,0.3958734695136704,0,0
user_5336,1,0.39424918650650354,0,0
user_5337,0,0.5438719366920691,1,0
user_5338,1,0.7039187047580058,1,1
user_5339,0,0.3396338829751878,0,0
user_5340,1,0.9670361810746808,1,1
user_5341,0,0.43201658780017976,0,0
user_5342,0,0.5020060581080165,1,0
user_5343,1,0.6784137279409451,1,0
user_5344,1,0.935672827327287,1,1
user_5345,1,0.8904044810672036,1,1
user_5346,1,0.5647019189606898,1,0
user_5347,1,0.7286044300910066,1,1
user_5348,0,0.26244278741538696,0,0
user_5349,1,0.8756001221832509,1,1
user_5350,0,0.04052310799481149,0,0
user_5351,0,0.374404931877588,0,0
user_5352,0,0.12318535678883485,0,0
user_5353,1,0.9735078699915304,1,1
user_5354,1,0.6560772446879357,1,0
user_5355,1,0.4493345112263917,0,1
user_5356,1,0.779776157272137,1,1
user_5357,0,0.1236843855073897,0,0
user_5358,0,0.2639480617989615,0,0
user_5359,1,0.8326034095171972,1,1
user_5360,0,0.054200062600213754,0,0
user_5361,1,0.8455792669278037,1,1
user_5362,1,0.9484405078832551,1,1
user_5363,0,0.28398444576316617,0,0
user_5364,1,0.9326148879876367,1,1
user_5365,1,0.7584973605305447,1,1
user_5366,1,0.9665615086600137,1,1
user_5367,0,0.19109598924673607,0,0
user_5368,1,0.5651219256440873,1,0
user_5369,0,0.38720756981641247,0,0
user_5370,0,0.04695833033627398,0,0
user_5371,1,0.7029907172543216,1,1
user_5372,0,0.6919046526888967,1,1
user_5373,1,0.7657589635987703,1,1
user_5374,0,0.21718555533505893,0,0
user_5375,0,0.2644824714595751,0,0
user_5376,1,0.7149529786165466,1,1
user_5377,0,0.02221921608002035,0,0
user_5378,1,0.9558851895004052,1,1
user_5379,1,0.6617601557593384,1,0
user_5380,1,0.8817922376970364,1,1
user_5381,0,0.13770623736626383,0,0
user_5382,1,0.6928019707638378,1,1
user_5383,1,0.654794475817305,1,1
user_5384,0,0.3930181780238194,0,0
user_5385,0,0.8414469301683322,1,1
user_5386,0,0.14453109336517256,0,0
user_5387,1,0.8799772135521183,1,1
user_5388,1,0.9175710489089384,1,1
user_5389,1,0.5442456607361187,1,0
user_5390,0,0.2288225470884241,0,0
user_5391,0,0.2961591513906671,0,0
user_5392,1,0.7773531639393599,1,1
user_5393,0,0.4890414823017689,0,0
user_5394,0,0.03843146076676128,0,0
user_5395,1,0.3204085729408879,0,0
user_5396,1,0.487826581867554,0,0
user_5397,0,0.17395217204927016,0,0
user_5398,0,0.4400101571519472,0,0
user_5399,0,0.17410211751500385,0,0
user_5400,0,0.03952998518934864,0,0
user_5401,0,0.039869801452189414,0,0
user_5402,0,0.15094155137515544,0,0
user_5403,0,0.032753720163750416,0,0
user_5404,1,0.8523250075998963,1,1
user_5405,0,0.23604757462035142,0,0
user_5406,0,0.19591136766679895,0,0
user_5407,0,0.06289335634134904,0,0
user_5408,0,0.07006089392508363,0,0
user_5409,1,0.7685293401640697,1,1
user_5410,0,0.08209086829603861,0,0
user_5411,0,0.10907780833462714,0,0
user_5412,0,0.16627070073872244,0,0
user_5413,1,0.8667824742975163,1,1
user_5414,1,0.9211223298190087,1,1
user_5415,1,0.7967707891585857,1,1
user_5416,0,0.2799061425087211,0,0
user_5417,1,0.5876319365681157,1,0
user_5418,0,0.07786626368018079,0,0
user_5419,0,0.23555096121296856,0,0
user_5420,1,0.7871689746907122,1,0
user_5421,0,0.6183578027163253,1,0
user_5422,0,0.08939031609687641,0,0
user_5423,1,0.17006061700300873,0,0
user_5424,0,0.0369051225056844,0,0
user_5425,0,0.09724664446965525,0,0
user_5426,0,0.14310008237220836,0,0
user_5427,1,0.3831456375247266,0,0
user_5428,1,0.7130815893401993,1,1
user_5429,1,0.9717169450588204,1,1
user_5430,0,0.06397096239105984,0,0
user_5431,0,0.36530331214095696,0,0
user_5432,0,0.6248436137023122,1,1
user_5433,0,0.20974034811961031,0,0
user_5434,1,0.7701513343663677,1,1
user_5435,0,0.25579140821476476,0,0
user_5436,0,0.05794053199893561,0,0
user_5437,1,0.5095922511916965,1,0
user_5438,1,0.20328071826428984,0,0
user_5439,0,0.17907047766587753,0,0
user_5440,0,0.5664120826670053,1,0
user_5441,1,0.640674681779852,1,1
user_5442,1,0.6469467949867778,1,0
user_5443,0,0.5433462055003846,1,0
user_5444,1,0.48166988534749616,0,0
user_5445,1,0.26885914248085285,0,0
user_5446,0,0.025325756976119693,0,0
user_5447,1,0.6598282834950733,1,1
user_5448,0,0.20125909207041112,0,0
user_5449,0,0.15091556535344694,0,0
user_5450,1,0.5968651418021378,1,1
user_5451,1,0.760070260357668,1,1
user_5452,0,0.24055559027194776,0,0
user_5453,0,0.19528569550906325,0,0
user_5454,1,0.9568310979415596,1,1
user_5455,0,0.21766068712406053,0,0
user_5456,0,0.017366868955356295,0,0
user_5457,1,0.8862016684118205,1,1
user_5458,0,0.8762985107113259,1,1
user_5459,1,0.866835033113183,1,1
user_5460,1,0.9844571874076599,1,1
user_5461,0,0.17189666759440964,0,0
user_5462,1,0.7567808003689708,1,1
user_5463,0,0.1741053477956193,0,0
user_5464,1,0.8038214677451685,1,1
user_5465,1,0.9387073240880422,1,1
user_5466,1,0.5874758317001698,1,0
user_5467,1,0.947903558326988,1,1
user_5468,1,0.41298961745986296,0,0
user_5469,0,0.034528740156183256,0,0
user_5470,1,0.7957112241581292,1,1
user_5471,0,0.42718198607303276,0,0
user_5472,0,0.04298122735465922,0,0
user_5473,0,0.031630514017011224,0,0
user_5474,1,0.16566094948378635,0,0
user_5475,1,0.9359974667792867,1,1
user_5476,1,0.5537855075784135,1,0
user_5477,1,0.673223055855731,1,1
user_5478,0,0.6842409573152846,1,1
user_5479,0,0.39056471544460347,0,0
user_5480,1,0.8485490171416995,1,1
user_5481,1,0.6274984727735415,1,1
user_5482,0,0.05636609959719021,0,0
user_5483,1,0.9369097392845852,1,1
user_5484,0,0.20374439345225417,0,0
user_5485,0,0.6779328677814941,1,1
user_5486,1,0.9010381247550207,1,1
user_5487,1,0.8536781271973446,1,1
user_5488,0,0.09490504009319183,0,0
user_5489,0,0.0590256106184482,0,0
user_5490,0,0.05166536041269414,0,0
user_5491,1,0.8297281350936768,1,1
user_5492,0,0.24968959099552582,0,0
user_5493,0,0.06483664754363791,0,0
user_5494,1,0.440767657787434,0,0
user_5495,1,0.48790683751801406,0,0
user_5496,0,0.19659567933963026,0,0
user_5497,0,0.09130163014132743,0,0
user_5498,1,0.4603650573969811,0,1
user_5499,1,0.8968159523462951,1,1
user_5500,0,0.13731621556543686,0,0
user_5501,1,0.1717343861686306,0,0
user_5502,1,0.7166113532932117,1,1
user_5503,0,0.6933496663168746,1,0
user_5504,0,0.09863693316400511,0,0
user_5505,1,0.9753139407745198,1,1
user_5506,1,0.9580016343017962,1,1
user_5507,1,0.3208670693408231,0,0
user_5508,0,0.1787072153658005,0,0
user_5509,0,0.0947375305042522,0,0
user_5510,1,0.8953880259434304,1,1
user_5511,0,0.3561276551714393,0,0
user_5512,0,0.2965892346248019,0,0
user_5513,1,0.8750134008086545,1,1
user_5514,0,0.2724577398097269,0,0
user_5515,1,0.8429313723159485,1,1
user_5516,0,0.8407880079770138,1,1
user_5517,1,0.3120998936222605,0,0
user_5518,0,0.1481081713353401,0,0
user_5519,0,0.5720041218464319,1,0
user_5520,0,0.2113187730257353,0,0
user_5521,0,0.17201689428648897,0,0
user_5522,0,0.11934679227605358,0,0
user_5523,1,0.5934361676699479,1,0
user_5524,1,0.9398510909813232,1,1
user_5525,0,0.05223470784135187,0,0
user_5526,1,0.951464100994766,1,1
user_5527,1,0.8224334735490394,1,1
user_5528,1,0.24728981634033867,0,0
user_5529,0,0.8611973053063764,1,1
user_5530,0,0.18571122630061374,0,0
user_5531,0,0.1797167013128921,0,0
user_5532,1,0.8831844791259327,1,1
user_5533,1,0.7054249167017036,1,0
user_5534,0,0.10204488933788927,0,0
user_5535,0,0.12270728882871926,0,0
user_5536,0,0.38195012408517165,0,0
user_5537,0,0.1361465670050133,0,0
user_5538,0,0.5228869021038669,1,0
user_5539,1,0.3647056904576378,0,0
user_5540,1,0.8690659615928433,1,1
user_5541,1,0.9372256225885712,1,1
user_5542,1,0.6472583446014769,1,0
user_5543,1,0.6760213186653438,1,1
user_5544,0,0.7975979552576172,1,1
user_5545,0,0.02615373468500902,0,0
user_5546,0,0.1680000296911489,0,0
user_5547,0,0.06314962460486456,0,0
user_5548,1,0.9580991145650948,1,1
user_5549,1,0.9467653399748834,1,1
user_5550,1,0.7796061733368946,1,0
user_5551,1,0.9383565515590316,1,1
user_5552,1,0.9431455183383143,1,1
user_5553,0,0.17553757033499234,0,0
user_5554,1,0.9376559054518426,1,1
user_5555,0,0.5058982931336,1,1
user_5556,1,0.9193844917509362,1,1
user_5557,1,0.5014108013834155,1,0
user_5558,0,0.12028287269444987,0,0
user_5559,0,0.03580955957997546,0,0
user_5560,0,0.7591371550486742,1,1
user_5561,0,0.4746106295068433,0,0
user_5562,0,0.19478082833081645,0,0
user_5563,0,0.007741818180108237,0,0
user_5564,1,0.7603102279560489,1,1
user_5565,1,0.980105222088427,1,1
user_5566,0,0.1824121081265469,0,0
user_5567,1,0.8269762400047936,1,1
user_5568,1,0.9570161227569062,1,1
user_5569,1,0.952887351867465,1,1
user_5570,1,0.5675437538425844,1,1
user_5571,1,0.8152027187006139,1,1
user_5572,0,0.30108042598595625,0,0
user_5573,0,0.15029103684041462,0,0
user_5574,0,0.3728130300092504,0,0
user_5575,1,0.9612654269457073,1,1
user_5576,0,0.2300674663345533,0,0
user_5577,1,0.9375939380309715,1,1
user_5578,0,0.22003868613453553,0,0
user_5579,1,0.929921256298327,1,1
user_5580,0,0.02492731484310897,0,0
user_5581,0,0.4966592998361694,0,0
user_5582,0,0.6760112468035789,1,1
user_5583,0,0.08462871945482607,0,0
user_5584,0,0.770471922024743,1,1
user_5585,1,0.7827515731973553,1,1
user_5586,1,0.9215121171276179,1,1
user_5587,1,0.6392106052312955,1,0
user_5588,1,0.8387144754357667,1,1
user_5589,1,0.32295059556948014,0,0
user_5590,0,0.1492376044756981,0,0
user_5591,0,0.4527766057352891,0,0
user_5592,1,0.9576384663035559,1,1
user_5593,0,0.4796186179471647,0,0
user_5594,1,0.8288106806972702,1,1
user_5595,0,0.2646678993918955,0,0
user_5596,0,0.15411583790441916,0,0
user_5597,1,0.942146289412665,1,1
user_5598,1,0.938489271417979,1,1
user_5599,0,0.030166326970548045,0,0
user_5600,1,0.7058381760531856,1,1
user_5601,1,0.833738387671463,1,1
user_5602,0,0.8796739183072532,1,1
user_5603,1,0.7723137318486896,1,1
user_5604,0,0.511046918399084,1,0
user_5605,0,0.10179117102891293,0,0
user_5606,1,0.6453913837728343,1,0
user_5607,1,0.9548405766771138,1,1
user_5608,1,0.9596066703216334,1,1
user_5609,0,0.04449009973787636,0,0
user_5610,0,0.8069303203211212,1,1
user_5611,1,0.9410928913248354,1,1
user_5612,0,0.21543666898771405,0,0
user_5613,0,0.704196636197271,1,1
user_5614,1,0.5782480933722997,1,0
user_5615,1,0.8166220707717202,1,1
user_5616,0,0.20091148731142291,0,0
user_5617,0,0.07452960401019082,0,0
user_5618,0,0.08416343679561088,0,0
user_5619,1,0.8196042699710643,1,1
user_5620,1,0.8713424422674232,1,1
user_5621,0,0.27296601255682484,0,0
user_5622,1,0.5485287733888905,1,1
user_5623,0,0.36015145805961624,0,0
user_5624,1,0.48171877319895323,0,0
user_5625,0,0.3979887618398458,0,0
user_5626,0,0.13910504769669374,0,0
user_5627,0,0.0845023744735514,0,0
user_5628,0,0.313895599327955,0,0
user_5629,0,0.04234906009362891,0,0
user_5630,0,0.7165352696155414,1,1
user_5631,0,0.333576456700309,0,0
user_5632,1,0.9392349262778352,1,1
user_5633,1,0.9521203657000098,1,1
user_5634,0,0.3385710054956587,0,0
user_5635,1,0.5878130089103114,1,1
user_5636,0,0.29580418508795714,0,0
user_5637,0,0.34501935777609477,0,0
user_5638,0,0.2731612570862016,0,0
user_5639,1,0.8069642861144923,1,1
user_5640,1,0.8656945565144835,1,1
user_5641,1,0.20064569607152857,0,0
user_5642,1,0.8236236876356147,1,1
user_5643,0,0.17275161110437773,0,0
user_5644,0,0.2679661151348162,0,0
user_5645,1,0.4206718983176963,0,0
user_5646,1,0.47583047974393283,0,1
user_5647,1,0.40028323989900744,0,0
user_5648,1,0.4817672454180018,0,0
user_5649,0,0.35493447495336006,0,0
user_5650,1,0.654705104628358,1,1
user_5651,1,0.6599964259572234,1,1
user_5652,1,0.9088430566239345,1,1
user_5653,0,0.040351271770966375,0,0
user_5654,1,0.8544879088259181,1,1
user_5655,0,0.20277311522200403,0,0
user_5656,0,0.1284542013859539,0,0
user_5657,1,0.9391802762186154,1,1
user_5658,0,0.8356654202441619,1,1
user_5659,1,0.3554079167786488,0,0
user_5660,1,0.7178741001678243,1,0
user_5661,0,0.4523172118118067,0,0
user_5662,0,0.4522156119078027,0,0
user_5663,0,0.07160041427585517,0,0
user_5664,0,0.24244787720845082,0,0
user_5665,0,0.464316445692775,0,0
user_5666,1,0.864735955388726,1,1
user_5667,0,0.4043546028924639,0,0
user_5668,0,0.11899266851741927,0,0
user_5669,1,0.8907341956613876,1,1
user_5670,1,0.9251530321829529,1,1
user_5671,1,0.5551129958793113,1,0
user_5672,0,0.19300722500589618,0,0
user_5673,1,0.6514936571201214,1,1
user_5674,1,0.8504545104432325,1,1
user_5675,0,0.6389480320105159,1,1
user_5676,1,0.9276328110354435,1,1
user_5677,1,0.6311591302173101,1,0
user_5678,1,0.6096053240630994,1,0
user_5679,0,0.14445969901628644,0,0
user_5680,0,0.008079224572330268,0,0
user_5681,0,0.018126684741536298,0,0
user_5682,0,0.09183263515164099,0,0
user_5683,0,0.6485881445526978,1,1
user_5684,0,0.33637901314065405,0,0
user_5685,1,0.9303612997427192,1,1
user_5686,0,0.4474586268474991,0,1
user_5687,1,0.6051485413671874,1,0
user_5688,1,0.8940070516944107,1,1
user_5689,1,0.803723577096053,1,1
user_5690,1,0.9475224367569214,1,1
user_5691,0,0.13339884945049832,0,0
user_5692,0,0.21721872814475687,0,0
user_5693,0,0.2299420831141605,0,0
user_5694,1,0.8969100137395277,1,1
user_5695,0,0.038433577321572814,0,0
user_5696,1,0.9098734104504104,1,1
user_5697,1,0.7147484825868149,1,0
user_5698,1,0.2259737450420307,0,0
user_5699,0,0.334582145412841,0,0
user_5700,0,0.4789619184265849,0,0
user_5701,1,0.9632274001792795,1,1
user_5702,0,0.1217801233737628,0,0
user_5703,1,0.6445619835459593,1,1
user_5704,0,0.5510363461245447,1,1
user_5705,0,0.13599279244461526,0,0
user_5706,0,0.12431585928833336,0,0
user_5707,0,0.030521523776264055,0,0
user_5708,0,0.18200464538478134,0,0
user_5709,0,0.08465030898029928,0,0
user_5710,0,0.39404290393820335,0,0
user_5711,0,0.5594057170652426,1,0
user_5712,0,0.31646328204505847,0,0
user_5713,1,0.2930388981695616,0,0
user_5714,1,0.6339797686776084,1,0
user_5715,1,0.7118918545759435,1,0
user_5716,1,0.9478934789234986,1,1
user_5717,1,0.35100046018609776,0,0
user_5718,1,0.6864648260993512,1,1
user_5719,0,0.5536130598214832,1,0
user_5720,1,0.7820494699940544,1,1
user_5721,0,0.1059858587257421,0,0
user_5722,0,0.029475999586895937,0,0
user_5723,0,0.5410346291722453,1,0
user_5724,0,0.19099892421432757,0,0
user_5725,1,0.9697420810239231,1,1
user_5726,0,0.7595381141812273,1,1
user_5727,0,0.12636558399757866,0,0
user_5728,0,0.24431230924790484,0,0
user_5729,1,0.8764543154187474,1,1
user_5730,1,0.34574927245284653,0,0
user_5731,1,0.9806594036494878,1,1
user_5732,1,0.7889138540655454,1,1
user_5733,0,0.4272041345107712,0,0
user_5734,0,0.3439388023277253,0,0
user_5735,0,0.6089638197871959,1,1
user_5736,1,0.5533006863133051,1,0
user_5737,0,0.16963057012837263,0,0
user_5738,1,0.5492364087397994,1,0
user_5739,1,0.8344749954297052,1,1
user_5740,1,0.8532499322417708,1,1
user_5741,0,0.6984281523931759,1,1
user_5742,0,0.2232584113848655,0,0
user_5743,1,0.6168637042974836,1,1
user_5744,1,0.7677330153145708,1,1
user_5745,1,0.7557408294258248,1,1
user_5746,1,0.9079937195957174,1,1
user_5747,1,0.589509104634324,1,1
user_5748,1,0.6442518122229695,1,0
user_5749,1,0.8192630076450185,1,1
user_5750,0,0.2562691041648845,0,0
user_5751,1,0.9761563734134565,1,1
user_5752,0,0.07835587207849251,0,0
user_5753,1,0.9391907355371242,1,1
user_5754,0,0.12978991611366036,0,0
user_5755,0,0.48215909979771854,0,0
user_5756,1,0.2939198511895678,0,0
user_5757,1,0.8914811991949275,1,1
user_5758,0,0.38511732162269974,0,0
user_5759,1,0.9134399124591619,1,1
user_5760,0,0.12233371006881133,0,0
user_5761,0,0.06113131039569403,0,0
user_5762,1,0.5031447164052725,1,0
user_5763,1,0.9589613848420356,1,1
user_5764,0,0.37203212675634423,0,0
user_5765,0,0.03933861626400884,0,0
user_5766,0,0.7555547131361745,1,1
user_5767,0,0.13407670956999843,0,0
user_5768,1,0.9548692357415541,1,1
user_5769,0,0.01436745311472242,0,0
user_5770,0,0.5725512037145362,1,1
user_5771,0,0.3135344706183831,0,0
user_5772,1,0.6424429667716665,1,0
user_5773,0,0.07392416289783686,0,0
user_5774,1,0.8118811148404191,1,0
user_5775,0,0.1711490788889092,0,0
user_5776,0,0.822445863901056,1,1
user_5777,1,0.8532512855613001,1,1
user_5778,0,0.31636899958908593,0,0
user_5779,1,0.8719432894072404,1,1
user_5780,1,0.9155130252717705,1,1
user_5781,0,0.893590689844466,1,1
user_5782,0,0.2091596683028646,0,0
user_5783,0,0.11029080263190932,0,0
user_5784,1,0.9048172669448735,1,1
user_5785,0,0.30275089125542964,0,0
user_5786,0,0.01764382505651779,0,0
user_5787,1,0.763513919445036,1,1
user_5788,1,0.8114559799928395,1,1
user_5789,1,0.9176525083073324,1,1
user_5790,0,0.14919492569763365,0,0
user_5791,1,0.8523088680698776,1,1
user_5792,1,0.955946546178316,1,1
user_5793,0,0.6254242856861814,1,1
user_5794,0,0.018343200492122933,0,0
user_5795,1,0.8993175776683457,1,1
user_5796,0,0.10183619217390089,0,0
user_5797,1,0.7969705141866104,1,1
user_5798,1,0.8848396781919551,1,1
user_5799,1,0.9270654224893164,1,1
user_5800,1,0.9284310722436708,1,1
user_5801,1,0.6886943810571975,1,1
user_5802,1,0.974186913801157,1,1
user_5803,0,0.029512715338468994,0,0
user_5804,0,0.36409867309677557,0,0
user_5805,0,0.03335141583549811,0,0
user_5806,1,0.6279188903255872,1,0
user_5807,1,0.9316493455943371,1,1
user_5808,0,0.04095924486663835,0,0
user_5809,1,0.9486943073153501,1,1
user_5810,1,0.9478943828633503,1,1
user_5811,0,0.08354748994520013,0,0
user_5812,0,0.07257828050442429,0,0
user_5813,1,0.9116050565651524,1,1
user_5814,1,0.8866744159356095,1,1
user_5815,1,0.8518289430876421,1,1
user_5816,1,0.1053720600436897,0,0
user_5817,0,0.5752524833048951,1,0
user_5818,0,0.17436551932249394,0,0
user_5819,0,0.5184905022434522,1,0
user_5820,0,0.13724213968583931,0,0
user_5821,0,0.2797048181794314,0,0
user_5822,0,0.21926703416721913,0,0
user_5823,1,0.71561709535222,1,1
user_5824,1,0.8541447101707746,1,1
user_5825,0,0.07011905818208056,0,0
user_5826,1,0.6731219836426957,1,0
user_5827,1,0.7672338766427768,1,1
user_5828,0,0.18899520995075625,0,0
user_5829,1,0.24538234438254497,0,0
user_5830,1,0.9028273442700269,1,1
user_5831,0,0.021211563774980437,0,0
user_5832,0,0.29529374346579795,0,0
user_5833,0,0.05165209999044675,0,0
user_5834,1,0.8276781024000107,1,1
user_5835,1,0.5586410217150695,1,0
user_5836,0,0.1531308319580049,0,0
user_5837,0,0.36029408531213214,0,0
user_5838,1,0.9532229463435758,1,1
user_5839,1,0.834524024378139,1,1
user_5840,1,0.7764062085369022,1,1
user_5841,1,0.9598073456943088,1,1
user_5842,0,0.39224166442640007,0,0
user_5843,0,0.009869209725222745,0,0
user_5844,0,0.5694479648264382,1,1
user_5845,1,0.7572600047430618,1,0
user_5846,1,0.9460201933594496,1,1
user_5847,1,0.9822486465869442,1,1
user_5848,0,0.3293364859010921,0,0
user_5849,1,0.8249678426298678,1,1
user_5850,1,0.5616943921811989,1,1
user_5851,1,0.5668553302988376,1,1
user_5852,0,0.5316705113331337,1,0
user_5853,1,0.26551203528637474,0,0
user_5854,0,0.03442095745708392,0,0
user_5855,1,0.8917948546661535,1,1
user_5856,0,0.11355817516083425,0,0
user_5857,0,0.293020531167782,0,0
user_5858,1,0.9745565523882995,1,1
user_5859,1,0.1818567768562826,0,0
user_5860,1,0.7900476182116911,1,1
user_5861,0,0.016240371804273013,0,0
user_5862,0,0.43008940868949536,0,0
user_5863,1,0.9631773744536698,1,1
user_5864,0,0.372625961632628,0,0
user_5865,1,0.41355474119855506,0,0
user_5866,1,0.6604874687882821,1,1
user_5867,1,0.12766541255121078,0,0
user_5868,1,0.8104706724054331,1,1
user_5869,0,0.8870501899368942,1,1
user_5870,0,0.5307914506011575,1,1
user_5871,1,0.905314050539576,1,1
user_5872,1,0.872743005319067,1,1
user_5873,1,0.5481947223075256,1,0
user_5874,0,0.3365785437189867,0,0
user_5875,1,0.6386928691015636,1,1
user_5876,0,0.24390981007523943,0,0
user_5877,0,0.26525444299374645,0,0
user_5878,0,0.26955064487120944,0,0
user_5879,0,0.4095328952095181,0,0
user_5880,0,0.33929586599744593,0,0
user_5881,0,0.09382774748044019,0,0
user_5882,1,0.6939637978968937,1,1
user_5883,1,0.3861262303463413,0,0
user_5884,1,0.6069129795409374,1,1
user_5885,1,0.7308812346221165,1,1
user_5886,1,0.8157448050550516,1,1
user_5887,1,0.5766217234979627,1,1
user_5888,1,0.9389455961302713,1,1
user_5889,0,0.4376474236934401,0,0
user_5890,1,0.4438985484985127,0,0
user_5891,1,0.7204938212467857,1,1
user_5892,0,0.912848835877233,1,1
user_5893,1,0.6260589222188927,1,1
user_5894,1,0.7644705281926332,1,1
user_5895,1,0.5945177541635664,1,0
user_5896,0,0.15820328234776362,0,0
user_5897,1,0.8906145092164547,1,1
user_5898,0,0.020206696253110033,0,0
user_5899,0,0.07804002595073296,0,0
user_5900,0,0.12033550457481494,0,0
user_5901,1,0.7401620781854732,1,0
user_5902,1,0.19041220173898996,0,0
user_5903,0,0.02964415409830907,0,0
user_5904,1,0.876071697993439,1,1
user_5905,0,0.04750707082776174,0,0
user_5906,1,0.4562398763258656,0,0
user_5907,0,0.018194095715744613,0,0
user_5908,0,0.1160060642510458,0,0
user_5909,1,0.430249625005937,0,0
user_5910,0,0.10976174313813293,0,0
user_5911,1,0.9416087272577537,1,1
user_5912,1,0.7653782032778316,1,1
user_5913,0,0.10025607262152038,0,0
user_5914,0,0.015648512113125762,0,0
user_5915,0,0.8028457400490672,1,1
user_5916,1,0.9188693047721607,1,1
user_5917,0,0.02095097678087884,0,0
user_5918,0,0.13809703549993296,0,0
user_5919,0,0.38754068901091104,0,0
user_5920,1,0.5826365007910446,1,1
user_5921,1,0.5972520466814673,1,0
user_5922,1,0.906719485696098,1,1
user_5923,1,0.8701782374458726,1,1
user_5924,1,0.7210644971625122,1,1
user_5925,0,0.042860894992172834,0,0
user_5926,0,0.4180078311161958,0,0
user_5927,0,0.006107173022584693,0,0
user_5928,1,0.41921501000739403,0,0
user_5929,1,0.7560611516100233,1,0
user_5930,1,0.5790819142142527,1,0
user_5931,1,0.3826553951940088,0,0
user_5932,1,0.9635415362516448,1,1
user_5933,1,0.5784020493682195,1,1
user_5934,1,0.7962297639957653,1,1
user_5935,0,0.35517915194920147,0,0
user_5936,1,0.5939331406355354,1,1
user_5937,0,0.1836406291932556,0,0
user_5938,0,0.38392054168620954,0,0
user_5939,1,0.6418748025221452,1,1
user_5940,0,0.8102143682037428,1,1
user_5941,1,0.9506083807946779,1,1
user_5942,0,0.2711804806958062,0,0
user_5943,1,0.8832479615661002,1,1
user_5944,0,0.7312012733928217,1,1
user_5945,1,0.9017996727421657,1,1
user_5946,0,0.23157965918618198,0,0
user_5947,1,0.6278095509684826,1,0
user_5948,0,0.16097007601245897,0,0
user_5949,1,0.8401360285004468,1,1
user_5950,1,0.8067728178177495,1,1
user_5951,0,0.11320107029008578,0,0
user_5952,1,0.6339229588377855,1,1
user_5953,1,0.5135892204003306,1,0
user_5954,1,0.7331709297880136,1,1
user_5955,1,0.9756084974056052,1,1
user_5956,1,0.53705168034773,1,0
user_5957,0,0.07979473029133034,0,0
user_5958,0,0.28493422857617895,0,0
user_5959,1,0.2561611563061991,0,0
user_5960,0,0.06539078800508899,0,0
user_5961,0,0.22516615025960973,0,0
user_5962,1,0.6791693450616241,1,0
user_5963,0,0.603134650153757,1,0
user_5964,1,0.9666384789677074,1,1
user_5965,1,0.6791736371646038,1,0
user_5966,1,0.9427610973256105,1,1
user_5967,0,0.09280402089141439,0,0
user_5968,1,0.915290098817743,1,1
user_5969,1,0.9210343556606064,1,1
user_5970,1,0.7138267887987118,1,1
user_5971,1,0.4605365810279569,0,0
user_5972,0,0.3339554644554142,0,0
user_5973,1,0.9418184214474401,1,1
user_5974,1,0.9414536790876783,1,1
user_5975,1,0.9161954139262717,1,1
user_5976,0,0.24149424677450346,0,0
user_5977,1,0.9291153197475907,1,1
user_5978,1,0.970442648274932,1,1
user_5979,0,0.09029951479421086,0,0
user_5980,0,0.08825599895364117,0,0
user_5981,0,0.3426778026731884,0,0
user_5982,0,0.2582258354256464,0,0
user_5983,0,0.03113905625663259,0,0
user_5984,1,0.45494312206085813,0,0
user_5985,1,0.7331122364319558,1,1
user_5986,1,0.8262560346117611,1,1
user_5987,1,0.8755375024734411,1,1
user_5988,0,0.31285079822225337,0,0
user_5989,0,0.5072908152954471,1,1
user_5990,1,0.959071206884776,1,1
user_5991,1,0.9509594828151783,1,1
user_5992,0,0.139240761907885,0,0
user_5993,1,0.9527417114706452,1,1
user_5994,1,0.7608008805846844,1,1
user_5995,1,0.8912222118810522,1,1
user_5996,0,0.43106349429701124,0,1
user_5997,0,0.1176608625024694,0,0
user_5998,1,0.9736719546389647,1,1
user_5999,1,0.9189050949300979,1,1
user_6000,0,0.07156463132468814,0,0
user_6001,0,0.5024533061961309,1,0
user_6002,0,0.26593110510459794,0,0
user_6003,1,0.6704178456755181,1,0
user_6004,0,0.14720694773313156,0,0
user_6005,1,0.9777706146966327,1,1
user_6006,1,0.7775954200917536,1,0
user_6007,0,0.1056941551882251,0,0
user_6008,0,0.14942909933621626,0,0
user_6009,1,0.9568329600668954,1,1
user_6010,0,0.024303781284241974,0,0
user_6011,1,0.38930349463975045,0,0
user_6012,0,0.05943038833639104,0,0
user_6013,1,0.26867592733715157,0,0
user_6014,0,0.9064673961654203,1,1
user_6015,0,0.09938419630516009,0,0
user_6016,0,0.05829408258036287,0,0
user_6017,1,0.929625896134066,1,1
user_6018,0,0.06793677009961324,0,0
user_6019,1,0.685210126440977,1,0
user_6020,0,0.34611696969382505,0,0
user_6021,1,0.8754135950729015,1,1
user_6022,0,0.6519343413476466,1,1
user_6023,0,0.04642325158340152,0,0
user_6024,0,0.6173722429304507,1,1
user_6025,0,0.07942344616245217,0,0
user_6026,1,0.6568134024176459,1,1
user_6027,1,0.7044606925841802,1,1
user_6028,0,0.19841845705570751,0,0
user_6029,1,0.7008045925773029,1,1
user_6030,1,0.8732137373650619,1,1
user_6031,0,0.2988606328947724,0,0
user_6032,0,0.14296093147769925,0,0
user_6033,1,0.9127129116784751,1,1
user_6034,1,0.8242391025240882,1,1
user_6035,1,0.8795699195106101,1,1
user_6036,1,0.16806403590116997,0,0
user_6037,1,0.9741321309187995,1,1
user_6038,1,0.7964506326397167,1,1
user_6039,1,0.6428567034677276,1,0
user_6040,1,0.626309258805401,1,1
user_6041,0,0.5472043059771803,1,1
user_6042,1,0.7606082544628764,1,1
user_6043,0,0.10456256489220134,0,0
user_6044,1,0.7342636664647563,1,1
user_6045,1,0.897025500304739,1,1
user_6046,1,0.625346058952191,1,1
user_6047,1,0.5293961649989367,1,0
user_6048,0,0.24646955864442532,0,0
user_6049,1,0.5745117678072323,1,1
user_6050,1,0.32310471514823086,0,0
user_6051,1,0.9797393292001745,1,1
user_6052,0,0.24813535828934027,0,0
user_6053,1,0.7839149897345565,1,1
user_6054,0,0.503818451830602,1,0
user_6055,1,0.25524987309934527,0,0
user_6056,0,0.048040447798439516,0,0
user_6057,0,0.6497974695935096,1,0
user_6058,0,0.036015786561840776,0,0
user_6059,1,0.43770551489934933,0,0
user_6060,1,0.9684935655588642,1,1
user_6061,0,0.7877023862682633,1,1
user_6062,1,0.3046534211694792,0,0
user_6063,0,0.8587476918150779,1,1
user_6064,1,0.9470717901098633,1,1
user_6065,1,0.5118189928605769,1,1
user_6066,1,0.8801844631938044,1,1
user_6067,1,0.8893905019087295,1,1
user_6068,1,0.8877435909687001,1,1
user_6069,0,0.12560822961550047,0,0
user_6070,1,0.9686980356215427,1,1
user_6071,0,0.16482974926443617,0,0
user_6072,1,0.9490933998324029,1,1
user_6073,0,0.6729169104559237,1,1
user_6074,1,0.21152500229488175,0,0
user_6075,1,0.6015263923495578,1,1
user_6076,0,0.16059121462032724,0,0
user_6077,0,0.05757759116961167,0,0
user_6078,0,0.1705224327578434,0,0
user_6079,1,0.9343803884438463,1,1
user_6080,0,0.06288104053774676,0,0
user_6081,0,0.06706119382734944,0,0
user_6082,1,0.6533909170131518,1,1
user_6083,1,0.8397875754155063,1,1
user_6084,1,0.7925487402396446,1,1
user_6085,0,0.1279190927165283,0,0
user_6086,0,0.7527993665968066,1,1
user_6087,0,0.14341054625797278,0,0
user_6088,1,0.6802687399993482,1,1
user_6089,1,0.9140047781031717,1,1
user_6090,0,0.4740397599011829,0,1
user_6091,1,0.47298671872054077,0,0
user_6092,0,0.08069671996587659,0,0
user_6093,0,0.16121011604508195,0,0
user_6094,1,0.8681371350521647,1,1
user_6095,0,0.06925498632441103,0,0
user_6096,0,0.04345016059872756,0,0
user_6097,1,0.5233098775200262,1,0
user_6098,1,0.6824209151698641,1,1
user_6099,1,0.9368719561020821,1,1
user_6100,0,0.30672917874243316,0,0
user_6101,1,0.8212782313670266,1,1
user_6102,0,0.8283514804215422,1,1
user_6103,0,0.2200354190233308,0,0
user_6104,1,0.9528939718321296,1,1
user_6105,0,0.07310809896523919,0,0
user_6106,1,0.8075220369199883,1,0
user_6107,0,0.1458201631776073,0,0
user_6108,1,0.45227565023716265,0,1
user_6109,0,0.1445340947958867,0,0
user_6110,1,0.9617582829853624,1,1
user_6111,0,0.583969839534876,1,0
user_6112,1,0.3901354458673727,0,0
user_6113,0,0.054820436216178846,0,0
user_6114,0,0.4318412344528019,0,0
user_6115,1,0.6348601621812152,1,0
user_6116,1,0.9296364086646127,1,1
user_6117,1,0.9330158703887461,1,1
user_6118,0,0.06309204140196097,0,0
user_6119,0,0.08101170459993785,0,0
user_6120,0,0.22590589070525846,0,0
user_6121,1,0.8883988604574713,1,1
user_6122,0,0.7445698816212815,1,1
user_6123,1,0.531589338707158,1,0
user_6124,0,0.26040774279530987,0,0
user_6125,1,0.7937413059656894,1,1
user_6126,1,0.681377373072414,1,1
user_6127,0,0.13946406591728688,0,0
user_6128,1,0.7044619614149261,1,1
user_6129,0,0.09858061291173179,0,0
user_6130,1,0.5882517857333548,1,1
user_6131,1,0.7085298007275765,1,1
user_6132,0,0.12031191440969273,0,0
user_6133,0,0.19465397546404406,0,0
user_6134,0,0.08241404141872374,0,0
user_6135,0,0.12314457919312742,0,0
user_6136,1,0.9272536514012288,1,1
user_6137,1,0.688752031616977,1,1
user_6138,0,0.6402194278467722,1,1
user_6139,1,0.5849994263406602,1,0
user_6140,0,0.14972476259678683,0,0
user_6141,0,0.21765531431368937,0,0
user_6142,0,0.11021687907836923,0,0
user_6143,0,0.056032052911037245,0,0
user_6144,0,0.41690250239827076,0,0
user_6145,0,0.21378393680395866,0,0
user_6146,0,0.329994122982422,0,0
user_6147,1,0.5340832231788035,1,1
user_6148,0,0.5109535382525663,1,1
user_6149,1,0.6414426081634048,1,1
user_6150,1,0.9856432139420861,1,1
user_6151,0,0.18704892700207607,0,0
user_6152,0,0.32125246680726005,0,0
user_6153,0,0.3659040242126781,0,0
user_6154,1,0.7155047011814656,1,1
user_6155,0,0.3337640603794549,0,0
user_6156,0,0.6487799717928214,1,1
user_6157,1,0.8268849537298337,1,1
user_6158,1,0.6404961765684809,1,1
user_6159,0,0.4100914203858425,0,0
user_6160,0,0.16767782392510225,0,0
user_6161,1,0.9616840319303799,1,1
user_6162,1,0.9377756897104629,1,1
user_6163,0,0.23726264093228253,0,0
user_6164,1,0.6962756886833484,1,1
user_6165,0,0.5578828625040738,1,1
user_6166,1,0.21179228546718615,0,0
user_6167,1,0.7179528967945378,1,1
user_6168,0,0.1689710788714656,0,0
user_6169,0,0.3148538322521529,0,0
user_6170,1,0.32979457895908076,0,0
user_6171,0,0.05859846362836,0,0
user_6172,1,0.9586913242725082,1,1
user_6173,0,0.08931663592145575,0,0
user_6174,1,0.8795069116960164,1,1
user_6175,0,0.24610166285537322,0,0
user_6176,1,0.8721378015508288,1,1
user_6177,1,0.9541526055222573,1,1
user_6178,1,0.9673881137134498,1,1
user_6179,0,0.6558796038248107,1,1
user_6180,0,0.11584756479234165,0,0
user_6181,1,0.974553407007775,1,1
user_6182,1,0.1620059795779431,0,0
user_6183,1,0.8153916286124884,1,1
user_6184,1,0.9153916209116081,1,1
user_6185,0,0.49869715794895286,0,0
user_6186,0,0.08982933633097316,0,0
user_6187,1,0.26127661025874055,0,0
user_6188,0,0.2867727226773801,0,0
user_6189,0,0.04223036394868284,0,0
user_6190,1,0.8674446213479307,1,1
user_6191,1,0.7702443839404142,1,1
user_6192,0,0.024680120783156408,0,0
user_6193,0,0.06293097255905797,0,0
user_6194,0,0.6677902589913983,1,1
user_6195,0,0.3724232830047921,0,0
user_6196,0,0.16352265515135217,0,0
user_6197,0,0.05165139250781366,0,0
user_6198,0,0.22064737734732512,0,0
user_6199,1,0.43135987313438023,0,0
user_6200,1,0.9683826610545223,1,1
user_6201,0,0.3893492183568591,0,0
user_6202,0,0.030147657058988316,0,0
user_6203,0,0.4072288862684068,0,0
user_6204,1,0.7960227538339615,1,1
user_6205,1,0.5867907938738047,1,1
user_6206,0,0.1750405033072024,0,0
user_6207,1,0.9761132621870363,1,1
user_6208,0,0.12845855487511004,0,0
user_6209,0,0.10375471122253753,0,0
user_6210,0,0.08314798928161263,0,0
user_6211,1,0.949667063207223,1,1
user_6212,0,0.04327972224793601,0,0
user_6213,1,0.6164668530009907,1,1
user_6214,0,0.0327788170639208,0,0
user_6215,0,0.018322007420866305,0,0
user_6216,0,0.10183576229112747,0,0
user_6217,0,0.2994917315784424,0,0
user_6218,1,0.45252387544502864,0,0
user_6219,1,0.9384614058203228,1,1
user_6220,0,0.8359349423153721,1,1
user_6221,0,0.06297759023293047,0,0
user_6222,1,0.8365475190712863,1,1
user_6223,1,0.9260598855006366,1,1
user_6224,0,0.9129994255014913,1,1
user_6225,0,0.2803004199952798,0,0
user_6226,0,0.18939122563775826,0,0
user_6227,0,0.08630201203175006,0,0
user_6228,1,0.8967759146542386,1,1
user_6229,1,0.8711425946949651,1,1
user_6230,1,0.8628717489328147,1,1
user_6231,0,0.1930318904690534,0,0
user_6232,0,0.34591287366626694,0,0
user_6233,1,0.5909340792015685,1,0
user_6234,0,0.07837314747541689,0,0
user_6235,1,0.8542298814448132,1,1
user_6236,1,0.916483769404616,1,1
user_6237,0,0.5346715405717491,1,0
user_6238,1,0.23809828768342087,0,0
user_6239,0,0.7234498126786594,1,1
user_6240,1,0.907027326068738,1,1
user_6241,0,0.020838300319821135,0,0
user_6242,0,0.38031571506798284,0,0
user_6243,0,0.012316543322520215,0,0
user_6244,1,0.9502993530956027,1,1
user_6245,1,0.9183705398652316,1,1
user_6246,1,0.7780989312738898,1,1
user_6247,0,0.463336736632169,0,0
user_6248,1,0.9774143040767757,1,1
user_6249,0,0.20655010074533459,0,0
user_6250,0,0.4144769109894659,0,0
user_6251,0,0.11856707449693729,0,0
user_6252,0,0.9044745108031342,1,1
user_6253,0,0.0702143335912844,0,0
user_6254,1,0.767542115308981,1,0
user_6255,0,0.2596042296660274,0,0
user_6256,1,0.9437308452412381,1,1
user_6257,0,0.039955329882122005,0,0
user_6258,0,0.048145595844081034,0,0
user_6259,0,0.048496347408606116,0,0
user_6260,1,0.7432601265859484,1,1
user_6261,0,0.026491971222967144,0,0
user_6262,0,0.3234691731943899,0,0
user_6263,1,0.9057222891489218,1,1
user_6264,0,0.04778297229117095,0,0
user_6265,0,0.2855521057396277,0,0
user_6266,1,0.208278323217066,0,0
user_6267,1,0.2188092242482032,0,0
user_6268,0,0.10659219106246766,0,0
user_6269,1,0.9719190521940031,1,1
user_6270,0,0.41061184022395153,0,0
user_6271,0,0.042016020279695636,0,0
user_6272,1,0.9028159363467533,1,1
user_6273,0,0.36950495372347014,0,0
user_6274,1,0.923963033624414,1,1
user_6275,1,0.41489390481285354,0,0
user_6276,0,0.15192823716960513,0,0
user_6277,1,0.9501512484676552,1,1
user_6278,0,0.021732361942921295,0,0
user_6279,0,0.09300173719755297,0,0
user_6280,1,0.5936621230399912,1,0
user_6281,1,0.7805803792651185,1,1
user_6282,1,0.6739543624068652,1,0
user_6283,0,0.28963373660505687,0,0
user_6284,0,0.05959180355343527,0,0
user_6285,0,0.1610594516977784,0,0
user_6286,0,0.2838814371736376,0,0
user_6287,1,0.5628554764572681,1,0
user_6288,1,0.5537021738582736,1,0
user_6289,1,0.32116927002693985,0,0
user_6290,1,0.54676645633477,1,1
user_6291,0,0.1690122306337635,0,0
user_6292,1,0.5903049481841656,1,1
user_6293,1,0.9511849458927513,1,1
user_6294,0,0.06349747555764564,0,0
user_6295,1,0.8588394940925199,1,1
user_6296,1,0.9002851579654718,1,1
user_6297,1,0.8268739823022975,1,1
user_6298,1,0.926333508343011,1,1
user_6299,0,0.09086649402403629,0,0
user_6300,0,0.11439405880526023,0,0
user_6301,0,0.4269980347503531,0,1
user_6302,0,0.443191670889481,0,0
user_6303,0,0.007674564505062616,0,0
user_6304,0,0.2038616402918942,0,0
user_6305,1,0.9768074664015779,1,1
user_6306,0,0.21585714518472726,0,0
user_6307,1,0.7860905471162812,1,1
user_6308,1,0.7821168072426197,1,1
user_6309,0,0.27661503037654617,0,0
user_6310,0,0.053018452671033535,0,0
user_6311,0,0.42891660454941977,0,0
user_6312,0,0.08679856629329044,0,0
user_6313,0,0.048778433631480995,0,0
user_6314,0,0.04773893982357329,0,0
user_6315,0,0.12856980649742,0,0
user_6316,1,0.5750639401900581,1,1
user_6317,0,0.1250302977459658,0,0
user_6318,0,0.01143974282061926,0,0
user_6319,1,0.8704783090164163,1,1
user_6320,1,0.7099083140110976,1,1
user_6321,0,0.38791737320365655,0,0
user_6322,0,0.1715605679697542,0,0
user_6323,0,0.12673751608841327,0,0
user_6324,0,0.17537603820101555,0,0
user_6325,0,0.026093829683634183,0,0
user_6326,1,0.8245309733932624,1,1
user_6327,0,0.005668884713245153,0,0
user_6328,1,0.9366122164358192,1,1
user_6329,0,0.10921547678421303,0,0
user_6330,0,0.46071374828777145,0,0
user_6331,0,0.3716854432099101,0,0
user_6332,0,0.03265813551441878,0,0
user_6333,1,0.9286942907267064,1,1
user_6334,1,0.8356006096880905,1,1
user_6335,1,0.7761810285128683,1,1
user_6336,0,0.13819318415150186,0,0
user_6337,1,0.9681311408476855,1,1
user_6338,1,0.3184612882835133,0,0
user_6339,0,0.08511682882875697,0,0
user_6340,1,0.7502938453711321,1,1
user_6341,1,0.9542431667509264,1,1
user_6342,1,0.962530349094886,1,1
user_6343,1,0.5905545924458547,1,1
user_6344,1,0.8863336101891797,1,1
user_6345,1,0.9504573128431395,1,1
user_6346,0,0.409303718435005,0,0
user_6347,0,0.473640837095844,0,0
user_6348,1,0.4274219662951713,0,0
user_6349,1,0.3423591505367398,0,0
user_6350,0,0.47636531890640016,0,0
user_6351,1,0.7490843464897209,1,1
user_6352,0,0.12823127613469726,0,0
user_6353,1,0.8070758794042946,1,1
user_6354,0,0.0980495543083558,0,0
user_6355,0,0.22785046392864677,0,0
user_6356,1,0.6799898667399868,1,1
user_6357,0,0.47118224425389843,0,0
user_6358,0,0.0729330929859202,0,0
user_6359,0,0.33863500999706725,0,0
user_6360,0,0.38809704680325346,0,0
user_6361,1,0.917437459947756,1,1
user_6362,0,0.038399047962620815,0,0
user_6363,0,0.120308343448092,0,0
user_6364,0,0.053832381628407214,0,0
user_6365,0,0.05356100679135157,0,0
user_6366,1,0.9093227323774162,1,1
user_6367,0,0.03362692287313294,0,0
user_6368,1,0.7911110043962697,1,1
user_6369,1,0.16140866118333974,0,0
user_6370,0,0.10005859365843382,0,0
user_6371,1,0.8155936912684854,1,1
user_6372,1,0.8459012176989663,1,1
user_6373,1,0.7492224442125616,1,1
user_6374,1,0.8785198294408205,1,1
user_6375,0,0.03423197349829759,0,0
user_6376,0,0.03597445266315539,0,0
user_6377,1,0.5388317903039889,1,0
user_6378,1,0.7945378880669284,1,1
user_6379,0,0.09096420818612695,0,0
user_6380,1,0.6047109332384817,1,0
user_6381,1,0.4881152666838219,0,0
user_6382,0,0.059549391686417256,0,0
user_6383,0,0.06776450712717007,0,0
user_6384,1,0.4436679958290672,0,0
user_6385,0,0.00525127284683574,0,0
user_6386,0,0.2499612708232777,0,0
user_6387,0,0.06901865553369697,0,0
user_6388,1,0.7793090833123558,1,1
user_6389,1,0.6329045916667717,1,1
user_6390,0,0.17745685845512546,0,0
user_6391,1,0.7586172937421076,1,0
user_6392,1,0.45608741168090755,0,0
user_6393,1,0.8809349760805509,1,1
user_6394,1,0.7998266196831324,1,1
user_6395,1,0.5675599053736066,1,1
user_6396,0,0.1749871327301388,0,0
user_6397,0,0.09369477005569701,0,0
user_6398,1,0.8167294754307125,1,1
user_6399,0,0.01813549092956005,0,0
user_6400,1,0.9696924100008376,1,1
user_6401,0,0.4159833014529892,0,0
user_6402,0,0.00992628408677307,0,0
user_6403,1,0.9063057961806862,1,1
user_6404,0,0.10600309469496745,0,0
user_6405,1,0.9483768441262218,1,1
user_6406,0,0.32006688204259154,0,0
user_6407,1,0.9655159510119606,1,1
user_6408,0,0.034022894795785776,0,0
user_6409,1,0.8629374837251039,1,1
user_6410,1,0.6605066313764965,1,1
user_6411,0,0.13840532262936434,0,0
user_6412,1,0.7416677293386662,1,1
user_6413,1,0.9039097831321207,1,1
user_6414,0,0.2617928780831528,0,0
user_6415,0,0.6669784182962804,1,1
user_6416,0,0.10303281559905503,0,0
user_6417,0,0.07323990335403724,0,0
user_6418,1,0.9123449028356008,1,1
user_6419,0,0.1301748291318073,0,0
user_6420,0,0.3228335158333799,0,0
user_6421,1,0.9481341639438647,1,1
user_6422,0,0.24260649790050637,0,0
user_6423,1,0.9043445722349877,1,1
user_6424,0,0.09430300523682343,0,0
user_6425,1,0.5357135025670078,1,0
user_6426,0,0.47592592885203744,0,0
user_6427,1,0.9399277753331207,1,1
user_6428,0,0.4821373725769165,0,0
user_6429,1,0.4791122598822926,0,1
user_6430,1,0.7922549866869847,1,1
user_6431,0,0.5283146797923878,1,0
user_6432,1,0.8861690797380262,1,1
user_6433,1,0.8515561306460656,1,1
user_6434,0,0.1379561066834768,0,0
user_6435,0,0.03535499173043903,0,0
user_6436,0,0.2730292419672793,0,0
user_6437,0,0.24779673510940933,0,0
user_6438,0,0.22723906674398725,0,0
user_6439,1,0.2045446533366782,0,0
user_6440,0,0.009492676139023734,0,0
user_6441,0,0.2347249258352537,0,0
user_6442,0,0.17660411425824057,0,0
user_6443,1,0.9714582714584206,1,1
user_6444,0,0.6687974870559146,1,0
user_6445,1,0.7181715115244345,1,0
user_6446,0,0.23548892146614225,0,0
user_6447,1,0.9568802397193438,1,1
user_6448,0,0.20518579228630013,0,0
user_6449,1,0.7363582056101149,1,1
user_6450,0,0.2677675637117674,0,0
user_6451,1,0.8467522239672315,1,1
user_6452,0,0.03025308605591433,0,0
user_6453,1,0.7145176826684299,1,1
user_6454,1,0.5134818756897049,1,0
user_6455,0,0.1722095002281428,0,0
user_6456,0,0.08896305997717956,0,0
user_6457,0,0.20735672238367717,0,0
user_6458,1,0.764914365008823,1,1
user_6459,1,0.5648459479940044,1,0
user_6460,0,0.12997823521380134,0,0
user_6461,0,0.12674180424687229,0,0
user_6462,0,0.5217989383581365,1,1
user_6463,0,0.31773538217593417,0,0
user_6464,0,0.3185933301250179,0,0
user_6465,0,0.18059285336184622,0,0
user_6466,1,0.8227770166409268,1,1
user_6467,1,0.4525983860491469,0,0
user_6468,0,0.2827391087242551,0,0
user_6469,0,0.7273143998253022,1,1
user_6470,1,0.6768985418200321,1,1
user_6471,0,0.7642470817401616,1,1
user_6472,1,0.8889856487875588,1,1
user_6473,0,0.06183740124825982,0,0
user_6474,1,0.9073175410696697,1,1
user_6475,1,0.5508953895621226,1,1
user_6476,0,0.010232334404952076,0,0
user_6477,1,0.6885143636643869,1,1
user_6478,0,0.058714382172738055,0,0
user_6479,1,0.8773638404778283,1,1
user_6480,0,0.9108234789246537,1,1
user_6481,0,0.06465917058790947,0,0
user_6482,1,0.5521560530083757,1,0
user_6483,0,0.21734159501466938,0,0
user_6484,0,0.04297098548477844,0,0
user_6485,0,0.16167940674963585,0,0
user_6486,1,0.8816360034762043,1,1
user_6487,1,0.9199522983801838,1,1
user_6488,0,0.3369139077365952,0,0
user_6489,1,0.8339657842762588,1,1
user_6490,0,0.20711622185168335,0,0
user_6491,0,0.3753712245949807,0,0
user_6492,1,0.43785270799199744,0,0
user_6493,1,0.35373094358486007,0,0
user_6494,0,0.9417901580654241,1,1
user_6495,0,0.22195529444853032,0,0
user_6496,1,0.9415727503662875,1,1
user_6497,0,0.45108771603723746,0,0
user_6498,0,0.01019666872340109,0,0
user_6499,1,0.2795141540367155,0,0
user_6500,0,0.4146298565015543,0,0
user_6501,0,0.6893766047570279,1,1
user_6502,1,0.9005121020882626,1,1
user_6503,0,0.4572089131010018,0,0
user_6504,0,0.10870881261932576,0,0
user_6505,0,0.029434463634339655,0,0
user_6506,0,0.0425101901738063,0,0
user_6507,1,0.856093125409165,1,1
user_6508,1,0.9406334646707751,1,1
user_6509,1,0.6098134854594744,1,1
user_6510,0,0.1535078312549664,0,0
user_6511,1,0.9224315820262776,1,1
user_6512,0,0.3604428721690741,0,0
user_6513,0,0.05646055909274117,0,0
user_6514,0,0.04095965424216096,0,0
user_6515,0,0.047702200089733464,0,0
user_6516,0,0.4828839680991253,0,0
user_6517,1,0.9385249382514506,1,1
user_6518,0,0.2734171091620169,0,0
user_6519,1,0.857215219280029,1,1
user_6520,0,0.058839790596758756,0,0
user_6521,0,0.1615890276678858,0,0
user_6522,1,0.49622982086284784,0,0
user_6523,0,0.11240569191194733,0,0
user_6524,0,0.21042045696591116,0,0
user_6525,1,0.9150724500370677,1,1
user_6526,1,0.3844711965090474,0,0
user_6527,0,0.16105591653778784,0,0
user_6528,0,0.08546448144380155,0,0
user_6529,0,0.02753025018657949,0,0
user_6530,0,0.01604180306062629,0,0
user_6531,1,0.95424292103038,1,1
user_6532,0,0.17392031709140077,0,0
user_6533,0,0.09777221475370293,0,0
user_6534,1,0.9487540148177376,1,1
user_6535,0,0.6600966432785579,1,1
user_6536,1,0.5352386774907273,1,0
user_6537,0,0.044694262681919755,0,0
user_6538,0,0.13007721800714617,0,0
user_6539,0,0.26191963182059047,0,0
user_6540,0,0.10091042233865144,0,0
user_6541,1,0.9382833552169065,1,1
user_6542,0,0.2105189705788306,0,0
user_6543,1,0.9202592252040765,1,1
user_6544,1,0.8601126785505226,1,1
user_6545,0,0.9269348518574178,1,1
user_6546,0,0.3211351891262214,0,0
user_6547,1,0.9463322269129733,1,1
user_6548,1,0.26489902011635874,0,0
user_6549,0,0.44225551817274245,0,0
user_6550,0,0.58157317410085,1,0
user_6551,0,0.1385660003145597,0,0
user_6552,0,0.13355221242887624,0,0
user_6553,0,0.8489097918504762,1,1
user_6554,1,0.8043009450381075,1,1
user_6555,1,0.8351728343659405,1,1
user_6556,1,0.7672025016343144,1,0
user_6557,1,0.9613999046039868,1,1
user_6558,0,0.054127564037555705,0,0
user_6559,0,0.024475019176302643,0,0
user_6560,0,0.0838723197813649,0,0
user_6561,0,0.2000771685708714,0,0
user_6562,0,0.15366082281115734,0,0
user_6563,0,0.17214300572854552,0,0
user_6564,1,0.7046155720214687,1,1
user_6565,1,0.9338488922209509,1,1
user_6566,0,0.22476882825113614,0,0
user_6567,1,0.2846598229162481,0,0
user_6568,1,0.647997388579933,1,0
user_6569,0,0.1826540030427616,0,0
user_6570,0,0.12960938217740736,0,0
user_6571,1,0.6038507814729406,1,0
user_6572,0,0.35263324299276144,0,0
user_6573,0,0.13460244794062756,0,0
user_6574,1,0.7160431886557067,1,1
user_6575,0,0.0400382159677858,0,0
user_6576,0,0.3483798520871741,0,0
user_6577,0,0.24070901174074014,0,0
user_6578,1,0.38993101201444785,0,0
user_6579,0,0.04785646213052568,0,0
user_6580,0,0.5643971131846565,1,1
user_6581,0,0.27468926764760593,0,0
user_6582,1,0.9680668411161707,1,1
user_6583,1,0.8459208933671095,1,1
user_6584,0,0.5798258250423618,1,0
user_6585,0,0.12926081909906728,0,0
user_6586,1,0.7416073131977977,1,1
user_6587,0,0.0631946388621498,0,0
user_6588,0,0.592618887736228,1,0
user_6589,1,0.7385560188276351,1,1
user_6590,1,0.9279212880781271,1,1
user_6591,1,0.5375802040365847,1,1
user_6592,0,0.2268423319368272,0,0
user_6593,0,0.21351320547411717,0,0
user_6594,1,0.9117753615833813,1,1
user_6595,0,0.04826169729812488,0,0
user_6596,0,0.0802587894082098,0,0
user_6597,0,0.20094027165268588,0,0
user_6598,1,0.9194709078938992,1,1
user_6599,0,0.0817630946902387,0,0
user_6600,0,0.7794980666691571,1,1
user_6601,0,0.7171940046036765,1,1
user_6602,0,0.028779141799381024,0,0
user_6603,0,0.5669974076604686,1,1
user_6604,1,0.3498153660419022,0,0
user_6605,0,0.14894171696933442,0,0
user_6606,0,0.03588014001902065,0,0
user_6607,1,0.7889862755286461,1,1
user_6608,1,0.7915595545424895,1,1
user_6609,0,0.15189079684982276,0,0
user_6610,0,0.4875428867799004,0,1
user_6611,1,0.2420860678281871,0,0
user_6612,0,0.14415244510953346,0,0
user_6613,0,0.43811614698861934,0,0
user_6614,0,0.02876182557128299,0,0
user_6615,1,0.7151082653718772,1,0
user_6616,0,0.22963140518596417,0,0
user_6617,1,0.9689833552066042,1,1
user_6618,1,0.5370973160941077,1,1
user_6619,0,0.92417647427759,1,1
user_6620,0,0.3656942992125158,0,0
user_6621,0,0.1816416906500793,0,0
user_6622,0,0.09664765348826808,0,0
user_6623,0,0.1107051609755559,0,0
user_6624,0,0.39577995291752505,0,0
user_6625,1,0.5712685773332121,1,1
user_6626,0,0.3010913342858618,0,0
user_6627,1,0.9145202755608276,1,1
user_6628,1,0.48309124830932,0,0
user_6629,1,0.7238256347653373,1,1
user_6630,1,0.9031195546396125,1,1
user_6631,0,0.32595744498759444,0,0
user_6632,1,0.810912136423865,1,1
user_6633,1,0.7274381485751751,1,1
user_6634,0,0.0990271213271588,0,0
user_6635,0,0.4133282392668841,0,0
user_6636,0,0.2895456210081703,0,0
user_6637,0,0.4654863081634625,0,1
user_6638,0,0.1929135277952665,0,0
user_6639,0,0.03540076589057834,0,0
user_6640,0,0.21720077128294832,0,0
user_6641,0,0.6368799958757843,1,1
user_6642,0,0.24176276573929012,0,0
user_6643,0,0.3915505978359631,0,1
user_6644,0,0.05593521569174879,0,0
user_6645,0,0.02911683880356153,0,0
user_6646,0,0.2809790984675568,0,0
user_6647,1,0.943441342482929,1,1
user_6648,1,0.6250931952718908,1,0
user_6649,0,0.09482708528700344,0,0
user_6650,1,0.7355191059327921,1,1
user_6651,1,0.8740507495239568,1,1
user_6652,0,0.7347981564664218,1,1
user_6653,0,0.16471384086385607,0,0
user_6654,0,0.41941434503918934,0,1
user_6655,0,0.6225328431331217,1,1
user_6656,0,0.24242903502589816,0,0
user_6657,0,0.3911328111644833,0,1
user_6658,1,0.43571437043014727,0,0
user_6659,1,0.6105960092654398,1,0
user_6660,1,0.8887428786788877,1,1
user_6661,0,0.5046331975928766,1,0
user_6662,1,0.9432596457144465,1,1
user_6663,0,0.26734977459094766,0,0
user_6664,1,0.7132165564303405,1,1
user_6665,0,0.1427462032136106,0,0
user_6666,1,0.9800660727045312,1,1
user_6667,0,0.09876728095033732,0,0
user_6668,1,0.23614852006988077,0,0
user_6669,0,0.20317673072460762,0,0
user_6670,1,0.6118042539709795,1,1
user_6671,0,0.19749855201264085,0,0
user_6672,1,0.9796445630892759,1,1
user_6673,1,0.7869016460711863,1,1
user_6674,0,0.08605423145065612,0,0
user_6675,1,0.8560975588371107,1,1
user_6676,0,0.4285767242844124,0,1
user_6677,1,0.5929344939651449,1,0
user_6678,0,0.2536971710380425,0,0
user_6679,0,0.5536095509923367,1,1
user_6680,0,0.19956155788263058,0,0
user_6681,0,0.3258361183166505,0,0
user_6682,1,0.5682768631405107,1,0
user_6683,1,0.38680258750731045,0,0
user_6684,1,0.824882323241931,1,1
user_6685,1,0.9408229293249576,1,1
user_6686,1,0.9188912184024722,1,1
user_6687,1,0.9508638541994353,1,1
user_6688,0,0.33778120683103513,0,0
user_6689,0,0.8314674713003579,1,1
user_6690,0,0.1386460128023696,0,0
user_6691,1,0.7507016248511733,1,1
user_6692,1,0.7211313736916782,1,1
user_6693,0,0.09194917217112976,0,0
user_6694,0,0.5433459140803779,1,1
user_6695,0,0.9722819762947966,1,1
user_6696,1,0.9533809099272689,1,1
user_6697,0,0.08966150508355444,0,0
user_6698,0,0.39424708995350094,0,0
user_6699,0,0.11610379309504774,0,0
user_6700,0,0.2060938045963338,0,0
user_6701,0,0.387447542151913,0,0
user_6702,1,0.5180713556078476,1,0
user_6703,1,0.8712813402657413,1,1
user_6704,0,0.09579134060129679,0,0
user_6705,1,0.5828388389413128,1,1
user_6706,1,0.6063671573068494,1,1
user_6707,1,0.9314771087420924,1,1
user_6708,0,0.14014945171623147,0,0
user_6709,0,0.042586524587587826,0,0
user_6710,0,0.7308505184302093,1,1
user_6711,0,0.24347605514743806,0,0
user_6712,0,0.28903586466997494,0,0
user_6713,0,0.3284800367492603,0,0
user_6714,0,0.1598074198400098,0,0
user_6715,0,0.21108131947839726,0,0
user_6716,1,0.9555118404491426,1,1
user_6717,1,0.7641142308329629,1,0
user_6718,0,0.051272851383445096,0,0
user_6719,1,0.6207003991741444,1,0
user_6720,0,0.1622122396313911,0,0
user_6721,1,0.15546686570416873,0,0
user_6722,1,0.8873008068913324,1,1
user_6723,0,0.05571421666748376,0,0
user_6724,0,0.18840189522994494,0,0
user_6725,0,0.17819949071872843,0,0
user_6726,0,0.010667356442740639,0,0
user_6727,0,0.09157095199939926,0,0
user_6728,0,0.11289852011171161,0,0
user_6729,1,0.9341228153913924,1,1
user_6730,0,0.027130952367348544,0,0
user_6731,1,0.8783846389775384,1,1
user_6732,0,0.16760513637656638,0,0
user_6733,0,0.3455726830483221,0,0
user_6734,1,0.53400207162821,1,0
user_6735,1,0.649864544624643,1,0
user_6736,1,0.37801558784316597,0,0
user_6737,1,0.9594611282131952,1,1
user_6738,0,0.2622441481577699,0,0
user_6739,0,0.014590292079463394,0,0
user_6740,0,0.9304120299398626,1,1
user_6741,1,0.6735011942236832,1,1
user_6742,1,0.761244294211371,1,1
user_6743,0,0.21617583201976207,0,0
user_6744,1,0.7314586636678626,1,1
user_6745,0,0.06485676324933635,0,0
user_6746,0,0.10108600095832555,0,0
user_6747,0,0.11050780491844991,0,0
user_6748,0,0.129672269864571,0,0
user_6749,1,0.919190268911776,1,1
user_6750,1,0.5721209124718473,1,0
user_6751,0,0.056612751535461026,0,0
user_6752,0,0.30654984309579725,0,0
user_6753,0,0.10255039413973852,0,0
user_6754,0,0.1106711029380174,0,0
user_6755,0,0.501356165527618,1,0
user_6756,0,0.2540504652534823,0,0
user_6757,0,0.25570849637801163,0,0
user_6758,0,0.042225115611002687,0,0
user_6759,0,0.2569740937468215,0,0
user_6760,1,0.830100575004864,1,1
user_6761,1,0.7943667118996678,1,1
user_6762,0,0.13736615109461384,0,0
user_6763,1,0.8828531532557956,1,1
user_6764,1,0.7114078489173322,1,1
user_6765,0,0.01513091134327019,0,0
user_6766,0,0.16303486112903795,0,0
user_6767,1,0.9088719904538113,1,1
user_6768,0,0.06248590382024646,0,0
user_6769,1,0.8951725006685382,1,1
user_6770,0,0.19794728740894893,0,0
user_6771,1,0.8096018763592351,1,1
user_6772,0,0.3264160248301549,0,0
user_6773,0,0.821240632338088,1,1
user_6774,0,0.13555208119185,0,0
user_6775,1,0.9570810565606943,1,1
user_6776,0,0.6141425001093398,1,0
user_6777,1,0.953223391637401,1,1
user_6778,0,0.028494875549612508,0,0
user_6779,0,0.07743100529012259,0,0
user_6780,0,0.0356036822830578,0,0
user_6781,0,0.281360033370612,0,0
user_6782,1,0.2266382019239024,0,0
user_6783,0,0.03229509360038111,0,0
user_6784,0,0.06849636844502628,0,0
user_6785,0,0.062351297937073745,0,0
user_6786,0,0.13654198970234185,0,0
user_6787,1,0.6165533813628433,1,1
user_6788,0,0.05815415755553314,0,0
user_6789,1,0.6457906106035736,1,1
user_6790,0,0.9330240526378698,1,1
user_6791,0,0.049916449384075884,0,0
user_6792,0,0.17751147203507606,0,0
user_6793,0,0.09797820911677706,0,0
user_6794,1,0.6471779841822827,1,1
user_6795,0,0.15966790871897207,0,0
user_6796,1,0.4679663728971141,0,0
user_6797,0,0.24009256608948462,0,0
user_6798,1,0.7658202628395159,1,1
user_6799,1,0.5772108819950836,1,1
user_6800,0,0.4459228747520523,0,0
user_6801,1,0.9301658104034821,1,1
user_6802,0,0.03048995151725172,0,0
user_6803,1,0.9170463156079921,1,1
user_6804,0,0.6428656643032867,1,1
user_6805,0,0.524288623299801,1,0
user_6806,1,0.7941894161112437,1,1
user_6807,1,0.7177866945649508,1,1
user_6808,0,0.2551474161156331,0,0
user_6809,0,0.39842176791894474,0,0
user_6810,0,0.1448897290586143,0,0
user_6811,0,0.025499395652795707,0,0
user_6812,0,0.20143146876949397,0,0
user_6813,0,0.15310809695746924,0,0
user_6814,1,0.6041398098445193,1,0
user_6815,1,0.8864438041890906,1,1
user_6816,0,0.21678788611538816,0,0
user_6817,0,0.6992889127159582,1,1
user_6818,0,0.4804630715831771,0,0
user_6819,0,0.03622304957755475,0,0
user_6820,1,0.8008731350899476,1,1
user_6821,0,0.296041686129522,0,0
user_6822,1,0.9118209441971925,1,1
user_6823,0,0.17724230891670723,0,0
user_6824,0,0.31367079660856223,0,0
user_6825,0,0.21560136153693696,0,0
user_6826,0,0.12242606608378037,0,0
user_6827,0,0.13516156518724423,0,0
user_6828,1,0.8517344100444881,1,1
user_6829,1,0.3036008985305275,0,0
user_6830,1,0.6887429752253975,1,1
user_6831,0,0.06018625620505077,0,0
user_6832,0,0.07362138583475247,0,0
user_6833,0,0.3767938308891084,0,0
user_6834,1,0.597090265935747,1,0
user_6835,0,0.24481764324805638,0,0
user_6836,0,0.06682940301291662,0,0
user_6837,1,0.7066990759653974,1,1
user_6838,1,0.9742968490460965,1,1
user_6839,1,0.43656329526778537,0,0
user_6840,0,0.24434730424123202,0,0
user_6841,0,0.5922689640832559,1,1
user_6842,0,0.46163426435416405,0,0
user_6843,0,0.36741758729411644,0,0
user_6844,0,0.2040531375093397,0,0
user_6845,0,0.15866752369759604,0,0
user_6846,1,0.8780625796999563,1,1
user_6847,0,0.6062246200174735,1,0
user_6848,1,0.35715309777502874,0,0
user_6849,1,0.8828262925761249,1,1
user_6850,0,0.18094177495039943,0,0
user_6851,1,0.4793997105498691,0,1
user_6852,0,0.05442558021594516,0,0
user_6853,0,0.39074934821937335,0,0
user_6854,1,0.9198037030642497,1,1
user_6855,0,0.1950148423756642,0,0
user_6856,1,0.31591803211495045,0,0
user_6857,1,0.9365257436804726,1,1
user_6858,1,0.47605845459143137,0,1
user_6859,0,0.07353769274964914,0,0
user_6860,0,0.714622120808024,1,1
user_6861,0,0.3761362507602517,0,0
user_6862,0,0.06137789093278829,0,0
user_6863,1,0.8636202569574124,1,1
user_6864,0,0.01622379389929968,0,0
user_6865,0,0.2488295864327333,0,0
user_6866,0,0.15798904085518306,0,0
user_6867,0,0.07674962540930345,0,0
user_6868,0,0.2501323384840454,0,0
user_6869,0,0.16944271605708625,0,0
user_6870,1,0.8899149767760476,1,1
user_6871,0,0.17073532474698738,0,0
user_6872,0,0.17463422664543446,0,0
user_6873,1,0.9318105830390095,1,1
user_6874,1,0.9256831575035606,1,1
user_6875,0,0.43566505278462536,0,0
user_6876,1,0.955780582325055,1,1
user_6877,1,0.808502176998355,1,1
user_6878,0,0.29779539323036736,0,0
user_6879,0,0.06648063313862206,0,0
user_6880,1,0.7766822800345379,1,1
user_6881,0,0.015212152286680167,0,0
user_6882,1,0.9148192045661115,1,1
user_6883,0,0.654474416442912,1,0
user_6884,1,0.3817364031565689,0,0
user_6885,0,0.18771793507429724,0,0
user_6886,0,0.04650240111192069,0,0
user_6887,0,0.6195208006292583,1,1
user_6888,1,0.9559912893439838,1,1
user_6889,1,0.9396072766936413,1,1
user_6890,0,0.10022256259167138,0,0
user_6891,0,0.024514125900274186,0,0
user_6892,0,0.07079113776220414,0,0
user_6893,1,0.735434989353713,1,1
user_6894,0,0.08260976447529421,0,0
user_6895,0,0.18366074112967393,0,0
user_6896,0,0.40012024013958963,0,0
user_6897,0,0.24560198692509846,0,0
user_6898,1,0.5514327521008314,1,1
user_6899,0,0.13537215636608696,0,0
user_6900,0,0.020374128016608355,0,0
user_6901,0,0.6326843306863007,1,1
user_6902,0,0.37782031618682393,0,0
user_6903,1,0.8173178252572119,1,1
user_6904,0,0.20758955432431725,0,0
user_6905,0,0.019926153378589585,0,0
user_6906,1,0.9063922535383062,1,1
user_6907,1,0.7241986395667622,1,1
user_6908,1,0.736723708647097,1,1
user_6909,0,0.3266683281662405,0,0
user_6910,1,0.7939957574455668,1,1
user_6911,1,0.9139723190133443,1,1
user_6912,0,0.6976286809231959,1,1
user_6913,0,0.455808653531528,0,0
user_6914,0,0.6124087241159846,1,1
user_6915,0,0.30310495923493413,0,0
user_6916,1,0.8131500942833457,1,1
user_6917,1,0.8241803245475551,1,1
user_6918,1,0.19815932486785148,0,0
user_6919,0,0.4836945334447723,0,0
user_6920,0,0.1214052263102937,0,0
user_6921,1,0.9305996388372801,1,1
user_6922,0,0.4477396270082295,0,0
user_6923,1,0.735498265038683,1,1
user_6924,0,0.2948485664471614,0,0
user_6925,0,0.17609404767810372,0,0
user_6926,1,0.9223468601833957,1,1
user_6927,0,0.5482577270366731,1,0
user_6928,1,0.32275276407689113,0,0
user_6929,0,0.5601169910940901,1,0
user_6930,1,0.8906084001446865,1,1
user_6931,1,0.8900178510703514,1,1
user_6932,1,0.5679729268674758,1,1
user_6933,1,0.8561642808491275,1,1
user_6934,1,0.8248075963300113,1,1
user_6935,1,0.28324633507421193,0,0
user_6936,1,0.7205459815495563,1,1
user_6937,1,0.8037661295583839,1,1
user_6938,0,0.8247937466685055,1,1
user_6939,0,0.8178969708741363,1,1
user_6940,1,0.8164548549992804,1,1
user_6941,1,0.8906356947878526,1,1
user_6942,0,0.3767648002518088,0,0
user_6943,0,0.27463450762522645,0,0
user_6944,1,0.882138236583573,1,1
user_6945,1,0.7141653141501789,1,1
user_6946,0,0.1774250736417812,0,0
user_6947,0,0.31672377637542565,0,0
user_6948,0,0.02925077175567635,0,0
user_6949,0,0.2120003580287769,0,0
user_6950,1,0.5851925264276695,1,0
user_6951,0,0.13742999532779027,0,0
user_6952,0,0.22740393731168904,0,0
user_6953,1,0.712910535847513,1,1
user_6954,0,0.5825230480153896,1,1
user_6955,0,0.5931342092118538,1,0
user_6956,1,0.9221407131089251,1,1
user_6957,0,0.21216725782212786,0,0
user_6958,0,0.30929856463470856,0,0
user_6959,1,0.976016064372789,1,1
user_6960,0,0.00727413902715225,0,0
user_6961,0,0.044177789084897744,0,0
user_6962,0,0.47908584445724434,0,0
user_6963,0,0.09793278279835875,0,0
user_6964,0,0.2701096488796349,0,0
user_6965,0,0.26759201388928594,0,0
user_6966,0,0.06749623250953954,0,0
user_6967,0,0.06164762081846368,0,0
user_6968,0,0.142248729923635,0,0
user_6969,1,0.7206268343170665,1,1
user_6970,0,0.11534812015056287,0,0
user_6971,0,0.09915445726433787,0,0
user_6972,1,0.8723599878324302,1,1
user_6973,0,0.183651945507469,0,0
user_6974,1,0.19496361859907865,0,0
user_6975,1,0.9257133000616221,1,1
user_6976,1,0.8973745446878396,1,1
user_6977,1,0.9408503263652315,1,1
user_6978,1,0.1893291338368234,0,0
user_6979,1,0.9254033464177629,1,1
user_6980,0,0.4289452426981732,0,0
user_6981,1,0.7852840160675076,1,1
user_6982,1,0.9628493566036637,1,1
user_6983,0,0.07811521471677668,0,0
user_6984,0,0.029455770902636052,0,0
user_6985,1,0.817306580871611,1,1
user_6986,0,0.41484789097557256,0,0
user_6987,0,0.09350342981312292,0,0
user_6988,1,0.40231923214910187,0,0
user_6989,0,0.35113214518707386,0,0
user_6990,1,0.6395039433757915,1,1
user_6991,0,0.6875651636927932,1,0
user_6992,1,0.48057171137513954,0,0
user_6993,0,0.16525485074402924,0,0
user_6994,0,0.20544715580701584,0,0
user_6995,0,0.036790382797982746,0,0
user_6996,0,0.4578534061826386,0,0
user_6997,0,0.562740929023964,1,0
user_6998,1,0.9244609229226366,1,1
user_6999,0,0.23088361846724606,0,0
user_7000,1,0.444959545168759,0,0
user_7001,0,0.5776855104958777,1,1
user_7002,0,0.08433782685675974,0,0
user_7003,0,0.3554305142235628,0,0
user_7004,0,0.08807686447421278,0,0
user_7005,1,0.9139668096253856,1,1
user_7006,0,0.19540080238299115,0,0
user_7007,0,0.04039718738916269,0,0
user_7008,1,0.9446667258761628,1,1
user_7009,0,0.23217456144427673,0,0
user_7010,1,0.83335570540772,1,1
user_7011,0,0.041176067074952805,0,0
user_7012,1,0.45236057781242994,0,0
user_7013,0,0.04504407092533001,0,0
user_7014,1,0.8789162980752352,1,1
user_7015,0,0.8911776090252078,1,1
user_7016,0,0.12628057290392208,0,0
user_7017,0,0.05669149589593811,0,0
user_7018,0,0.044944058726551224,0,0
user_7019,1,0.5486874745107865,1,0
user_7020,0,0.2889611303742184,0,0
user_7021,0,0.003918833648291506,0,0
user_7022,0,0.027966197077107673,0,0
user_7023,1,0.5679937234559157,1,1
user_7024,0,0.5376159139003759,1,0
user_7025,1,0.7305013640520395,1,1
user_7026,1,0.7969136546531628,1,0
user_7027,0,0.38173939495597947,0,0
user_7028,1,0.846802601184513,1,1
user_7029,0,0.28654981479449354,0,0
user_7030,1,0.776284984704497,1,1
user_7031,1,0.9362368291941531,1,1
user_7032,1,0.7132755444253965,1,1
user_7033,1,0.463542348114876,0,0
user_7034,0,0.19701078953290363,0,0
user_7035,1,0.9717941942878561,1,1
user_7036,0,0.07239967308928637,0,0
user_7037,0,0.2750467149899748,0,0
user_7038,1,0.6321641387845249,1,0
user_7039,1,0.9642063203349251,1,1
user_7040,0,0.6352681368792603,1,1
user_7041,1,0.9559484711468108,1,1
user_7042,1,0.6904804732986674,1,0
user_7043,0,0.03778154246716173,0,0
user_7044,0,0.020565564294577638,0,0
user_7045,1,0.5274364917871703,1,1
user_7046,0,0.44329653869828944,0,0
user_7047,1,0.9597686371535296,1,1
user_7048,0,0.22626766561730435,0,0
user_7049,0,0.19272999686400075,0,0
user_7050,0,0.13448598309966409,0,0
user_7051,0,0.09938712288174073,0,0
user_7052,0,0.03890621639722861,0,0
user_7053,1,0.7261117486034842,1,1
user_7054,0,0.42842878611263396,0,0
user_7055,1,0.5781322622496691,1,0
user_7056,0,0.21668294254667292,0,0
user_7057,1,0.8643698256293048,1,1
user_7058,0,0.02255790525312414,0,0
user_7059,0,0.04001787647252913,0,0
user_7060,0,0.7370453705301999,1,1
user_7061,1,0.8055966623930355,1,1
user_7062,0,0.021079619214015233,0,0
user_7063,0,0.3048241836402449,0,0
user_7064,0,0.1748078321741484,0,0
user_7065,1,0.3354913895334196,0,0
user_7066,0,0.02764078567535843,0,0
user_7067,0,0.5425670737935887,1,1
user_7068,0,0.02350452043042128,0,0
user_7069,0,0.5738499587400534,1,1
user_7070,0,0.875924873265111,1,1
user_7071,1,0.5513168826874894,1,1
user_7072,1,0.7747734519523966,1,1
user_7073,1,0.9693968310068902,1,1
user_7074,0,0.04626183426135195,0,0
user_7075,0,0.19331885504826063,0,0
user_7076,1,0.8622202488459844,1,1
user_7077,1,0.9177325248792287,1,1
user_7078,1,0.6214583040858283,1,1
user_7079,0,0.2042715631661867,0,0
user_7080,0,0.1484577350398955,0,0
user_7081,0,0.6366417916241666,1,1
user_7082,1,0.40163449375548116,0,0
user_7083,0,0.13716974745179952,0,0
user_7084,0,0.07571622824208432,0,0
user_7085,0,0.03130362586049456,0,0
user_7086,0,0.5441489732434546,1,1
user_7087,1,0.8534928943304715,1,1
user_7088,0,0.10661525659008105,0,0
user_7089,1,0.3400205210280121,0,0
user_7090,1,0.6048780000056619,1,1
user_7091,0,0.14831735192297413,0,0
user_7092,0,0.20369746687828294,0,0
user_7093,0,0.3951725312190164,0,0
user_7094,1,0.9598309467837335,1,1
user_7095,0,0.12953769764008533,0,0
user_7096,0,0.13940675169859879,0,0
user_7097,0,0.5025343690706846,1,0
user_7098,0,0.645859824429641,1,0
user_7099,1,0.9354613247193995,1,1
user_7100,0,0.09517231309288005,0,0
user_7101,1,0.939753557684891,1,1
user_7102,0,0.16850920017515592,0,0
user_7103,1,0.8705433490731779,1,1
user_7104,0,0.47682970533275,0,0
user_7105,0,0.18825299120966763,0,0
user_7106,1,0.8352737576669783,1,1
user_7107,1,0.9703943643564321,1,1
user_7108,0,0.13773556508015264,0,0
user_7109,0,0.44960388683563074,0,0
user_7110,1,0.5474639124111949,1,0
user_7111,1,0.8169836861458831,1,1
user_7112,1,0.9159848189373873,1,1
user_7113,0,0.03749050545066551,0,0
user_7114,1,0.9563696069281902,1,1
user_7115,0,0.255753867591024,0,0
user_7116,0,0.17253976319665298,0,0
user_7117,1,0.9197695288811283,1,1
user_7118,1,0.8760590632719254,1,1
user_7119,0,0.44367753448416586,0,0
user_7120,0,0.4113586366319831,0,0
user_7121,1,0.593079074442047,1,1
user_7122,1,0.530469086925554,1,0
user_7123,0,0.45348299635677125,0,0
user_7124,1,0.9024814810345665,1,1
user_7125,1,0.7278141567684114,1,1
user_7126,0,0.08665670571797456,0,0
user_7127,0,0.07715119488864593,0,0
user_7128,0,0.13386606880864782,0,0
user_7129,0,0.0355893647248774,0,0
user_7130,0,0.07116695855900336,0,0
user_7131,1,0.7318063148350321,1,1
user_7132,0,0.5563696968297811,1,0
user_7133,0,0.05404604127124066,0,0
user_7134,1,0.8994805106925442,1,1
user_7135,0,0.02639425542326119,0,0
user_7136,1,0.8385753480304357,1,1
user_7137,0,0.5067382082059388,1,0
user_7138,1,0.7903863795017575,1,1
user_7139,1,0.7820063892547823,1,1
user_7140,1,0.681009598390606,1,0
user_7141,1,0.9589523220385437,1,1
user_7142,1,0.2693249505679886,0,0
user_7143,0,0.03097762396558169,0,0
user_7144,1,0.9066301038267767,1,1
user_7145,0,0.032306481398729166,0,0
user_7146,0,0.6524302365964048,1,1
user_7147,0,0.22957140455881653,0,0
user_7148,0,0.1057442584294557,0,0
user_7149,0,0.03438775386724686,0,0
user_7150,0,0.4195219311633529,0,0
user_7151,1,0.5190135052342216,1,0
user_7152,1,0.7592610296412817,1,1
user_7153,0,0.39425304482542534,0,0
user_7154,1,0.9156443091062384,1,1
user_7155,0,0.230769401580717,0,0
user_7156,1,0.8943980124967319,1,1
user_7157,0,0.07001027378841145,0,0
user_7158,0,0.04178782894366973,0,0
user_7159,0,0.1878404393255446,0,0
user_7160,1,0.6912096649010367,1,0
user_7161,0,0.08241283793071574,0,0
user_7162,1,0.33381776333104535,0,0
user_7163,0,0.016510932476502007,0,0
user_7164,0,0.13195928189406075,0,0
user_7165,0,0.21912142812514304,0,0
user_7166,0,0.23628262594541066,0,0
user_7167,1,0.9804153501939306,1,1
user_7168,1,0.9678507844439476,1,1
user_7169,0,0.14689552907845266,0,0
user_7170,1,0.9638736735441394,1,1
user_7171,0,0.5729298620932959,1,0
user_7172,0,0.2320612763823326,0,0
user_7173,0,0.0779978980211586,0,0
user_7174,0,0.16935887269096844,0,0
user_7175,1,0.3114208539036966,0,0
user_7176,1,0.8848932343292678,1,1
user_7177,0,0.03880236350305097,0,0
user_7178,0,0.02163983526018687,0,0
user_7179,1,0.6529263136769288,1,0
user_7180,1,0.3748157359187665,0,0
user_7181,1,0.8371798025048631,1,1
user_7182,0,0.024714739498462358,0,0
user_7183,0,0.10577614944961995,0,0
user_7184,1,0.7687005765074957,1,1
user_7185,0,0.07498004611227115,0,0
user_7186,1,0.16984521379540288,0,0
user_7187,0,0.04374742349211773,0,0
user_7188,1,0.5901770331772346,1,1
user_7189,0,0.26336368896264734,0,0
user_7190,0,0.6774094145852728,1,1
user_7191,1,0.974179418452317,1,1
user_7192,1,0.901729286879688,1,1
user_7193,0,0.5145848093979745,1,0
user_7194,1,0.9451508312759969,1,1
user_7195,0,0.08577212217303135,0,0
user_7196,0,0.12380789844973547,0,0
user_7197,0,0.29192013458830685,0,0
user_7198,1,0.502611256222811,1,0
user_7199,0,0.14719993230163061,0,0
user_7200,1,0.7277068963680074,1,1
user_7201,1,0.9226480791244526,1,1
user_7202,0,0.10905476787496923,0,0
user_7203,1,0.49598168307955776,0,0
user_7204,1,0.897538652221658,1,1
user_7205,0,0.18749030867075372,0,0
user_7206,1,0.9260555614053004,1,1
user_7207,1,0.3701936502110415,0,0
user_7208,1,0.709193589203814,1,1
user_7209,1,0.871920825716951,1,1
user_7210,1,0.45514582333544257,0,0
user_7211,0,0.04801466901911106,0,0
user_7212,0,0.03414838963312382,0,0
user_7213,0,0.06370081452499683,0,0
user_7214,0,0.21147032299753302,0,0
user_7215,1,0.19502385023556795,0,0
user_7216,1,0.7564740550002131,1,0
user_7217,1,0.6631859234690322,1,1
user_7218,1,0.6190884416388606,1,1
user_7219,1,0.7003115477696514,1,1
user_7220,1,0.46104306080177443,0,0
user_7221,1,0.43151401566246006,0,0
user_7222,0,0.05682535393412639,0,0
user_7223,0,0.0401717649476538,0,0
user_7224,1,0.8193799513353015,1,1
user_7225,1,0.3726464053604348,0,0
user_7226,1,0.9191775136118324,1,1
user_7227,1,0.8820087936285121,1,1
user_7228,1,0.9526410453084299,1,1
user_7229,0,0.7610715953742491,1,1
user_7230,1,0.3140797532137502,0,0
user_7231,0,0.5429089113099658,1,1
user_7232,0,0.2580572360334051,0,0
user_7233,1,0.27112020755729394,0,0
user_7234,0,0.20266610381148503,0,0
user_7235,1,0.7520154725358835,1,1
user_7236,0,0.6780790813309174,1,1
user_7237,0,0.3962502439168165,0,0
user_7238,0,0.061380865387144636,0,0
user_7239,1,0.836436333367547,1,1
user_7240,1,0.9729452378668284,1,1
user_7241,0,0.34532242752773795,0,0
user_7242,0,0.08558590892370219,0,0
user_7243,0,0.19265121511734298,0,0
user_7244,0,0.07441014409626524,0,0
user_7245,0,0.059188977497855164,0,0
user_7246,0,0.1764643516797503,0,0
user_7247,1,0.858677353785384,1,1
user_7248,0,0.5633244174809612,1,1
user_7249,0,0.29752912709495105,0,0
user_7250,1,0.8314421082920201,1,1
user_7251,1,0.8894231809007276,1,1
user_7252,1,0.7854152294774853,1,1
user_7253,0,0.12029332623257917,0,0
user_7254,1,0.9248128174253606,1,1
user_7255,1,0.6895659376124846,1,0
user_7256,0,0.29614569508793653,0,0
user_7257,0,0.6351916018579437,1,1
user_7258,0,0.11258017060400943,0,0
user_7259,1,0.9302963601138559,1,1
user_7260,0,0.31807636111734555,0,0
user_7261,0,0.014674633542595366,0,0
user_7262,1,0.560690946439127,1,0
user_7263,1,0.884804129510956,1,1
user_7264,0,0.21640768085706255,0,0
user_7265,1,0.8690597778284327,1,1
user_7266,1,0.48256048543402436,0,1
user_7267,1,0.6020600189549106,1,1
user_7268,1,0.5242603147868649,1,0
user_7269,1,0.945164156571202,1,1
user_7270,0,0.7520545567406474,1,0
user_7271,1,0.7479327225148162,1,1
user_7272,1,0.9653668274112153,1,1
user_7273,0,0.09682810734216507,0,0
user_7274,1,0.7674337464781777,1,1
user_7275,1,0.7482169030999215,1,1
user_7276,0,0.2153866294351107,0,0
user_7277,0,0.019383165587528037,0,0
user_7278,0,0.22724093828295167,0,0
user_7279,0,0.01594888011487022,0,0
user_7280,0,0.09547861098261645,0,0
user_7281,1,0.8771096488422463,1,1
user_7282,1,0.5093007020524924,1,0
user_7283,0,0.16433841519957135,0,0
user_7284,0,0.12929465523901687,0,0
user_7285,1,0.8672275821194654,1,1
user_7286,0,0.04452792376693742,0,0
user_7287,0,0.3888634615452012,0,0
user_7288,1,0.8074013817284685,1,1
user_7289,0,0.676379729757197,1,1
user_7290,0,0.18313432378508177,0,0
user_7291,1,0.6449803185223424,1,1
user_7292,0,0.128043131247582,0,0
user_7293,0,0.15159757418165637,0,0
user_7294,1,0.8043937716016267,1,1
user_7295,0,0.6097216842715429,1,1
user_7296,0,0.2052589738961428,0,0
user_7297,1,0.4308315462964912,0,0
user_7298,1,0.5689436815370791,1,1
user_7299,0,0.16973786300242727,0,0
user_7300,0,0.7091405515238448,1,1
user_7301,1,0.7367314612562248,1,1
user_7302,1,0.25304530894703564,0,0
user_7303,0,0.09178840171474309,0,0
user_7304,0,0.12665726144902914,0,0
user_7305,0,0.07097896250845624,0,0
user_7306,1,0.3232971480478342,0,0
user_7307,0,0.0694461655851208,0,0
user_7308,1,0.605974324401097,1,0
user_7309,0,0.07060960622701327,0,0
user_7310,0,0.02271554661255974,0,0
user_7311,0,0.38644649214862226,0,0
user_7312,0,0.17076371018908035,0,0
user_7313,1,0.7501528398313742,1,1
user_7314,1,0.8531326701111613,1,1
user_7315,0,0.32039065817799756,0,0
user_7316,1,0.8991825727871213,1,1
user_7317,0,0.8124213958635783,1,1
user_7318,0,0.5596192935855083,1,1
user_7319,1,0.5014270189203641,1,0
user_7320,0,0.7370283403407862,1,1
user_7321,0,0.07916591296785695,0,0
user_7322,0,0.1972788967220408,0,0
user_7323,1,0.50464405128543,1,0
user_7324,0,0.37182265178947016,0,0
user_7325,1,0.6063097453480346,1,1
user_7326,1,0.9546172674651203,1,1
user_7327,1,0.8468375020152079,1,1
user_7328,1,0.2756493875541936,0,0
user_7329,0,0.08788226642724689,0,0
user_7330,1,0.9453569237266024,1,1
user_7331,1,0.9362181738269503,1,1
user_7332,0,0.1722707831651363,0,0
user_7333,0,0.3887070898382926,0,0
user_7334,0,0.9332776530431882,1,1
user_7335,0,0.021954846806009926,0,0
user_7336,0,0.09193341703892881,0,0
user_7337,1,0.8496484993877569,1,1
user_7338,1,0.882158631845283,1,1
user_7339,1,0.8882966441263879,1,1
user_7340,0,0.023056947454726414,0,0
user_7341,1,0.4468489666020237,0,0
user_7342,0,0.12867712528814987,0,0
user_7343,0,0.26630374359427034,0,0
user_7344,0,0.25050282595802703,0,0
user_7345,0,0.4050757315243526,0,0
user_7346,0,0.1300558930215355,0,0
user_7347,1,0.8471773606394739,1,1
user_7348,0,0.7997763287920344,1,1
user_7349,0,0.609462274994405,1,1
user_7350,1,0.37613471957993816,0,0
user_7351,1,0.8484484673551079,1,1
user_7352,0,0.10497033506190531,0,0
user_7353,0,0.02551697496497536,0,0
user_7354,1,0.9355199348691879,1,1
user_7355,0,0.6439122875972436,1,1
user_7356,1,0.7491208523098933,1,1
user_7357,1,0.7176889225003529,1,1
user_7358,1,0.8599951248143557,1,1
user_7359,0,0.48212555741502183,0,0
user_7360,0,0.13853251195445204,0,0
user_7361,1,0.28744815193024253,0,0
user_7362,0,0.3327317260479213,0,0
user_7363,0,0.043304010017454646,0,0
user_7364,0,0.26546575735726013,0,0
user_7365,0,0.03753413394299864,0,0
user_7366,1,0.6198994643243195,1,1
user_7367,0,0.1471415562806856,0,0
user_7368,1,0.7818534289893243,1,1
user_7369,0,0.021744490767250383,0,0
user_7370,0,0.46129171088378873,0,0
user_7371,1,0.930757994976359,1,1
user_7372,0,0.011954058549234066,0,0
user_7373,0,0.06517795697044988,0,0
user_7374,1,0.9342776947542146,1,1
user_7375,0,0.01486652805768053,0,0
user_7376,0,0.16258787336582836,0,0
user_7377,0,0.17692645732183285,0,0
user_7378,1,0.7590182841570445,1,1
user_7379,1,0.940876824749793,1,1
user_7380,0,0.13229345789730992,0,0
user_7381,0,0.025271506798557223,0,0
user_7382,1,0.43695697550134754,0,0
user_7383,1,0.8081211136327141,1,1
user_7384,0,0.035266375530261726,0,0
user_7385,0,0.21867795298172193,0,0
user_7386,1,0.9263420262566803,1,1
user_7387,0,0.03416448969033482,0,0
user_7388,1,0.8861838147836183,1,1
user_7389,0,0.06096155529176417,0,0
user_7390,0,0.5726655148262773,1,0
user_7391,1,0.5625074912662963,1,0
user_7392,1,0.7549600115576742,1,1
user_7393,1,0.6260716168160972,1,0
user_7394,0,0.040466880927113716,0,0
user_7395,1,0.7501647849355688,1,0
user_7396,0,0.7153972653862828,1,0
user_7397,0,0.02771097844984815,0,0
user_7398,1,0.9694119640980496,1,1
user_7399,1,0.9348402366706928,1,1
user_7400,0,0.33893331096857093,0,0
user_7401,0,0.17668863668547086,0,0
user_7402,0,0.18161530491857358,0,0
user_7403,0,0.29889703435819004,0,0
user_7404,1,0.9600928723033681,1,1
user_7405,0,0.3663758587164216,0,0
user_7406,0,0.23707662013604727,0,0
user_7407,1,0.966933420625805,1,1
user_7408,0,0.6343172522665512,1,1
user_7409,0,0.032667911303242245,0,0
user_7410,1,0.7063861005063355,1,1
user_7411,0,0.05522491748377336,0,0
user_7412,1,0.9266764343244053,1,1
user_7413,0,0.058053901212554444,0,0
user_7414,0,0.25404543349763853,0,0
user_7415,0,0.2155356106937716,0,0
user_7416,0,0.35124932578248264,0,0
user_7417,0,0.26549303730262974,0,0
user_7418,1,0.8714553844819772,1,1
user_7419,0,0.320087252790067,0,0
user_7420,1,0.964116106135194,1,1
user_7421,1,0.7812766674870465,1,1
user_7422,1,0.6180266274593873,1,0
user_7423,0,0.8036436057891193,1,1
user_7424,0,0.7492214831066114,1,1
user_7425,0,0.061434147958471214,0,0
user_7426,0,0.021602325721217508,0,0
user_7427,1,0.9499411712727084,1,1
user_7428,0,0.479291500806347,0,0
user_7429,1,0.8822262514082057,1,1
user_7430,0,0.22605930912629324,0,0
user_7431,1,0.6828364381839029,1,1
user_7432,1,0.9576187921171869,1,1
user_7433,1,0.9339930367357403,1,1
user_7434,1,0.9287438959690907,1,1
user_7435,1,0.8729608135701871,1,1
user_7436,0,0.22834265503275678,0,0
user_7437,0,0.16189619656340234,0,0
user_7438,0,0.13941594930551696,0,0
user_7439,1,0.6348167428403567,1,1
user_7440,1,0.8218800724128343,1,1
user_7441,1,0.9118430302346298,1,1
user_7442,0,0.3315884194648709,0,0
user_7443,1,0.7564467323567543,1,1
user_7444,1,0.7523606021307937,1,1
user_7445,1,0.85422384426075,1,1
user_7446,1,0.8643117572901761,1,1
user_7447,0,0.1734500361119303,0,0
user_7448,0,0.024453819176564855,0,0
user_7449,1,0.6400630357989346,1,1
user_7450,1,0.77010924316402,1,1
user_7451,0,0.3357369247041198,0,0
user_7452,0,0.22527635148812242,0,0
user_7453,1,0.9681915954370297,1,1
user_7454,0,0.41026381278559787,0,0
user_7455,1,0.691934446736108,1,1
user_7456,1,0.8774341501565508,1,1
user_7457,1,0.15827676647844727,0,0
user_7458,0,0.25385025862106614,0,0
user_7459,1,0.39714835179599706,0,0
user_7460,0,0.8431383911931913,1,1
user_7461,0,0.10228779065071479,0,0
user_7462,0,0.25549979384612403,0,0
user_7463,0,0.13525380581996338,0,0
user_7464,0,0.29092389302083915,0,0
user_7465,1,0.8930188791912074,1,1
user_7466,1,0.7633452540270773,1,1
user_7467,0,0.014419177710647532,0,0
user_7468,0,0.15503004104758064,0,0
user_7469,1,0.4978991433148192,0,0
user_7470,0,0.1247103399297116,0,0
user_7471,0,0.45934991806187964,0,1
user_7472,0,0.05344716629985484,0,0
user_7473,0,0.5054283697392448,1,0
user_7474,1,0.962847159976905,1,1
user_7475,1,0.9830303819038217,1,1
user_7476,1,0.27731534163787736,0,0
user_7477,0,0.33946718716961927,0,0
user_7478,0,0.07682488794559685,0,0
user_7479,1,0.9739003427813215,1,1
user_7480,0,0.18201646079284084,0,0
user_7481,0,0.267171038663195,0,0
user_7482,0,0.3303969157481611,0,0
user_7483,1,0.7969540876061596,1,1
user_7484,0,0.00959598061903762,0,0
user_7485,0,0.8031220487985254,1,1
user_7486,0,0.4109748355372646,0,0
user_7487,0,0.5175467758222552,1,0
user_7488,0,0.8816078076829416,1,1
user_7489,1,0.9215923182707534,1,1
user_7490,1,0.9416348985643871,1,1
user_7491,1,0.8470469825399591,1,1
user_7492,1,0.9304365212458491,1,1
user_7493,1,0.8144560861070017,1,1
user_7494,0,0.4899098819336113,0,0
user_7495,1,0.6020659454965684,1,0
user_7496,0,0.4294168905058676,0,0
user_7497,0,0.5050711784620838,1,1
user_7498,0,0.0819956688386668,0,0
user_7499,1,0.9139193505191914,1,1
user_7500,1,0.7908247647473868,1,1
user_7501,1,0.8543581005262164,1,1
user_7502,1,0.5415048024279853,1,0
user_7503,1,0.616846791961962,1,0
user_7504,0,0.3473279089788773,0,0
user_7505,1,0.5549095745412993,1,0
user_7506,1,0.532556012752799,1,0
user_7507,0,0.5952446937457447,1,1
user_7508,0,0.09247879005867506,0,0
user_7509,0,0.07516722939123971,0,0
user_7510,1,0.8240610393758375,1,1
user_7511,1,0.8041522449151619,1,1
user_7512,1,0.630207381675985,1,0
user_7513,1,0.948249885265934,1,1
user_7514,1,0.4088471600791875,0,0
user_7515,0,0.4133740791103124,0,0
user_7516,1,0.47305785426329283,0,0
user_7517,1,0.8895391859711227,1,1
user_7518,0,0.00957404061799534,0,0
user_7519,0,0.1978155980798023,0,0
user_7520,0,0.11910649497255624,0,0
user_7521,1,0.9839113841626246,1,1
user_7522,0,0.3388823711578372,0,0
user_7523,1,0.9744872707931481,1,1
user_7524,0,0.35535513594687357,0,0
user_7525,0,0.43146128183645194,0,0
user_7526,0,0.0315685712716387,0,0
user_7527,0,0.0399886279633451,0,0
user_7528,0,0.06600090856348882,0,0
user_7529,0,0.02393561294259802,0,0
user_7530,1,0.5064052811840688,1,0
user_7531,0,0.12417298367315101,0,0
user_7532,1,0.6210803967350241,1,0
user_7533,1,0.6693079723244238,1,1
user_7534,1,0.42690685580890775,0,0
user_7535,1,0.4622846756167836,0,0
user_7536,0,0.5534679478830643,1,0
user_7537,0,0.40413419418914914,0,0
user_7538,1,0.8580402291014292,1,1
user_7539,1,0.6015009124450228,1,0
user_7540,1,0.9413671660144638,1,1
user_7541,0,0.6385436133247733,1,1
user_7542,0,0.15995102396129118,0,0
user_7543,0,0.038868780844877125,0,0
user_7544,0,0.27079602627640764,0,0
user_7545,1,0.6457353578700352,1,1
user_7546,0,0.04793879793808615,0,0
user_7547,1,0.8271236579607207,1,1
user_7548,1,0.9494037140975943,1,1
user_7549,0,0.051588217788393426,0,0
user_7550,0,0.17165931027613296,0,0
user_7551,1,0.9466634314774816,1,1
user_7552,0,0.043191808059166344,0,0
user_7553,1,0.8223151025112759,1,1
user_7554,0,0.31717025968059814,0,0
user_7555,1,0.9711547478286074,1,1
user_7556,0,0.17286127954657787,0,0
user_7557,1,0.7206252094219061,1,1
user_7558,1,0.5646226969022443,1,0
user_7559,1,0.9687695616342565,1,1
user_7560,1,0.6673298206645563,1,1
user_7561,0,0.05688186946427487,0,0
user_7562,0,0.08467062690937652,0,0
user_7563,0,0.2173178456710201,0,0
user_7564,1,0.5903011136676539,1,1
user_7565,0,0.2727562190925473,0,0
user_7566,0,0.06016045373855384,0,0
user_7567,0,0.06591904093634705,0,0
user_7568,0,0.3162442408456624,0,0
user_7569,0,0.2924465661035479,0,0
user_7570,1,0.7409834725091021,1,1
user_7571,0,0.8851496822451219,1,1
user_7572,0,0.24298772209511219,0,0
user_7573,0,0.15855923349614692,0,0
user_7574,1,0.5314974241293318,1,1
user_7575,0,0.05899795209873287,0,0
user_7576,1,0.9329867677652911,1,1
user_7577,1,0.5505464430336261,1,1
user_7578,1,0.43227864577147085,0,0
user_7579,1,0.7086543905977065,1,1
user_7580,0,0.6170033511551615,1,1
user_7581,1,0.9270288389925073,1,1
user_7582,0,0.38320778229010466,0,0
user_7583,0,0.06566117208861978,0,0
user_7584,0,0.3587779955502197,0,0
user_7585,0,0.05163299923084982,0,0
user_7586,1,0.824368206190135,1,1
user_7587,0,0.04307078146765727,0,0
user_7588,1,0.7311070812540753,1,0
user_7589,0,0.6170803869601119,1,0
user_7590,0,0.0390213709980564,0,0
user_7591,0,0.741445206584092,1,1
user_7592,0,0.14466974280830883,0,0
user_7593,0,0.40941843570342795,0,0
user_7594,0,0.22559267104146172,0,0
user_7595,1,0.9192489557958601,1,1
user_7596,1,0.5962003116808854,1,1
user_7597,1,0.924805010225385,1,1
user_7598,1,0.9675225047158071,1,1
user_7599,0,0.2517843225792429,0,0
user_7600,0,0.381325962131936,0,0
user_7601,0,0.6196826406810396,1,0
user_7602,1,0.9292131789879261,1,1
user_7603,0,0.11730807341124304,0,0
user_7604,1,0.4893222966515024,0,0
user_7605,0,0.5531913947804092,1,1
user_7606,1,0.8211187348225039,1,1
user_7607,0,0.221536683525202,0,0
user_7608,1,0.8552776804215771,1,1
user_7609,0,0.09455688824452593,0,0
user_7610,1,0.9414136753203559,1,1
user_7611,0,0.03698335544405318,0,0
user_7612,0,0.2016329449160458,0,0
user_7613,1,0.9442799591701713,1,1
user_7614,1,0.5022928149011874,1,1
user_7615,0,0.1990322552309832,0,0
user_7616,1,0.9770591798273663,1,1
user_7617,0,0.04917369094500662,0,0
user_7618,0,0.042432041724189885,0,0
user_7619,0,0.1666070677539635,0,0
user_7620,1,0.8310800253176154,1,1
user_7621,1,0.8755992456598549,1,1
user_7622,1,0.6983836785519428,1,1
user_7623,1,0.3841737080106157,0,0
user_7624,1,0.6413840962302566,1,1
user_7625,1,0.84972912314576,1,1
user_7626,0,0.43348611299240786,0,0
user_7627,0,0.03152921310119278,0,0
user_7628,0,0.14628607162077364,0,0
user_7629,0,0.14748779936788764,0,0
user_7630,1,0.8421158898514883,1,1
user_7631,0,0.04654349280443693,0,0
user_7632,0,0.5681048356949275,1,0
user_7633,1,0.9561020780977068,1,1
user_7634,0,0.5906856799149292,1,0
user_7635,1,0.7153319150791235,1,1
user_7636,0,0.3301270236273368,0,0
user_7637,0,0.0760486680868729,0,0
user_7638,1,0.6118550635135218,1,1
user_7639,0,0.223326956768553,0,0
user_7640,0,0.18267434206113045,0,0
user_7641,0,0.7534392817717542,1,1
user_7642,0,0.1796762956708389,0,0
user_7643,1,0.8992276261568789,1,1
user_7644,1,0.8641968753327199,1,1
user_7645,0,0.16674707059934019,0,0
user_7646,0,0.017362897924030393,0,0
user_7647,0,0.16875422690882377,0,0
user_7648,0,0.4401968952027907,0,0
user_7649,1,0.8363245536158591,1,1
user_7650,1,0.9150303250050675,1,1
user_7651,1,0.19482906739197833,0,0
user_7652,0,0.04959917128270954,0,0
user_7653,1,0.904391923497909,1,1
user_7654,1,0.4700763836797336,0,0
user_7655,1,0.9283794519323589,1,1
user_7656,1,0.7464158080146516,1,0
user_7657,1,0.9265721187435645,1,1
user_7658,0,0.032150224042655884,0,0
user_7659,1,0.9452250805098781,1,1
user_7660,0,0.6179798485279305,1,1
user_7661,1,0.9717376648791279,1,1
user_7662,0,0.19981489033166602,0,0
user_7663,0,0.6093242130479859,1,1
user_7664,0,0.07939431442135426,0,0
user_7665,1,0.7736410635204015,1,1
user_7666,0,0.08233635903580014,0,0
user_7667,1,0.9490586310779192,1,1
user_7668,0,0.3240069347020674,0,0
user_7669,0,0.08338034311642391,0,0
user_7670,0,0.18368321970111562,0,0
user_7671,0,0.21261306328228705,0,0
user_7672,1,0.9176964833669661,1,1
user_7673,0,0.12132015554747912,0,0
user_7674,0,0.09278193544212385,0,0
user_7675,0,0.31459516642325,0,0
user_7676,1,0.9106458951604748,1,1
user_7677,0,0.015426531004568695,0,0
user_7678,0,0.9367329178075655,1,1
user_7679,0,0.34023805325215295,0,0
user_7680,1,0.7267462897505087,1,1
user_7681,0,0.10411635442254152,0,0
user_7682,1,0.23198358561346188,0,0
user_7683,0,0.4638258546904723,0,0
user_7684,0,0.11480349710389101,0,0
user_7685,1,0.9814677970579678,1,1
user_7686,0,0.06763849084338691,0,0
user_7687,1,0.9437756210502845,1,1
user_7688,0,0.13235682256934106,0,0
user_7689,1,0.9575811839237648,1,1
user_7690,0,0.11831230226486893,0,0
user_7691,0,0.21695712114101545,0,0
user_7692,0,0.4128233564588755,0,0
user_7693,0,0.7015678342562418,1,0
user_7694,1,0.9505058574414342,1,1
user_7695,1,0.8169657126101866,1,1
user_7696,1,0.9322841231359801,1,1
user_7697,1,0.5666920827779853,1,0
user_7698,0,0.3767568301312153,0,0
user_7699,0,0.2479759145229112,0,0
user_7700,1,0.8904927153706949,1,1
user_7701,1,0.7164794986582219,1,0
user_7702,1,0.8809696414991924,1,1
user_7703,1,0.9092893641695889,1,1
user_7704,1,0.66448651377816,1,0
user_7705,0,0.04260721589369934,0,0
user_7706,0,0.22928861470978787,0,0
user_7707,1,0.5630093933059362,1,0
user_7708,0,0.0318543741013281,0,0
user_7709,0,0.8380432594645965,1,1
user_7710,0,0.3747378705219349,0,0
user_7711,0,0.17954524159428273,0,0
user_7712,1,0.9398378711120396,1,1
user_7713,1,0.7228739195960282,1,1
user_7714,1,0.9132487557993006,1,1
user_7715,1,0.3487667179620048,0,0
user_7716,0,0.05194718663016184,0,0
user_7717,0,0.22202717466119765,0,0
user_7718,0,0.053550325625689545,0,0
user_7719,0,0.08936290168023903,0,0
user_7720,1,0.8802863982123279,1,1
user_7721,0,0.24497679527992303,0,0
user_7722,1,0.6787582116430808,1,1
user_7723,0,0.11817637265625965,0,0
user_7724,0,0.062210479673783785,0,0
user_7725,0,0.23263620283899328,0,0
user_7726,0,0.3185615533711361,0,0
user_7727,0,0.10679303901570636,0,0
user_7728,1,0.7630310084757369,1,1
user_7729,1,0.6923325514335289,1,1
user_7730,0,0.05773396120601728,0,0
user_7731,1,0.8717343340741747,1,1
user_7732,0,0.2651206168041315,0,0
user_7733,1,0.8443823666657966,1,1
user_7734,1,0.5292743467349369,1,0
user_7735,0,0.06884354446998874,0,0
user_7736,1,0.8707369162819402,1,1
user_7737,1,0.9440303810496039,1,1
user_7738,0,0.3316592967326478,0,0
user_7739,1,0.3596489533796067,0,0
user_7740,0,0.8137984839747426,1,1
user_7741,1,0.5349768485923407,1,1
user_7742,1,0.573472636506654,1,1
user_7743,1,0.7608311431781828,1,1
user_7744,1,0.9465973692661924,1,1
user_7745,0,0.14746069619298988,0,0
user_7746,1,0.9191002898422206,1,1
user_7747,1,0.8940528818949379,1,1
user_7748,1,0.9635327903392705,1,1
user_7749,1,0.5893508575048773,1,1
user_7750,1,0.9821900807354332,1,1
user_7751,1,0.8159505088333356,1,1
user_7752,0,0.15905946978673063,0,0
user_7753,1,0.8956433482821702,1,1
user_7754,1,0.5304720621817601,1,0
user_7755,1,0.8090057837584606,1,1
user_7756,1,0.9298940542994738,1,1
user_7757,1,0.8653151988805481,1,1
user_7758,0,0.2232468264818499,0,0
user_7759,0,0.3366932570907477,0,0
user_7760,1,0.976093427796579,1,1
user_7761,1,0.6789866194293875,1,1
user_7762,1,0.8411950414470685,1,1
user_7763,1,0.8429229818058811,1,1
user_7764,1,0.7897990573971301,1,1
user_7765,1,0.9371078756541807,1,1
user_7766,0,0.2077683866331081,0,0
user_7767,1,0.9326547233779432,1,1
user_7768,0,0.28494004675626355,0,0
user_7769,0,0.2017355297965311,0,0
user_7770,0,0.5319041791142234,1,0
user_7771,0,0.16436212014316967,0,0
user_7772,1,0.7640990412640359,1,0
user_7773,0,0.008855751216604205,0,0
user_7774,0,0.32919470519495986,0,0
user_7775,0,0.11393349984673236,0,0
user_7776,0,0.03242341468140542,0,0
user_7777,1,0.9813242598613042,1,1
user_7778,0,0.10112077991192016,0,0
user_7779,0,0.1479597935444755,0,0
user_7780,0,0.05746134291024087,0,0
user_7781,0,0.45922827972133023,0,0
user_7782,0,0.5490321621252676,1,0
user_7783,1,0.9136482785600295,1,1
user_7784,0,0.12451101149313916,0,0
user_7785,1,0.6545618262224818,1,1
user_7786,0,0.4820408311075988,0,0
user_7787,1,0.8651682554185642,1,1
user_7788,0,0.24785685368152974,0,0
user_7789,0,0.4731117336362654,0,0
user_7790,1,0.9420740025354675,1,1
user_7791,0,0.4903376704677005,0,0
user_7792,1,0.8026549661736719,1,1
user_7793,1,0.4583443169752575,0,0
user_7794,1,0.9300706493193648,1,1
user_7795,1,0.6943444001928558,1,1
user_7796,1,0.5958745249182105,1,1
user_7797,1,0.9327970510460644,1,1
user_7798,0,0.7585208012079702,1,1
user_7799,0,0.3275640258455384,0,0
user_7800,0,0.19642444874896853,0,0
user_7801,0,0.019257722534944614,0,0
user_7802,1,0.8083548403642585,1,1
user_7803,0,0.5550437727815215,1,1
user_7804,1,0.80703904981609,1,1
user_7805,1,0.5880196497605148,1,1
user_7806,0,0.0540480510011918,0,0
user_7807,0,0.6732120228053514,1,1
user_7808,0,0.5294000163584959,1,0
user_7809,0,0.18857744713342336,0,0
user_7810,1,0.8957399937830498,1,1
user_7811,0,0.13884618521154732,0,0
user_7812,0,0.1356123585664216,0,0
user_7813,1,0.9451641686329458,1,1
user_7814,0,0.6182097411982352,1,1
user_7815,0,0.11150555318854674,0,0
user_7816,0,0.01568455568228241,0,0
user_7817,1,0.9621368101834179,1,1
user_7818,1,0.6414336555184769,1,1
user_7819,1,0.4178725756279935,0,0
user_7820,1,0.5776817688940062,1,1
user_7821,1,0.7991308372594061,1,1
user_7822,0,0.208849345177191,0,0
user_7823,1,0.887400167662823,1,1
user_7824,0,0.8462518034371423,1,1
user_7825,1,0.845421624237395,1,1
user_7826,0,0.09969311191798126,0,0
user_7827,0,0.8777553426672392,1,1
user_7828,1,0.5302905338313109,1,0
user_7829,0,0.3583929336352219,0,0
user_7830,1,0.36931176996998083,0,0
user_7831,1,0.9670658445835191,1,1
user_7832,1,0.9713739244991334,1,1
user_7833,1,0.8893473487990429,1,1
user_7834,0,0.2845015184019589,0,0
user_7835,0,0.016535855401525378,0,0
user_7836,1,0.8415628501026068,1,1
user_7837,0,0.08689437260427732,0,0
user_7838,1,0.668503537187167,1,1
user_7839,1,0.3605006971928269,0,0
user_7840,1,0.8369350455847097,1,1
user_7841,0,0.41832240075112015,0,0
user_7842,1,0.6823688374966798,1,0
user_7843,0,0.1836317705747213,0,0
user_7844,1,0.7994483432113962,1,1
user_7845,1,0.6880138266630031,1,1
user_7846,0,0.08557707796206913,0,0
user_7847,1,0.8119784532165987,1,1
user_7848,0,0.3657543521273185,0,0
user_7849,0,0.17113484923197272,0,0
user_7850,0,0.07585872220674529,0,0
user_7851,0,0.07669041314016892,0,0
user_7852,0,0.1802401406286622,0,0
user_7853,0,0.2661478046148608,0,0
user_7854,0,0.12176512394810006,0,0
user_7855,1,0.4247592221064104,0,0
user_7856,0,0.14600719623192235,0,0
user_7857,0,0.08938316051488203,0,0
user_7858,0,0.43719538505533384,0,0
user_7859,0,0.03668849756351626,0,0
user_7860,1,0.712262816651762,1,0
user_7861,0,0.6911245330531645,1,1
user_7862,1,0.8404534150374252,1,1
user_7863,1,0.7416272015641645,1,1
user_7864,1,0.7079827791660355,1,1
user_7865,0,0.22876239229076262,0,0
user_7866,1,0.6005871172933087,1,1
user_7867,1,0.7964940692166584,1,0
user_7868,0,0.1509642637375629,0,0
user_7869,1,0.5500517067488998,1,1
user_7870,0,0.15991504104141677,0,0
user_7871,0,0.12789371945387426,0,0
user_7872,1,0.6400591708506147,1,1
user_7873,0,0.49391249389200054,0,0
user_7874,0,0.03599562481428571,0,0
user_7875,1,0.6851029238106489,1,1
user_7876,0,0.5332718913359183,1,0
user_7877,0,0.1100143649836649,0,0
user_7878,0,0.13477489651870772,0,0
user_7879,1,0.9541881099598817,1,1
user_7880,1,0.735901205951173,1,1
user_7881,1,0.39475045289697724,0,0
user_7882,0,0.028068600704734284,0,0
user_7883,1,0.5362895141047793,1,1
user_7884,0,0.4624307942369624,0,0
user_7885,0,0.37439186235193794,0,0
user_7886,0,0.07393746347112516,0,0
user_7887,0,0.444404742654334,0,1
user_7888,0,0.05608457524803097,0,0
user_7889,1,0.8950871439064391,1,1
user_7890,1,0.34942673178312295,0,0
user_7891,0,0.1009549871401281,0,0
user_7892,1,0.5439131706344499,1,1
user_7893,1,0.7285629121128969,1,1
user_7894,0,0.3864873470139179,0,0
user_7895,0,0.09342466863727535,0,0
user_7896,1,0.671764419697633,1,1
user_7897,1,0.37830393183657035,0,0
user_7898,1,0.942233944416397,1,1
user_7899,1,0.35972663618666045,0,0
user_7900,1,0.5969323950856478,1,0
user_7901,1,0.8269741259897571,1,1
user_7902,0,0.03291788410816977,0,0
user_7903,1,0.9511689644349766,1,1
user_7904,0,0.489973181357306,0,1
user_7905,0,0.06491656103062472,0,0
user_7906,0,0.1075299548221485,0,0
user_7907,0,0.06560524874863537,0,0
user_7908,0,0.30939032305023556,0,0
user_7909,1,0.9032369234390808,1,1
user_7910,1,0.9601411697551909,1,1
user_7911,1,0.11527817350477226,0,0
user_7912,0,0.03130346343210671,0,0
user_7913,1,0.9716264158212967,1,1
user_7914,1,0.4610575113534416,0,0
user_7915,1,0.7808779409949614,1,0
user_7916,0,0.049859121235379,0,0
user_7917,0,0.24682780163050064,0,0
user_7918,1,0.872653457563365,1,1
user_7919,1,0.16723861634981987,0,0
user_7920,0,0.4656884845004737,0,1
user_7921,1,0.9107477638446387,1,1
user_7922,0,0.07514349371069041,0,0
user_7923,1,0.7175584037190849,1,1
user_7924,0,0.4913126361959456,0,0
user_7925,0,0.20692779382134588,0,0
user_7926,0,0.14879756000773067,0,0
user_7927,1,0.8715825899254619,1,1
user_7928,1,0.5776670191373087,1,0
user_7929,0,0.08774752520048296,0,0
user_7930,0,0.07048901238155642,0,0
user_7931,0,0.2821566099044709,0,0
user_7932,0,0.1907888293905019,0,0
user_7933,1,0.9501880349208125,1,1
user_7934,0,0.2738491472281564,0,0
user_7935,0,0.09546251142588877,0,0
user_7936,1,0.923124840443042,1,1
user_7937,0,0.5204765700462838,1,1
user_7938,0,0.02562340455542462,0,0
user_7939,0,0.23654046565004344,0,0
user_7940,1,0.5130832317836783,1,0
user_7941,1,0.9100843209241943,1,1
user_7942,0,0.022373969201198073,0,0
user_7943,0,0.16816015092178782,0,0
user_7944,1,0.7087940208304107,1,1
user_7945,0,0.4854603688134092,0,0
user_7946,1,0.45462630768915774,0,0
user_7947,1,0.37206681061983865,0,0
user_7948,0,0.4770556106527665,0,0
user_7949,0,0.07812202941203321,0,0
user_7950,1,0.6903352684992169,1,0
user_7951,0,0.17060453266273246,0,0
user_7952,0,0.007783955106167763,0,0
user_7953,0,0.28912431258808374,0,0
user_7954,0,0.06237732366578013,0,0
user_7955,0,0.17202019697996504,0,0
user_7956,0,0.10077838221864731,0,0
user_7957,0,0.7614763089986695,1,1
user_7958,0,0.16666738705974884,0,0
user_7959,0,0.33830990690292684,0,0
user_7960,0,0.744853372629221,1,1
user_7961,0,0.1357507032963568,0,0
user_7962,0,0.3424367365676777,0,0
user_7963,0,0.034042364232070556,0,0
user_7964,1,0.6713240465327925,1,1
user_7965,0,0.10866809726509945,0,0
user_7966,0,0.74924566996087,1,1
user_7967,1,0.6733647299674752,1,1
user_7968,0,0.3294955004326391,0,0
user_7969,0,0.11227941554569128,0,0
user_7970,1,0.9459293247260824,1,1
user_7971,0,0.08072676329829492,0,0
user_7972,1,0.9492300299078321,1,1
user_7973,0,0.09367187583465625,0,0
user_7974,1,0.9158877642601653,1,1
user_7975,1,0.7098520317537423,1,1
user_7976,1,0.4095621864809082,0,0
user_7977,1,0.35625023068150247,0,0
user_7978,0,0.050825563933779044,0,0
user_7979,0,0.35894480250194005,0,0
user_7980,1,0.5849032418985162,1,1
user_7981,1,0.7622139190739209,1,1
user_7982,0,0.06332268029981969,0,0
user_7983,0,0.0706414687060221,0,0
user_7984,1,0.6720543363524544,1,0
user_7985,0,0.372681552760195,0,0
user_7986,1,0.9153600009067516,1,1
user_7987,1,0.5277149704953056,1,0
user_7988,1,0.6629075584507925,1,1
user_7989,0,0.44831190919501673,0,0
user_7990,1,0.15948961914750398,0,0
user_7991,1,0.8912720757574141,1,1
user_7992,0,0.4630477607064735,0,0
user_7993,0,0.4750460639913138,0,0
user_7994,1,0.3820111108220548,0,0
user_7995,0,0.07150518054128863,0,0
user_7996,0,0.41682250417759154,0,0
user_7997,1,0.9511254543676089,1,1
user_7998,1,0.8550034977881336,1,1
user_7999,0,0.3724814979568424,0,0
user_8000,1,0.8726821496614021,1,1
user_8001,1,0.8486043585984545,1,1
user_8002,0,0.16020819422923735,0,0
user_8003,1,0.8086543633995886,1,1
user_8004,1,0.9496857710774358,1,1
user_8005,1,0.9605179198896365,1,1
user_8006,0,0.1961240599654815,0,0
user_8007,1,0.8496917365880493,1,1
user_8008,1,0.7010220641591698,1,1
user_8009,1,0.44006556655809786,0,0
user_8010,0,0.169152269344954,0,0
user_8011,0,0.5191528316989718,1,1
user_8012,0,0.4835783508794873,0,0
user_8013,1,0.6599688007599019,1,0
user_8014,0,0.1146470728095602,0,0
user_8015,0,0.06030770448549622,0,0
user_8016,1,0.9515017993115066,1,1
user_8017,1,0.7404135177230373,1,1
user_8018,1,0.7897848794488789,1,1
user_8019,0,0.07286073592431476,0,0
user_8020,0,0.21903572382643874,0,0
user_8021,0,0.07149003424348188,0,0
user_8022,0,0.10656022454242169,0,0
user_8023,0,0.20567318155878814,0,0
user_8024,1,0.9174415360748702,1,1
user_8025,1,0.825890727025667,1,1
user_8026,1,0.871972365328626,1,1
user_8027,0,0.21131650679545075,0,0
user_8028,0,0.3527868576222641,0,0
user_8029,1,0.668692011757773,1,1
user_8030,1,0.8451237824947808,1,1
user_8031,1,0.9066573898965089,1,1
user_8032,0,0.686901958657031,1,1
user_8033,0,0.24768226481079614,0,0
user_8034,0,0.026971367991545297,0,0
user_8035,0,0.12676677704135056,0,0
user_8036,0,0.09088086958590615,0,0
user_8037,1,0.9865236486799741,1,1
user_8038,0,0.05378573470208256,0,0
user_8039,1,0.6324000340170608,1,1
user_8040,1,0.6569404766335085,1,1
user_8041,0,0.5204969016313966,1,0
user_8042,0,0.365600278578715,0,0
user_8043,1,0.7821475895050587,1,1
user_8044,0,0.185037125120721,0,0
user_8045,1,0.9242960204332349,1,1
user_8046,0,0.282890598863778,0,0
user_8047,0,0.015401016338819943,0,0
user_8048,1,0.6050163884074129,1,1
user_8049,1,0.9423008359202887,1,1
user_8050,1,0.8348707546529617,1,1
user_8051,1,0.8988986721012366,1,1
user_8052,1,0.6366235421426157,1,1
user_8053,1,0.14242552502129055,0,0
user_8054,0,0.28937878720063887,0,0
user_8055,1,0.6521182648788965,1,1
user_8056,0,0.15037475935613429,0,0
user_8057,1,0.7488675127881199,1,0
user_8058,1,0.8039670503181984,1,1
user_8059,1,0.904544134852197,1,1
user_8060,1,0.8694788262493027,1,1
user_8061,0,0.2057233752840245,0,0
user_8062,1,0.7096321660767684,1,1
user_8063,1,0.9564896776970904,1,1
user_8064,0,0.25704438058990636,0,0
user_8065,0,0.2966200610180601,0,0
user_8066,0,0.11294020740973229,0,0
user_8067,1,0.8432073333382615,1,1
user_8068,0,0.0657037753038442,0,0
user_8069,1,0.3941919506004013,0,0
user_8070,1,0.9510103702205026,1,1
user_8071,1,0.9329906906216272,1,1
user_8072,0,0.7772225456046881,1,1
user_8073,0,0.09901607008741282,0,0
user_8074,1,0.7467390610842992,1,1
user_8075,0,0.032237459717890916,0,0
user_8076,1,0.5613928359497816,1,1
user_8077,1,0.9412012887463129,1,1
user_8078,0,0.3938550417341762,0,0
user_8079,0,0.051614888407265774,0,0
user_8080,0,0.05960920157571393,0,0
user_8081,0,0.012621744411873385,0,0
user_8082,0,0.2823971547392403,0,0
user_8083,1,0.8773996678386083,1,1
user_8084,0,0.06957707691448627,0,0
user_8085,0,0.8329480551866614,1,1
user_8086,0,0.1093894596298326,0,0
user_8087,0,0.22277878309146767,0,0
user_8088,0,0.1088469237431251,0,0
user_8089,1,0.9044385950299435,1,1
user_8090,1,0.7363061151617732,1,1
user_8091,1,0.9346216356967612,1,1
user_8092,0,0.11965502843214494,0,0
user_8093,0,0.45086328156930544,0,0
user_8094,1,0.8331019945036984,1,1
user_8095,0,0.10774066006525139,0,0
user_8096,1,0.8078515493186637,1,1
user_8097,0,0.05785676541857283,0,0
user_8098,0,0.029938562861294957,0,0
user_8099,0,0.038005729644976644,0,0
user_8100,0,0.623062333080144,1,0
user_8101,0,0.05058753960159167,0,0
user_8102,0,0.5137519324137207,1,0
user_8103,0,0.819262262343725,1,1
user_8104,1,0.8453397736809993,1,1
user_8105,1,0.7628799464344411,1,1
user_8106,0,0.41377406464370264,0,0
user_8107,0,0.15430175339396535,0,0
user_8108,0,0.02852358057995311,0,0
user_8109,1,0.9408885325596672,1,1
user_8110,0,0.8099464774108024,1,1
user_8111,0,0.2633757794309088,0,0
user_8112,0,0.3995695589552345,0,0
user_8113,0,0.42797805800642463,0,0
user_8114,1,0.7057430010630047,1,1
user_8115,0,0.26457838220175117,0,0
user_8116,1,0.648187687328847,1,1
user_8117,0,0.3612032621101184,0,0
user_8118,0,0.0864574021910396,0,0
user_8119,0,0.10998018365570504,0,0
user_8120,0,0.5035642990695925,1,1
user_8121,1,0.9774496341762547,1,1
user_8122,1,0.8446760964154293,1,1
user_8123,0,0.15071628353976688,0,0
user_8124,0,0.2533168810577528,0,0
user_8125,0,0.13376120959388618,0,0
user_8126,0,0.2554468505303105,0,0
user_8127,0,0.04944725418958187,0,0
user_8128,0,0.14352630667690489,0,0
user_8129,0,0.7384442349451791,1,1
user_8130,1,0.8030488106968741,1,1
user_8131,0,0.019592926363763214,0,0
user_8132,0,0.7549441526113518,1,1
user_8133,1,0.9165835073533866,1,1
user_8134,1,0.20515361552125808,0,0
user_8135,1,0.9596461199544355,1,1
user_8136,1,0.6789367762443401,1,1
user_8137,1,0.4595985275762712,0,0
user_8138,0,0.33455206362933254,0,0
user_8139,0,0.3003654133706089,0,0
user_8140,0,0.03691809189219697,0,0
user_8141,1,0.874131200299279,1,1
user_8142,0,0.14841320715219444,0,0
user_8143,0,0.27709782367762004,0,0
user_8144,1,0.6925728043434831,1,0
user_8145,1,0.9077240807500175,1,1
user_8146,0,0.22220004182806344,0,0
user_8147,0,0.566669339951312,1,0
user_8148,0,0.12384482608427731,0,0
user_8149,1,0.8891433445383589,1,1
user_8150,0,0.1440426208222942,0,0
user_8151,1,0.9820489133993707,1,1
user_8152,0,0.8128783132398989,1,1
user_8153,1,0.7308381876378988,1,1
user_8154,0,0.11156925741774898,0,0
user_8155,0,0.054674379966752486,0,0
user_8156,0,0.3309417674784415,0,0
user_8157,0,0.6082327784886759,1,0
user_8158,0,0.13522817042675442,0,0
user_8159,0,0.6064078323403059,1,1
user_8160,0,0.3718578735094063,0,0
user_8161,1,0.32733850710530193,0,0
user_8162,0,0.284085381445244,0,0
user_8163,1,0.8435073600249976,1,1
user_8164,0,0.2692188759072351,0,0
user_8165,1,0.6605551019303875,1,1
user_8166,0,0.27538857329927735,0,0
user_8167,0,0.6735812643109205,1,1
user_8168,0,0.21149244430445385,0,0
user_8169,0,0.27331087979636615,0,0
user_8170,1,0.9425630266172934,1,1
user_8171,0,0.02166555245920128,0,0
user_8172,0,0.24226308901803847,0,0
user_8173,0,0.29960615918625255,0,0
user_8174,0,0.018342927011939777,0,0
user_8175,1,0.8296067489304326,1,1
user_8176,0,0.10189846122304051,0,0
user_8177,0,0.21892008067874152,0,0
user_8178,1,0.6539017559992586,1,1
user_8179,1,0.5195523150215643,1,0
user_8180,0,0.16023512399957754,0,0
user_8181,1,0.9640908809047528,1,1
user_8182,0,0.10144024355161776,0,0
user_8183,0,0.842026085446557,1,1
user_8184,0,0.7675561068681915,1,1
user_8185,0,0.10773969765982666,0,0
user_8186,1,0.7253030861774409,1,1
user_8187,0,0.24100177110885046,0,0
user_8188,0,0.29529183023898925,0,0
user_8189,0,0.0907339352331412,0,0
user_8190,1,0.6328823576326411,1,1
user_8191,1,0.6082994806243367,1,1
user_8192,1,0.7795328692805453,1,1
user_8193,1,0.9052783546186229,1,1
user_8194,0,0.07661347731352686,0,0
user_8195,0,0.020506103065631567,0,0
user_8196,0,0.06317172256021987,0,0
user_8197,0,0.07706678635476973,0,0
user_8198,0,0.10612380671836733,0,0
user_8199,0,0.353900908542048,0,0
user_8200,1,0.929437124012731,1,1
user_8201,0,0.3192320106671208,0,0
user_8202,1,0.33786393029169526,0,0
user_8203,0,0.9030000263774232,1,1
user_8204,0,0.6669100655230852,1,1
user_8205,0,0.37436414574954263,0,0
user_8206,1,0.804664204448254,1,1
user_8207,0,0.18384780967276898,0,0
user_8208,1,0.5692567330122228,1,0
user_8209,0,0.2036558581025607,0,0
user_8210,1,0.9247295592953446,1,1
user_8211,0,0.7187758677211111,1,1
user_8212,1,0.5400977700694226,1,1
user_8213,1,0.884187647517296,1,1
user_8214,1,0.7221634943069181,1,1
user_8215,1,0.7477529249636276,1,1
user_8216,0,0.5584711219099393,1,1
user_8217,0,0.13653059641481854,0,0
user_8218,0,0.11464161550883178,0,0
user_8219,0,0.14607900948760894,0,0
user_8220,1,0.6026147636807795,1,1
user_8221,1,0.9555085208310767,1,1
user_8222,1,0.9812024907748643,1,1
user_8223,0,0.202769569158912,0,0
user_8224,0,0.4697387041589343,0,0
user_8225,0,0.11506370008242364,0,0
user_8226,0,0.34814386506744316,0,0
user_8227,0,0.04711309035248234,0,0
user_8228,1,0.9461067407619832,1,1
user_8229,0,0.053654244849413196,0,0
user_8230,0,0.2082546333934924,0,0
user_8231,1,0.6639083505732546,1,1
user_8232,1,0.588418327402923,1,0
user_8233,1,0.8148711233885401,1,1
user_8234,1,0.7688699504119045,1,0
user_8235,1,0.9462049136520982,1,1
user_8236,1,0.9454015690056606,1,1
user_8237,1,0.5540220782727061,1,1
user_8238,0,0.01353192656762969,0,0
user_8239,0,0.12286316675062049,0,0
user_8240,1,0.2430190972442914,0,0
user_8241,0,0.7375576804408831,1,1
user_8242,0,0.37381223733800356,0,0
user_8243,1,0.44988904106296956,0,0
user_8244,0,0.1633259520201736,0,0
user_8245,1,0.8548720088894141,1,1
user_8246,1,0.5133002231851118,1,1
user_8247,0,0.18214136323640837,0,0
user_8248,0,0.06814579629788232,0,0
user_8249,0,0.8488007452786673,1,1
user_8250,1,0.6574684990767539,1,0
user_8251,1,0.8518937185181512,1,1
user_8252,0,0.3498217680447221,0,0
user_8253,0,0.00671097712998748,0,0
user_8254,1,0.8054660828867299,1,1
user_8255,0,0.7496471302804094,1,1
user_8256,0,0.17140088155001004,0,0
user_8257,1,0.285661943294601,0,0
user_8258,0,0.35892513546380445,0,0
user_8259,0,0.8140901217562466,1,1
user_8260,1,0.9114873967688988,1,1
user_8261,1,0.6775485496382572,1,1
user_8262,0,0.09649777880550339,0,0
user_8263,1,0.6987554457094621,1,1
user_8264,0,0.4670939607685652,0,1
user_8265,0,0.7129663304958951,1,1
user_8266,1,0.8870299410071569,1,1
user_8267,0,0.3431787682111984,0,0
user_8268,1,0.665111454809228,1,1
user_8269,1,0.8917786130720632,1,1
user_8270,0,0.5612094425515377,1,0
user_8271,0,0.02237098355384204,0,0
user_8272,0,0.0885791098730658,0,0
user_8273,0,0.1625591730248111,0,0
user_8274,0,0.052227718855069834,0,0
user_8275,0,0.5205987761037293,1,0
user_8276,0,0.2641707858071542,0,0
user_8277,0,0.20776393881906888,0,0
user_8278,0,0.5775640397746339,1,0
user_8279,1,0.6581283589301612,1,1
user_8280,0,0.5544190033107075,1,0
user_8281,0,0.5055854239188068,1,0
user_8282,1,0.7303174846327685,1,1
user_8283,0,0.06628590194762976,0,0
user_8284,1,0.8624706726729958,1,1
user_8285,1,0.8154498823433229,1,1
user_8286,0,0.04650630780723451,0,0
user_8287,1,0.8703285215669019,1,1
user_8288,0,0.08462265235061606,0,0
user_8289,1,0.723781198028775,1,1
user_8290,1,0.7473558666860781,1,1
user_8291,0,0.07787322931555324,0,0
user_8292,0,0.17484287629989423,0,0
user_8293,1,0.4890672233296569,0,0
user_8294,1,0.8896232818612368,1,1
user_8295,1,0.6857898633595946,1,0
user_8296,0,0.027931184745646008,0,0
user_8297,1,0.7048403404964101,1,1
user_8298,0,0.030954914941027506,0,0
user_8299,1,0.8168430493547569,1,1
user_8300,1,0.7062409469441895,1,1
user_8301,1,0.9489875323808019,1,1
user_8302,1,0.6969419265803487,1,1
user_8303,1,0.8736924893345647,1,1
user_8304,0,0.6265845850876698,1,1
user_8305,1,0.8037148723404555,1,1
user_8306,0,0.06695274305513846,0,0
user_8307,1,0.4452014904044199,0,1
user_8308,0,0.07504585072058337,0,0
user_8309,1,0.8880036678218748,1,1
user_8310,0,0.15904323840118698,0,0
user_8311,1,0.9099558244179901,1,1
user_8312,0,0.04875571382603679,0,0
user_8313,0,0.2526859475547294,0,0
user_8314,0,0.40215116304787624,0,0
user_8315,0,0.3199479887586146,0,0
user_8316,1,0.45688643306476073,0,1
user_8317,1,0.8197131149115787,1,1
user_8318,0,0.22418987664885884,0,0
user_8319,0,0.0477122558914732,0,0
user_8320,0,0.12996421108995096,0,0
user_8321,0,0.4928557274203751,0,1
user_8322,1,0.3924273745080731,0,0
user_8323,1,0.8478428744408003,1,1
user_8324,1,0.7603314578437581,1,1
user_8325,1,0.8243670627998464,1,1
user_8326,0,0.07738919953880613,0,0
user_8327,1,0.8864975879210921,1,1
user_8328,0,0.02187548647334673,0,0
user_8329,1,0.9422828724574192,1,1
user_8330,1,0.3454313893216642,0,0
user_8331,0,0.4738053534993135,0,0
user_8332,0,0.05346940957868526,0,0
user_8333,0,0.028313776938484844,0,0
user_8334,0,0.36163490163530126,0,0
user_8335,0,0.17181436137254913,0,0
user_8336,1,0.18538484738352395,0,0
user_8337,1,0.40489047259702227,0,0
user_8338,0,0.05734839898408776,0,0
user_8339,0,0.4064784069186035,0,0
user_8340,1,0.865739693626377,1,1
user_8341,1,0.9033545574602247,1,1
user_8342,1,0.9718774448754958,1,1
user_8343,1,0.6325840600371819,1,1
user_8344,0,0.14132453194381395,0,0
user_8345,1,0.8614528464062524,1,1
user_8346,0,0.1148617362126357,0,0
user_8347,0,0.04652207976844719,0,0
user_8348,0,0.023535014559610663,0,0
user_8349,0,0.6420996804585476,1,1
user_8350,0,0.770155613086023,1,1
user_8351,0,0.054960883909832475,0,0
user_8352,0,0.0848017623836556,0,0
user_8353,0,0.08922589345475421,0,0
user_8354,1,0.7052244550194741,1,1
user_8355,0,0.17024816471970403,0,0
user_8356,1,0.9635056039316944,1,1
user_8357,1,0.8349230333098333,1,1
user_8358,1,0.8971885117923991,1,1
user_8359,1,0.6636538554231347,1,1
user_8360,0,0.07924852696172684,0,0
user_8361,1,0.5575404688592956,1,0
user_8362,0,0.06563969670106916,0,0
user_8363,1,0.8256784065351206,1,1
user_8364,1,0.6460173528997157,1,1
user_8365,0,0.28778792415729465,0,0
user_8366,1,0.9193130881701689,1,1
user_8367,0,0.09023608571649326,0,0
user_8368,1,0.6385771050091974,1,1
user_8369,1,0.6611700548505834,1,1
user_8370,0,0.10695167242855855,0,0
user_8371,1,0.7434732166755317,1,1
user_8372,1,0.9685709151596039,1,1
user_8373,0,0.46998813618262164,0,0
user_8374,0,0.03167925865162855,0,0
user_8375,0,0.8792558832904757,1,1
user_8376,0,0.1070296896064603,0,0
user_8377,1,0.603966954563646,1,0
user_8378,0,0.2287692779269887,0,0
user_8379,0,0.10115716887386568,0,0
user_8380,1,0.9356152635519135,1,1
user_8381,1,0.9879437999876923,1,1
user_8382,0,0.39334204534255934,0,0
user_8383,1,0.9379060851938262,1,1
user_8384,0,0.2468925202721138,0,0
user_8385,1,0.4713131204299506,0,0
user_8386,0,0.5795696102723219,1,1
user_8387,1,0.8669830484774782,1,1
user_8388,0,0.08698774966787311,0,0
user_8389,1,0.957824688651496,1,1
user_8390,1,0.10493066257126765,0,0
user_8391,0,0.22278636682298134,0,0
user_8392,0,0.08890784349381799,0,0
user_8393,0,0.04105244025820189,0,0
user_8394,0,0.026596218333115283,0,0
user_8395,0,0.020494286377162097,0,0
user_8396,1,0.3383942812550623,0,0
user_8397,0,0.5148097521995736,1,1
user_8398,1,0.8137240738401964,1,1
user_8399,0,0.1947216839061291,0,0
user_8400,0,0.01569231477987128,0,0
user_8401,0,0.6122839004751737,1,0
user_8402,0,0.04641486020095291,0,0
user_8403,1,0.9288813830122611,1,1
user_8404,1,0.4318194705679836,0,0
user_8405,1,0.9315525394017863,1,1
user_8406,1,0.9813754500967429,1,1
user_8407,0,0.4055226628825679,0,0
user_8408,0,0.2538620827961916,0,0
user_8409,0,0.4615773351225758,0,0
user_8410,1,0.9361518518637871,1,1
user_8411,0,0.4775269253439455,0,1
user_8412,1,0.9262805330495464,1,1
user_8413,0,0.15795558712170363,0,0
user_8414,0,0.019982531009981833,0,0
user_8415,1,0.9400420228607819,1,1
user_8416,0,0.15367080567170785,0,0
user_8417,1,0.9546955262571332,1,1
user_8418,1,0.5570148055861756,1,1
user_8419,0,0.5294631393746243,1,0
user_8420,0,0.06096842936089626,0,0
user_8421,0,0.22409550010237875,0,0
user_8422,1,0.20043913804269625,0,0
user_8423,0,0.4282910603295128,0,0
user_8424,0,0.05266383554673853,0,0
user_8425,1,0.6244678943040557,1,0
user_8426,0,0.24455857871670703,0,0
user_8427,0,0.1057448077237621,0,0
user_8428,1,0.847546464838214,1,1
user_8429,1,0.3013555287308204,0,0
user_8430,0,0.21700153418495272,0,0
user_8431,1,0.8280426802610794,1,1
user_8432,0,0.2851553138709978,0,0
user_8433,0,0.022414170728897377,0,0
user_8434,0,0.11738202756928429,0,0
user_8435,0,0.10255090017283788,0,0
user_8436,0,0.037729066231326915,0,0
user_8437,1,0.6338040382278206,1,1
user_8438,0,0.1229187970382612,0,0
user_8439,0,0.3450174416882129,0,0
user_8440,0,0.2843677292298674,0,0
user_8441,0,0.2770478228662253,0,0
user_8442,0,0.1504101967437792,0,0
user_8443,1,0.9395143493744181,1,1
user_8444,0,0.012798365828239955,0,0
user_8445,1,0.9410137119458128,1,1
user_8446,1,0.8940994411435916,1,1
user_8447,1,0.527104963838432,1,0
user_8448,0,0.2786913680244455,0,0
user_8449,0,0.43587068873259444,0,0
user_8450,1,0.6238840824588255,1,1
user_8451,1,0.7855303747144594,1,1
user_8452,0,0.2867187761712234,0,0
user_8453,1,0.7667418644986456,1,1
user_8454,1,0.44564279341476265,0,1
user_8455,0,0.1311664165608705,0,0
user_8456,1,0.5874921362425268,1,1
user_8457,1,0.8698583295518603,1,1
user_8458,0,0.20179881835554292,0,0
user_8459,1,0.6449909250192121,1,1
user_8460,0,0.33680073774113817,0,0
user_8461,1,0.6716851759458693,1,0
user_8462,1,0.9381470204307031,1,1
user_8463,0,0.4486646978386317,0,0
user_8464,1,0.8676390222287194,1,1
user_8465,0,0.05131334969457227,0,0
user_8466,0,0.49363262384481005,0,1
user_8467,1,0.839618590508276,1,1
user_8468,1,0.3151208097280526,0,0
user_8469,0,0.574061196109969,1,0
user_8470,0,0.21561155900917914,0,0
user_8471,0,0.037237430733897466,0,0
user_8472,1,0.9062167233868954,1,1
user_8473,1,0.8577580175174291,1,1
user_8474,0,0.3932822884168099,0,0
user_8475,0,0.07059011104769881,0,0
user_8476,0,0.4724409373063437,0,0
user_8477,0,0.12998095945666763,0,0
user_8478,1,0.7947540290903528,1,1
user_8479,1,0.6145942332567684,1,0
user_8480,1,0.9589804936299454,1,1
user_8481,0,0.1447682019689946,0,0
user_8482,1,0.8024667410945124,1,1
user_8483,1,0.9044125600392828,1,1
user_8484,1,0.8862109871025367,1,1
user_8485,0,0.18521408633872447,0,0
user_8486,1,0.8266083952358155,1,1
user_8487,0,0.542134148499544,1,0
user_8488,0,0.4447854744531755,0,0
user_8489,0,0.0676508955196728,0,0
user_8490,1,0.7552667963152463,1,1
user_8491,1,0.46879011498907913,0,0
user_8492,0,0.7046753547438535,1,1
user_8493,0,0.059034229232722286,0,0
user_8494,0,0.16335243291499457,0,0
user_8495,0,0.26102683107986213,0,0
user_8496,1,0.8107882953247325,1,1
user_8497,1,0.6865114891871091,1,0
user_8498,1,0.9045529378381731,1,1
user_8499,1,0.9286486382001533,1,1
user_8500,1,0.5801507490016028,1,0
user_8501,0,0.7125578088418457,1,1
user_8502,1,0.9310254506102458,1,1
user_8503,1,0.5340500334249693,1,0
user_8504,1,0.8753767034459052,1,1
user_8505,0,0.6804619227525638,1,1
user_8506,1,0.8903606058424377,1,1
user_8507,1,0.7162988683576029,1,1
user_8508,0,0.07690006632802009,0,0
user_8509,1,0.6855805799647157,1,1
user_8510,0,0.34145137993237257,0,0
user_8511,1,0.7831472789476284,1,1
user_8512,1,0.9665415516680708,1,1
user_8513,0,0.04679307043072244,0,0
user_8514,0,0.189950830679135,0,0
user_8515,0,0.24126155338534522,0,0
user_8516,0,0.16642228322846433,0,0
user_8517,0,0.9194285403998754,1,1
user_8518,0,0.0681519513044102,0,0
user_8519,0,0.6905427171655023,1,1
user_8520,1,0.7951030583309883,1,1
user_8521,1,0.9203928623982383,1,1
user_8522,0,0.02521861760872326,0,0
user_8523,0,0.7248649349776702,1,1
user_8524,0,0.46123726448066793,0,0
user_8525,1,0.5821431069814049,1,1
user_8526,1,0.8627168522413278,1,1
user_8527,1,0.3638664402268956,0,0
user_8528,0,0.0690665970856163,0,0
user_8529,1,0.9037421358414199,1,1
user_8530,0,0.24047796525491133,0,0
user_8531,1,0.9559766491831175,1,1
user_8532,1,0.9383450087729069,1,1
user_8533,1,0.5148465418867401,1,0
user_8534,1,0.7420614622419994,1,1
user_8535,0,0.2216564529985459,0,0
user_8536,0,0.023079144964763064,0,0
user_8537,0,0.03609525103893527,0,0
user_8538,0,0.14197477252158525,0,0
user_8539,0,0.25255061732510203,0,0
user_8540,1,0.844314093188423,1,1
user_8541,0,0.35506138995389597,0,0
user_8542,0,0.1212860292520317,0,0
user_8543,0,0.6515256973838167,1,1
user_8544,0,0.352162154222624,0,0
user_8545,0,0.025089367954254507,0,0
user_8546,1,0.6346996842804891,1,1
user_8547,0,0.528548578748614,1,0
user_8548,1,0.9577679999066159,1,1
user_8549,0,0.3222443541220136,0,0
user_8550,0,0.04066055239739621,0,0
user_8551,0,0.12561090809497155,0,0
user_8552,1,0.47397372544304733,0,0
user_8553,1,0.9140012550433089,1,1
user_8554,1,0.8493151048142696,1,1
user_8555,0,0.3045798349414594,0,0
user_8556,0,0.08151319326920757,0,0
user_8557,0,0.28071189506790095,0,0
user_8558,0,0.5399873464521248,1,1
user_8559,1,0.9510373177884188,1,1
user_8560,1,0.920949579628007,1,1
user_8561,1,0.7211870930069997,1,0
user_8562,1,0.8447851861619897,1,1
user_8563,1,0.7228302800928087,1,1
user_8564,1,0.23257769684732832,0,0
user_8565,0,0.012849961181028284,0,0
user_8566,1,0.5689670717498474,1,0
user_8567,1,0.9296271702694241,1,1
user_8568,0,0.05816345504215544,0,0
user_8569,0,0.2550525642644529,0,0
user_8570,1,0.7701909428952803,1,1
user_8571,1,0.9454534281109372,1,1
user_8572,0,0.019525848283476976,0,0
user_8573,1,0.861816300733264,1,1
user_8574,0,0.19930839690048704,0,0
user_8575,0,0.24746866097973105,0,0
user_8576,0,0.3941144797204419,0,0
user_8577,0,0.04417021668009294,0,0
user_8578,0,0.0578343706779487,0,0
user_8579,1,0.5021422193302909,1,1
user_8580,0,0.025157311766711953,0,0
user_8581,1,0.9570949801518125,1,1
user_8582,0,0.22511370713303228,0,0
user_8583,0,0.04754830214115734,0,0
user_8584,0,0.15724490891900647,0,0
user_8585,0,0.1178138385765692,0,0
user_8586,1,0.8538178171141401,1,1
user_8587,1,0.34301470813531504,0,0
user_8588,0,0.1554218611993322,0,0
user_8589,1,0.7799026576712581,1,1
user_8590,0,0.06302825675268012,0,0
user_8591,0,0.1181590200148132,0,0
user_8592,0,0.6400970620306219,1,1
user_8593,1,0.6846793891776475,1,0
user_8594,1,0.4444600777129407,0,0
user_8595,0,0.024713230388524566,0,0
user_8596,1,0.8998268665949737,1,1
user_8597,0,0.9101143207137816,1,1
user_8598,0,0.7847476913399034,1,1
user_8599,0,0.32815565561644805,0,0
user_8600,0,0.37717935666442665,0,0
user_8601,1,0.8844210776927874,1,1
user_8602,1,0.7001602764316883,1,1
user_8603,0,0.6567636673401063,1,1
user_8604,0,0.4595789020949054,0,0
user_8605,1,0.7774748187943464,1,0
user_8606,0,0.1336556481593187,0,0
user_8607,1,0.46112047592840666,0,0
user_8608,1,0.5965165321407069,1,1
user_8609,0,0.6127135902802253,1,1
user_8610,0,0.13052776004511998,0,0
user_8611,0,0.058434466910432525,0,0
user_8612,1,0.8822739445891692,1,1
user_8613,0,0.05980905882505778,0,0
user_8614,0,0.38038268923565993,0,0
user_8615,1,0.835849134847754,1,1
user_8616,1,0.8663061318286401,1,1
user_8617,1,0.6826665960003647,1,1
user_8618,0,0.0343661550677311,0,0
user_8619,0,0.4215278317097742,0,1
user_8620,0,0.1181376205073712,0,0
user_8621,1,0.7413868767777113,1,1
user_8622,0,0.11271677864307773,0,0
user_8623,1,0.8764453287087264,1,1
user_8624,0,0.7988395323908922,1,1
user_8625,1,0.8544288542736939,1,1
user_8626,1,0.7480974745539096,1,1
user_8627,0,0.3062751714473038,0,0
user_8628,1,0.971095242873179,1,1
user_8629,1,0.5297370249804003,1,0
user_8630,1,0.9886526393676528,1,1
user_8631,0,0.11292837060037127,0,0
user_8632,0,0.07931210254338908,0,0
user_8633,0,0.467036631813222,0,0
user_8634,0,0.03531611742954598,0,0
user_8635,1,0.6815857891490053,1,1
user_8636,1,0.7869704874175866,1,1
user_8637,0,0.14603216693156215,0,0
user_8638,0,0.17031578729832725,0,0
user_8639,0,0.04681098330468452,0,0
user_8640,1,0.9684777853229248,1,1
user_8641,0,0.01975453674640691,0,0
user_8642,0,0.04439686600584357,0,0
user_8643,1,0.8406317597141731,1,1
user_8644,0,0.4548271161344611,0,0
user_8645,1,0.8750010899229346,1,1
user_8646,1,0.9225666106162943,1,1
user_8647,1,0.7808646490030232,1,1
user_8648,1,0.29794374780560173,0,0
user_8649,0,0.014678992737985555,0,0
user_8650,0,0.23269917724351988,0,0
user_8651,0,0.022330369565201583,0,0
user_8652,0,0.15114824261928003,0,0
user_8653,0,0.0963106256215025,0,0
user_8654,0,0.6896073803235089,1,0
user_8655,1,0.9421783080138518,1,1
user_8656,0,0.025022398076710965,0,0
user_8657,0,0.07200807577791635,0,0
user_8658,0,0.07576736004788626,0,0
user_8659,0,0.2210073092768863,0,0
user_8660,0,0.09710375142968213,0,0
user_8661,1,0.8180178572816398,1,1
user_8662,1,0.778267299098705,1,1
user_8663,0,0.2408693658728949,0,0
user_8664,0,0.4139837257113293,0,0
user_8665,1,0.945537810841875,1,1
user_8666,1,0.7966528255922426,1,1
user_8667,1,0.9295307080941396,1,1
user_8668,0,0.10411817607685685,0,0
user_8669,0,0.17729497998388188,0,0
user_8670,0,0.045464723679924185,0,0
user_8671,1,0.8603351822759673,1,1
user_8672,0,0.0696199931074533,0,0
user_8673,0,0.45736086106320045,0,0
user_8674,0,0.9082415215572308,1,1
user_8675,0,0.3409375329693819,0,0
user_8676,1,0.9219377307021864,1,1
user_8677,1,0.8209272378334013,1,1
user_8678,1,0.7033603610491821,1,1
user_8679,1,0.9586093558787869,1,1
user_8680,0,0.13583358377235896,0,0
user_8681,1,0.867429861671395,1,1
user_8682,0,0.14675045289552122,0,0
user_8683,0,0.15228303869878276,0,0
user_8684,0,0.5487481124329179,1,1
user_8685,1,0.9439206948665969,1,1
user_8686,0,0.7040871865399773,1,1
user_8687,0,0.34070725938095886,0,0
user_8688,0,0.07412636537766937,0,0
user_8689,1,0.6923957727943137,1,1
user_8690,1,0.7333016547450281,1,1
user_8691,0,0.6945911795463467,1,1
user_8692,1,0.4348736937425838,0,0
user_8693,0,0.03627854610323656,0,0
user_8694,0,0.10245423981056448,0,0
user_8695,1,0.6186655560121327,1,0
user_8696,1,0.3827512037935713,0,0
user_8697,0,0.01849109841802125,0,0
user_8698,1,0.9424776198451373,1,1
user_8699,1,0.9364053720253204,1,1
user_8700,1,0.7598747182751838,1,0
user_8701,0,0.16292278754241915,0,0
user_8702,1,0.7687677567447122,1,1
user_8703,1,0.1990870873795786,0,0
user_8704,1,0.8258716278190227,1,1
user_8705,1,0.9018085182984957,1,1
user_8706,1,0.8736091658007075,1,1
user_8707,1,0.9526456626493931,1,1
user_8708,0,0.019406388827132134,0,0
user_8709,0,0.029997342493395477,0,0
user_8710,0,0.06357890664905076,0,0
user_8711,0,0.31323203625641877,0,0
user_8712,1,0.962164561172742,1,1
user_8713,0,0.5215351367659262,1,1
user_8714,0,0.1352301416057409,0,0
user_8715,0,0.01295988597623783,0,0
user_8716,0,0.16526943164169652,0,0
user_8717,0,0.02182442669938917,0,0
user_8718,0,0.07023066719591695,0,0
user_8719,0,0.7516018929050868,1,1
user_8720,0,0.06295524611552689,0,0
user_8721,1,0.7333863995452331,1,1
user_8722,1,0.5423926009149895,1,1
user_8723,1,0.8048329849934043,1,1
user_8724,0,0.5520695323444912,1,1
user_8725,0,0.2450609769299037,0,0
user_8726,0,0.2986563603812819,0,0
user_8727,0,0.18072964785725978,0,0
user_8728,1,0.8692025660120056,1,1
user_8729,0,0.057298373682075535,0,0
user_8730,1,0.8471087270415517,1,1
user_8731,0,0.027841211796988934,0,0
user_8732,0,0.46790392485559434,0,1
user_8733,0,0.5828879243089631,1,0
user_8734,0,0.2011288948908498,0,0
user_8735,0,0.03246306118127351,0,0
user_8736,0,0.027694045992426808,0,0
user_8737,0,0.2337611486367194,0,0
user_8738,0,0.1671502209812343,0,0
user_8739,1,0.33156229747472127,0,0
user_8740,1,0.8787135009623199,1,1
user_8741,1,0.7980980805348684,1,1
user_8742,1,0.8364673448757742,1,1
user_8743,0,0.09656621200550018,0,0
user_8744,1,0.91045019557978,1,1
user_8745,1,0.4345307177607166,0,0
user_8746,0,0.2934096583464111,0,0
user_8747,1,0.940016900682744,1,1
user_8748,1,0.8673456646916119,1,1
user_8749,1,0.7516998208464925,1,1
user_8750,1,0.7027849704038188,1,1
user_8751,0,0.07992215168742338,0,0
user_8752,0,0.04020069519174915,0,0
user_8753,0,0.13653177691418852,0,0
user_8754,1,0.9362777062293829,1,1
user_8755,0,0.32873101600213234,0,0
user_8756,1,0.44247896563368255,0,0
user_8757,0,0.11546734717409111,0,0
user_8758,1,0.4537981327339892,0,0
user_8759,1,0.9124942894993924,1,1
user_8760,0,0.1915689737768205,0,0
user_8761,0,0.06385348076589448,0,0
user_8762,0,0.4441109094824975,0,0
user_8763,0,0.06137394130104174,0,0
user_8764,1,0.4666831231267363,0,0
user_8765,0,0.26423092147729826,0,0
user_8766,0,0.25250273446617105,0,0
user_8767,1,0.9122470843371078,1,1
user_8768,1,0.9423341379765661,1,1
user_8769,1,0.6625545164956176,1,1
user_8770,0,0.8658269415930125,1,1
user_8771,0,0.06182136997835439,0,0
user_8772,0,0.4706930437868054,0,0
user_8773,0,0.025031198299281698,0,0
user_8774,1,0.8810617122444118,1,1
user_8775,0,0.07082373347737543,0,0
user_8776,0,0.040116712603335235,0,0
user_8777,1,0.8371814734954528,1,1
user_8778,1,0.8434266237198883,1,1
user_8779,0,0.22424894557652436,0,0
user_8780,0,0.1539064560884157,0,0
user_8781,0,0.019471586492538395,0,0
user_8782,1,0.9133421226954247,1,1
user_8783,0,0.23208415038923613,0,0
user_8784,0,0.19804691068633676,0,0
user_8785,1,0.6290884328757839,1,0
user_8786,0,0.15462299708139013,0,0
user_8787,0,0.16488952215222719,0,0
user_8788,0,0.761381618798029,1,1
user_8789,0,0.5262101683490769,1,0
user_8790,0,0.10748178223364413,0,0
user_8791,1,0.6665319845851595,1,1
user_8792,1,0.7696123793760922,1,1
user_8793,0,0.04969422512800612,0,0
user_8794,0,0.28282126963527515,0,0
user_8795,1,0.8245613314274777,1,1
user_8796,0,0.5054153976393548,1,1
user_8797,0,0.22774165980313157,0,0
user_8798,1,0.9022103552930143,1,1
user_8799,1,0.2571719279083693,0,0
user_8800,1,0.9399978865504983,1,1
user_8801,0,0.21641914916084506,0,0
user_8802,0,0.19851614134789947,0,0
user_8803,0,0.13377748411611223,0,0
user_8804,1,0.6121035350960594,1,0
user_8805,1,0.7449579461545976,1,1
user_8806,1,0.870663285832138,1,1
user_8807,0,0.3524050335842588,0,0
user_8808,0,0.042882391599501336,0,0
user_8809,1,0.8435398064554598,1,1
user_8810,1,0.9701788045852188,1,1
user_8811,0,0.2622534042885026,0,0
user_8812,1,0.9256449738204757,1,1
user_8813,1,0.964427886716178,1,1
user_8814,1,0.7139957225449185,1,1
user_8815,1,0.7256417115872413,1,0
user_8816,1,0.26436678372262923,0,0
user_8817,0,0.07366780182302606,0,0
user_8818,0,0.3066627158935709,0,0
user_8819,1,0.8917045904758709,1,1
user_8820,1,0.20872548997820337,0,0
user_8821,0,0.3301804160037484,0,0
user_8822,1,0.9681742943900158,1,1
user_8823,0,0.27973146427554985,0,0
user_8824,1,0.7804654361235597,1,1
user_8825,0,0.04542907778592635,0,0
user_8826,0,0.06462007522286543,0,0
user_8827,1,0.6894318174089886,1,1
user_8828,0,0.1551785523709296,0,0
user_8829,1,0.491737969731448,0,1
user_8830,0,0.06240068540461829,0,0
user_8831,0,0.33314973309612783,0,0
user_8832,0,0.03451834225430296,0,0
user_8833,0,0.21197946924866426,0,0
user_8834,0,0.02342561814218896,0,0
user_8835,1,0.9206212156176866,1,1
user_8836,0,0.033317803479171154,0,0
user_8837,0,0.18122174893708634,0,0
user_8838,0,0.4569914749798383,0,1
user_8839,1,0.7836691195620703,1,1
user_8840,0,0.343453357658773,0,0
user_8841,1,0.9299403076540246,1,1
user_8842,0,0.33047124606071115,0,0
user_8843,1,0.7254129695895826,1,1
user_8844,1,0.848232329612447,1,1
user_8845,0,0.06270302363905945,0,0
user_8846,1,0.6495555472712734,1,1
user_8847,1,0.7860214292257973,1,1
user_8848,0,0.1770931482020173,0,0
user_8849,0,0.4676706381765867,0,0
user_8850,0,0.18598209053426326,0,0
user_8851,1,0.9115774406692488,1,1
user_8852,1,0.3712517755583998,0,0
user_8853,0,0.3130918597312925,0,0
user_8854,1,0.5697722022131684,1,0
user_8855,0,0.13265768992591118,0,0
user_8856,0,0.4584688124583086,0,0
user_8857,0,0.17655041509429964,0,0
user_8858,0,0.08998404578585409,0,0
user_8859,1,0.7370326209970812,1,1
user_8860,1,0.8569515111180895,1,1
user_8861,0,0.06544848065799577,0,0
user_8862,1,0.9805149694537347,1,1
user_8863,0,0.32841067309934807,0,0
user_8864,0,0.07269915460733502,0,0
user_8865,1,0.5882355098600516,1,1
user_8866,0,0.35026724900999007,0,0
user_8867,1,0.8580526662281062,1,1
user_8868,0,0.29746555269276254,0,0
user_8869,0,0.3119942396701678,0,0
user_8870,0,0.3650110418720878,0,0
user_8871,0,0.32109798951935226,0,0
user_8872,0,0.06016248975486985,0,0
user_8873,1,0.9632058695020028,1,1
user_8874,1,0.9648702633734781,1,1
user_8875,0,0.43591582718728045,0,0
user_8876,0,0.03219155626014607,0,0
user_8877,1,0.8054229446467938,1,1
user_8878,1,0.8460699960693548,1,1
user_8879,0,0.11951019032122479,0,0
user_8880,0,0.2796438371570023,0,0
user_8881,1,0.8383234908646271,1,1
user_8882,1,0.7248298918666495,1,0
user_8883,0,0.024702396602076262,0,0
user_8884,0,0.04465558021691325,0,0
user_8885,1,0.797114395451347,1,1
user_8886,0,0.030980932073843212,0,0
user_8887,1,0.9306056468900761,1,1
user_8888,0,0.12481460650090123,0,0
user_8889,0,0.10034593359304758,0,0
user_8890,0,0.47461200607865683,0,0
user_8891,0,0.06296616352130649,0,0
user_8892,0,0.2655376281128734,0,0
user_8893,1,0.7248285218484111,1,0
user_8894,0,0.20653422006596886,0,0
user_8895,0,0.30922930321442527,0,0
user_8896,0,0.3440121466816375,0,0
user_8897,1,0.8819624507455753,1,1
user_8898,0,0.3263665977296853,0,0
user_8899,1,0.7479601245311013,1,1
user_8900,1,0.4766045213568606,0,0
user_8901,0,0.3279959541659159,0,0
user_8902,1,0.8798667955506113,1,1
user_8903,1,0.9439160396900838,1,1
user_8904,0,0.1561241660719068,0,0
user_8905,1,0.8565602629072835,1,1
user_8906,0,0.35714539385166966,0,0
user_8907,1,0.7190554841963271,1,0
user_8908,0,0.4438167514910335,0,0
user_8909,0,0.09902774330099935,0,0
user_8910,1,0.5232370809571144,1,0
user_8911,0,0.1719248657968244,0,0
user_8912,0,0.23004769391506297,0,0
user_8913,0,0.144036450288861,0,0
user_8914,1,0.968741792590904,1,1
user_8915,0,0.34138852482957927,0,0
user_8916,1,0.8461838392628902,1,1
user_8917,1,0.7751799641884416,1,1
user_8918,1,0.8447503077970805,1,1
user_8919,0,0.18674670837998716,0,0
user_8920,0,0.0748454197236684,0,0
user_8921,1,0.8756877391056357,1,1
user_8922,0,0.0269775115751559,0,0
user_8923,0,0.37055261692195374,0,0
user_8924,1,0.7623278825823975,1,1
user_8925,1,0.9707300442285629,1,1
user_8926,1,0.8165465876451915,1,1
user_8927,1,0.8803853055774707,1,1
user_8928,1,0.5689814784884568,1,1
user_8929,1,0.9139800314120993,1,1
user_8930,1,0.9044304161247954,1,1
user_8931,1,0.9663891335188026,1,1
user_8932,0,0.08961218815958999,0,0
user_8933,1,0.8651516208505234,1,1
user_8934,1,0.1923063722129384,0,0
user_8935,1,0.83065126092675,1,1
user_8936,1,0.7300211649737206,1,1
user_8937,0,0.27502852245384796,0,0
user_8938,0,0.26899228048910406,0,0
user_8939,1,0.9240487809463808,1,1
user_8940,1,0.609578384955328,1,1
user_8941,0,0.05582941475767285,0,0
user_8942,0,0.05823809426882937,0,0
user_8943,0,0.12654317008125177,0,0
user_8944,1,0.6136508114376021,1,0
user_8945,1,0.8876957047684203,1,1
user_8946,0,0.2648573384738403,0,0
user_8947,0,0.6115922817586358,1,1
user_8948,1,0.8203015587760683,1,1
user_8949,1,0.9493592630666535,1,1
user_8950,1,0.6036361350208183,1,0
user_8951,0,0.2939011295217461,0,0
user_8952,1,0.5929304089236611,1,0
user_8953,1,0.9692838988538394,1,1
user_8954,0,0.052435568969966886,0,0
user_8955,0,0.12053251641454163,0,0
user_8956,0,0.23740680577467985,0,0
user_8957,0,0.3127671020413185,0,0
user_8958,0,0.35249838439538195,0,0
user_8959,1,0.6203427094742344,1,1
user_8960,1,0.6084074866688868,1,1
user_8961,1,0.907156690346257,1,1
user_8962,1,0.7911916232104227,1,1
user_8963,1,0.8138386923608215,1,1
user_8964,1,0.8302040117712977,1,1
user_8965,0,0.021138297129369554,0,0
user_8966,1,0.8381796752282205,1,1
user_8967,0,0.34785476086058587,0,0
user_8968,1,0.9711562734367999,1,1
user_8969,0,0.9185200423284833,1,1
user_8970,0,0.012735589817739352,0,0
user_8971,0,0.44880419258068627,0,0
user_8972,0,0.08765057735409708,0,0
user_8973,0,0.30462278142177596,0,0
user_8974,1,0.9220576413455975,1,1
user_8975,0,0.018924862258785407,0,0
user_8976,1,0.9019879534905318,1,1
user_8977,0,0.40723123174387976,0,1
user_8978,1,0.7902297847300713,1,1
user_8979,0,0.1680969191903945,0,0
user_8980,1,0.5755414647409977,1,0
user_8981,1,0.5634572626223538,1,1
user_8982,0,0.6350938091279594,1,0
user_8983,1,0.9789943085604955,1,1
user_8984,0,0.057915705430637864,0,0
user_8985,0,0.011818447282260877,0,0
user_8986,0,0.2871267013837845,0,0
user_8987,0,0.10725066624196716,0,0
user_8988,0,0.3747200730822218,0,0
user_8989,0,0.24572908458101275,0,0
user_8990,1,0.9124447656052938,1,1
user_8991,0,0.3320350183759901,0,0
user_8992,0,0.06034459464905697,0,0
user_8993,0,0.5033703992430174,1,0
user_8994,1,0.3208696066595371,0,0
user_8995,0,0.1901328643314075,0,0
user_8996,0,0.5159739724446779,1,1
user_8997,1,0.9523596881390184,1,1
user_8998,0,0.8905366721183553,1,1
user_8999,1,0.6195501690181372,1,1
user_9000,0,0.4133507872893672,0,0
user_9001,1,0.6565467326737806,1,1
user_9002,1,0.9208203460566783,1,1
user_9003,1,0.8361986597248248,1,1
user_9004,1,0.9483235820002364,1,1
user_9005,0,0.10689319358672668,0,0
user_9006,1,0.384490259508003,0,0
user_9007,1,0.9480915882717655,1,1
user_9008,0,0.03199994650756007,0,0
user_9009,0,0.159495273864947,0,0
user_9010,0,0.10205325938762434,0,0
user_9011,0,0.22349765925157944,0,0
user_9012,1,0.941180909678156,1,1
user_9013,1,0.9741692202518654,1,1
user_9014,0,0.6111216758170782,1,1
user_9015,0,0.8466274142440285,1,1
user_9016,1,0.9309262960699641,1,1
user_9017,0,0.33290461951117584,0,0
user_9018,1,0.8016809799794861,1,1
user_9019,0,0.17786016223857062,0,0
user_9020,0,0.08226746861501802,0,0
user_9021,1,0.7795282589896821,1,0
user_9022,1,0.9494310019694514,1,1
user_9023,1,0.8513340628910971,1,1
user_9024,0,0.21989096143438266,0,0
user_9025,0,0.1119614021438816,0,0
user_9026,0,0.10998156927199565,0,0
user_9027,0,0.08997995588567356,0,0
user_9028,1,0.4184392052073125,0,0
user_9029,0,0.49861247687846183,0,0
user_9030,1,0.8367969017402835,1,1
user_9031,0,0.23312062285540242,0,0
user_9032,0,0.39444950776644394,0,0
user_9033,1,0.4185432861203484,0,0
user_9034,0,0.3453989573080146,0,0
user_9035,1,0.4175207964805027,0,0
user_9036,0,0.020536701219599437,0,0
user_9037,1,0.941351752843313,1,1
user_9038,0,0.11304592553703326,0,0
user_9039,0,0.5208333770101125,1,1
user_9040,0,0.3970827418195263,0,0
user_9041,0,0.06676120905066986,0,0
user_9042,1,0.8901678370442397,1,1
user_9043,1,0.9830307054294847,1,1
user_9044,1,0.4797520273470724,0,0
user_9045,1,0.4935645516950986,0,0
user_9046,0,0.7554876127170824,1,1
user_9047,0,0.695097217760271,1,1
user_9048,0,0.02867242497772874,0,0
user_9049,1,0.9503139697843217,1,1
user_9050,0,0.03524240915380841,0,0
user_9051,1,0.9451591343771395,1,1
user_9052,1,0.3581169078806779,0,0
user_9053,0,0.05141260475116869,0,0
user_9054,0,0.16913437947518484,0,0
user_9055,0,0.10555741526187633,0,0
user_9056,1,0.5535020436127289,1,0
user_9057,0,0.015769020687220803,0,0
user_9058,1,0.9153398821708217,1,1
user_9059,0,0.4940928534714813,0,0
user_9060,1,0.8909727600494165,1,1
user_9061,0,0.01127883086462921,0,0
user_9062,0,0.14000830287820526,0,0
user_9063,0,0.05972209633484186,0,0
user_9064,0,0.7131093137387995,1,1
user_9065,0,0.14111168877293276,0,0
user_9066,0,0.061397070306459016,0,0
user_9067,0,0.4339314004814551,0,0
user_9068,0,0.5193625300200818,1,1
user_9069,0,0.0430153495176189,0,0
user_9070,0,0.0798053791303383,0,0
user_9071,1,0.6359315303750805,1,0
user_9072,0,0.6716682183942624,1,0
user_9073,1,0.8698024816761868,1,1
user_9074,1,0.9355354110686662,1,1
user_9075,0,0.38734635326146544,0,0
user_9076,1,0.7993731063705363,1,1
user_9077,0,0.0475506258672267,0,0
user_9078,1,0.8408746356103556,1,1
user_9079,1,0.8437574345530743,1,1
user_9080,0,0.19841188334806134,0,0
user_9081,1,0.8053032370803159,1,1
user_9082,1,0.8259064492359309,1,1
user_9083,1,0.725320474465612,1,1
user_9084,0,0.06538038702750333,0,0
user_9085,1,0.6875813941945228,1,1
user_9086,0,0.2429715555881849,0,0
user_9087,0,0.25351532308683244,0,0
user_9088,1,0.940384843801506,1,1
user_9089,1,0.35781168342240527,0,0
user_9090,1,0.8455292580312823,1,1
user_9091,1,0.9582758226216682,1,1
user_9092,0,0.20862207015843912,0,0
user_9093,1,0.9436876472720741,1,1
user_9094,0,0.04192740071302526,0,0
user_9095,1,0.28920502209009546,0,0
user_9096,1,0.6602001511560874,1,0
user_9097,0,0.9027366982203601,1,1
user_9098,0,0.380183659360041,0,0
user_9099,0,0.14251210531900468,0,0
user_9100,0,0.19677851280047565,0,0
user_9101,1,0.8078637922847549,1,1
user_9102,0,0.6758522686577527,1,1
user_9103,0,0.3345658608409696,0,0
user_9104,0,0.16876818316084183,0,0
user_9105,0,0.15354851153675253,0,0
user_9106,1,0.8160342373667563,1,1
user_9107,0,0.20704042954133126,0,0
user_9108,1,0.9386643655353094,1,1
user_9109,1,0.8898106497180794,1,1
user_9110,1,0.5950423114107544,1,1
user_9111,0,0.18324356290089716,0,0
user_9112,1,0.6563103757790064,1,1
user_9113,1,0.7548834764051422,1,1
user_9114,0,0.057948055893646606,0,0
user_9115,1,0.8308578790482022,1,1
user_9116,0,0.34272917185038393,0,0
user_9117,0,0.02886913352221361,0,0
user_9118,0,0.3908823797431032,0,0
user_9119,1,0.7899182828834035,1,1
user_9120,1,0.8889489520841014,1,1
user_9121,1,0.9639704645629793,1,1
user_9122,1,0.9526071270036773,1,1
user_9123,1,0.9103470295628402,1,1
user_9124,1,0.11809111288696145,0,0
user_9125,1,0.7886310501667143,1,1
user_9126,0,0.8655916132981656,1,1
user_9127,0,0.04530633071351146,0,0
user_9128,1,0.9172730725767334,1,1
user_9129,0,0.5007730243996301,1,0
user_9130,1,0.6883795209914106,1,0
user_9131,0,0.07680217037824733,0,0
user_9132,1,0.9351316263302806,1,1
user_9133,1,0.4387483208991182,0,0
user_9134,0,0.42309026408644235,0,0
user_9135,0,0.007664659450923678,0,0
user_9136,0,0.5639612127709724,1,0
user_9137,1,0.7197592869850304,1,1
user_9138,0,0.3358475875960098,0,0
user_9139,0,0.6184797416088679,1,1
user_9140,1,0.8244517526987297,1,1
user_9141,1,0.5820951293766081,1,1
user_9142,0,0.33022823018881053,0,0
user_9143,1,0.4624996213171619,0,0
user_9144,1,0.9335317625500634,1,1
user_9145,1,0.9475077939369004,1,1
user_9146,1,0.6120642645222872,1,0
user_9147,0,0.13690734459142634,0,0
user_9148,0,0.4499753011077404,0,0
user_9149,1,0.5711132053576395,1,0
user_9150,1,0.8360283720225135,1,1
user_9151,1,0.9613361061987572,1,1
user_9152,1,0.506844614802736,1,1
user_9153,1,0.9488281578150116,1,1
user_9154,1,0.692325917379981,1,1
user_9155,1,0.8156074548176783,1,1
user_9156,1,0.6865184308191513,1,0
user_9157,0,0.04178080005634896,0,0
user_9158,1,0.9479922977872703,1,1
user_9159,0,0.08800755029052577,0,0
user_9160,0,0.02812901830902692,0,0
user_9161,1,0.5997983175149622,1,0
user_9162,1,0.9618335645390155,1,1
user_9163,0,0.44270409643478814,0,0
user_9164,0,0.7291229191423674,1,1
user_9165,0,0.15005974795692542,0,0
user_9166,1,0.9564786611612242,1,1
user_9167,0,0.3998788629394093,0,0
user_9168,1,0.965903858406523,1,1
user_9169,0,0.03446052451128961,0,0
user_9170,0,0.04022733386199404,0,0
user_9171,0,0.03889895839609403,0,0
user_9172,1,0.3283675951366517,0,0
user_9173,0,0.2467039672093202,0,0
user_9174,0,0.026649862667639704,0,0
user_9175,1,0.8612477794256406,1,1
user_9176,1,0.2845422906003542,0,0
user_9177,1,0.9380481894471471,1,1
user_9178,0,0.14304132538867192,0,0
user_9179,0,0.04847851246995463,0,0
user_9180,1,0.5153450044722349,1,0
user_9181,1,0.9474936797629393,1,1
user_9182,1,0.9084494915084285,1,1
user_9183,1,0.9044468854141915,1,1
user_9184,1,0.7785340234162987,1,1
user_9185,0,0.1390039839539453,0,0
user_9186,1,0.9260535122559757,1,1
user_9187,1,0.8812145838158643,1,1
user_9188,1,0.882764218533035,1,1
user_9189,0,0.07696380522823175,0,0
user_9190,0,0.47034956970877717,0,1
user_9191,0,0.06024687336237006,0,0
user_9192,0,0.4898990091927319,0,0
user_9193,0,0.8390427119015461,1,1
user_9194,1,0.755231422610913,1,1
user_9195,1,0.22489965609461648,0,0
user_9196,1,0.6973433389744612,1,1
user_9197,1,0.4579696435948553,0,0
user_9198,0,0.06884022555650698,0,0
user_9199,0,0.5824461977725303,1,1
user_9200,0,0.10551297067951687,0,0
user_9201,1,0.621998935543536,1,1
user_9202,0,0.19303617990770947,0,0
user_9203,1,0.9078294049385837,1,1
user_9204,1,0.5559276452503371,1,0
user_9205,1,0.9754530943456746,1,1
user_9206,0,0.04188247177746537,0,0
user_9207,1,0.851642294693643,1,1
user_9208,1,0.636402141415708,1,1
user_9209,0,0.27582965502780543,0,0
user_9210,1,0.8356336919377579,1,1
user_9211,1,0.9621079671250724,1,1
user_9212,0,0.10030606601901768,0,0
user_9213,0,0.026279549748788794,0,0
user_9214,1,0.9633840648176012,1,1
user_9215,1,0.894094335885484,1,1
user_9216,1,0.9424267905185747,1,1
user_9217,1,0.7985583102669463,1,1
user_9218,1,0.9406783202363861,1,1
user_9219,1,0.8113978736365032,1,1
user_9220,0,0.023945587948645593,0,0
user_9221,0,0.18533961264565096,0,0
user_9222,0,0.11982930757132935,0,0
user_9223,0,0.4408551233589746,0,0
user_9224,0,0.8454336153353254,1,1
user_9225,0,0.0014957755799639666,0,0
user_9226,1,0.9046624723481176,1,1
user_9227,0,0.22328240238803518,0,0
user_9228,1,0.861923899972182,1,1
user_9229,1,0.4941677545980976,0,0
user_9230,0,0.15806655382369203,0,0
user_9231,0,0.14692415778252885,0,0
user_9232,1,0.9086472933470308,1,1
user_9233,1,0.33639890570647574,0,0
user_9234,0,0.04472278825257917,0,0
user_9235,0,0.09620737128056787,0,0
user_9236,0,0.17104434805941188,0,0
user_9237,1,0.3964951772571842,0,0
user_9238,1,0.4969951328472417,0,0
user_9239,0,0.44913015471003576,0,0
user_9240,0,0.014111784969661848,0,0
user_9241,1,0.8970447519752448,1,1
user_9242,0,0.4231903647346324,0,0
user_9243,0,0.3891311546831665,0,0
user_9244,0,0.10923362877077823,0,0
user_9245,1,0.9401637836745075,1,1
user_9246,1,0.9585587291690107,1,1
user_9247,1,0.9716026240738389,1,1
user_9248,1,0.29805612967276834,0,0
user_9249,1,0.8713906388653256,1,1
user_9250,0,0.5141531698209819,1,0
user_9251,0,0.8134472621760118,1,1
user_9252,1,0.900680171710275,1,1
user_9253,1,0.6908555036311866,1,1
user_9254,0,0.48001820342158974,0,1
user_9255,1,0.9727851797458636,1,1
user_9256,1,0.852500970716804,1,1
user_9257,0,0.187176456679547,0,0
user_9258,1,0.7729209513151134,1,0
user_9259,0,0.5804378160311058,1,0
user_9260,0,0.10329150600974701,0,0
user_9261,1,0.7231239668694877,1,0
user_9262,1,0.8783764252728226,1,1
user_9263,0,0.387559256876707,0,0
user_9264,0,0.3088917471359309,0,0
user_9265,0,0.2451916327487007,0,0
user_9266,1,0.9494424569893524,1,1
user_9267,0,0.1336170823005994,0,0
user_9268,1,0.8083951392317275,1,1
user_9269,1,0.928461601242063,1,1
user_9270,0,0.1456813145822346,0,0
user_9271,1,0.9164744017904305,1,1
user_9272,1,0.4800962187371946,0,0
user_9273,0,0.11888597654647297,0,0
user_9274,1,0.9400168163964016,1,1
user_9275,0,0.3969065062317511,0,0
user_9276,0,0.2628815114328257,0,0
user_9277,1,0.7182444490752716,1,0
user_9278,0,0.5059542334261687,1,0
user_9279,0,0.25775251373918107,0,0
user_9280,0,0.16841754421901986,0,0
user_9281,1,0.39595996901349967,0,0
user_9282,1,0.8354340851679225,1,1
user_9283,0,0.2760913277481548,0,0
user_9284,0,0.3390345860975413,0,0
user_9285,0,0.3881347145076211,0,0
user_9286,1,0.6549108303788097,1,1
user_9287,1,0.9546731319239099,1,1
user_9288,0,0.054998335721503026,0,0
user_9289,0,0.04302878536294551,0,0
user_9290,0,0.25866853361594333,0,0
user_9291,1,0.8492669566187083,1,1
user_9292,1,0.757603139517515,1,1
user_9293,0,0.1419735534921545,0,0
user_9294,1,0.9651743044817614,1,1
user_9295,0,0.5890048682363216,1,1
user_9296,0,0.3592314648340139,0,0
user_9297,0,0.10938560319708114,0,0
user_9298,0,0.20957660446538276,0,0
user_9299,1,0.6072491749646602,1,1
user_9300,1,0.49003120786767035,0,0
user_9301,1,0.9712250648394745,1,1
user_9302,0,0.1208184618573903,0,0
user_9303,1,0.5723258109234328,1,0
user_9304,0,0.5116320463566408,1,1
user_9305,1,0.9408765873949352,1,1
user_9306,0,0.2306176451065443,0,0
user_9307,0,0.14117359000266666,0,0
user_9308,1,0.47699944336921446,0,0
user_9309,0,0.19520841279006804,0,0
user_9310,0,0.03527516985254835,0,0
user_9311,0,0.11761380718960837,0,0
user_9312,1,0.9129160084366655,1,1
user_9313,0,0.25042073554073807,0,0
user_9314,1,0.8596565030538358,1,1
user_9315,0,0.7106358158844825,1,1
user_9316,1,0.9273492823488391,1,1
user_9317,0,0.03171375451229642,0,0
user_9318,0,0.15097656924130826,0,0
user_9319,0,0.7571129471619743,1,0
user_9320,1,0.7979422479750594,1,1
user_9321,1,0.4044599014794893,0,0
user_9322,0,0.8065048533292521,1,1
user_9323,1,0.5403408245171633,1,1
user_9324,1,0.8446556609422121,1,1
user_9325,0,0.36373312336596964,0,0
user_9326,1,0.6843884368016362,1,1
user_9327,1,0.9679301109376058,1,1
user_9328,0,0.5750651918678273,1,0
user_9329,0,0.159742321611732,0,0
user_9330,0,0.052459828871327135,0,0
user_9331,0,0.01789434662994557,0,0
user_9332,0,0.9583323348677749,1,1
user_9333,0,0.16606980459167836,0,0
user_9334,0,0.3109265460893398,0,0
user_9335,1,0.7008747248509142,1,1
user_9336,0,0.06161337879074885,0,0
user_9337,1,0.9123941349583395,1,1
user_9338,0,0.022807749951566012,0,0
user_9339,0,0.11929351061533781,0,0
user_9340,0,0.015853132200943008,0,0
user_9341,0,0.08928345513317315,0,0
user_9342,1,0.9603893439615102,1,1
user_9343,1,0.8360113480259773,1,1
user_9344,1,0.5157989630191739,1,0
user_9345,0,0.057986262037156705,0,0
user_9346,0,0.4345511329881073,0,0
user_9347,0,0.33462174661612326,0,0
user_9348,1,0.8490704355147876,1,1
user_9349,1,0.9283413489151121,1,1
user_9350,1,0.9758595370074234,1,1
user_9351,1,0.8996853163516818,1,1
user_9352,0,0.18916680073709688,0,0
user_9353,1,0.29083124064365473,0,0
user_9354,0,0.05443481541848816,0,0
user_9355,0,0.1539136467989309,0,0
user_9356,1,0.6810400469940938,1,1
user_9357,0,0.03830342526261192,0,0
user_9358,0,0.6851137855428796,1,1
user_9359,1,0.39679933545892326,0,0
user_9360,1,0.8560534752388743,1,1
user_9361,1,0.7568587540619215,1,1
user_9362,0,0.12262383067577579,0,0
user_9363,1,0.6590831465876749,1,1
user_9364,0,0.728615098442992,1,1
user_9365,0,0.24196051168429497,0,0
user_9366,1,0.9547941547361594,1,1
user_9367,0,0.03273693482907616,0,0
user_9368,0,0.3882374340093049,0,0
user_9369,1,0.9400035628695652,1,1
user_9370,0,0.06767553437163025,0,0
user_9371,1,0.8035262860114757,1,1
user_9372,1,0.9655525333779301,1,1
user_9373,1,0.6486366190432097,1,1
user_9374,0,0.5068948492556913,1,0
user_9375,1,0.7756783798210991,1,1
user_9376,0,0.6891407068603703,1,1
user_9377,1,0.5905667829801388,1,1
user_9378,1,0.8148179967350708,1,1
user_9379,1,0.6560579368619011,1,0
user_9380,0,0.3828614084076367,0,0
user_9381,0,0.21656351317817032,0,0
user_9382,1,0.9256045091495402,1,1
user_9383,0,0.16975324674871028,0,0
user_9384,1,0.36900341710956874,0,0
user_9385,0,0.2887927212884278,0,0
user_9386,0,0.16508637645243213,0,0
user_9387,0,0.604885484442053,1,0
user_9388,1,0.2829267365543476,0,0
user_9389,1,0.9434540635284921,1,1
user_9390,1,0.9806050773492105,1,1
user_9391,1,0.4129263358047693,0,0
user_9392,0,0.3466657762222276,0,0
user_9393,1,0.9309896655997059,1,1
user_9394,0,0.13458577591777482,0,0
user_9395,1,0.24427552213061957,0,0
user_9396,1,0.4721243353698659,0,0
user_9397,0,0.09224871718304516,0,0
user_9398,0,0.1586587721904456,0,0
user_9399,0,0.05702972907851087,0,0
user_9400,0,0.16408568914408542,0,0
user_9401,0,0.1166889479717347,0,0
user_9402,0,0.04778359343458773,0,0
user_9403,1,0.598505026283089,1,0
user_9404,0,0.05460408967926142,0,0
user_9405,1,0.9815407666498449,1,1
user_9406,0,0.3317862882765509,0,0
user_9407,1,0.5314716766402786,1,1
user_9408,0,0.29983699559720445,0,0
user_9409,0,0.08516300803340339,0,0
user_9410,0,0.312888376651569,0,0
user_9411,1,0.7554693555423139,1,1
user_9412,1,0.728417777625859,1,1
user_9413,1,0.8080007622783951,1,1
user_9414,1,0.9376785106495716,1,1
user_9415,1,0.7813384091176476,1,1
user_9416,1,0.779906956540529,1,1
user_9417,0,0.024114954222334534,0,0
user_9418,0,0.6932161407423814,1,0
user_9419,1,0.8740304642018705,1,1
user_9420,0,0.14152692564920252,0,0
user_9421,1,0.9073554676714921,1,1
user_9422,1,0.9750611708270939,1,1
user_9423,1,0.869840723874223,1,1
user_9424,1,0.9690585709827456,1,1
user_9425,0,0.3544390815543553,0,0
user_9426,0,0.7659605947835993,1,1
user_9427,1,0.767985207389613,1,1
user_9428,1,0.6069704543645801,1,1
user_9429,1,0.8082860086255624,1,1
user_9430,1,0.18432073757197556,0,0
user_9431,0,0.020025753509692316,0,0
user_9432,1,0.7105436323048466,1,1
user_9433,0,0.2499688324027799,0,0
user_9434,0,0.20079833123126398,0,0
user_9435,0,0.25556712395826,0,0
user_9436,0,0.19909391770934862,0,0
user_9437,1,0.27251651782940833,0,0
user_9438,0,0.45432885168502224,0,0
user_9439,1,0.6919916604927333,1,1
user_9440,0,0.37156512215847814,0,0
user_9441,0,0.10392458260636074,0,0
user_9442,0,0.4353512233943662,0,1
user_9443,1,0.7905404864296521,1,1
user_9444,1,0.8848350352777925,1,1
user_9445,1,0.9661305800490531,1,1
user_9446,0,0.03644029444622723,0,0
user_9447,1,0.6536839955400667,1,1
user_9448,0,0.6233076344413294,1,1
user_9449,1,0.6837208312797166,1,1
user_9450,0,0.5206350257136446,1,1
user_9451,0,0.3123405879910546,0,0
user_9452,0,0.787717995840546,1,1
user_9453,1,0.2705005042348567,0,0
user_9454,0,0.16609978418874002,0,0
user_9455,1,0.9416399654737646,1,1
user_9456,1,0.7374954028750953,1,1
user_9457,0,0.21368978895111718,0,0
user_9458,0,0.10602890575617992,0,0
user_9459,1,0.47207911972729183,0,0
user_9460,1,0.9295268824092701,1,1
user_9461,0,0.033752467925129676,0,0
user_9462,0,0.31893196052767303,0,0
user_9463,0,0.9315371208496415,1,1
user_9464,0,0.2566869224789456,0,0
user_9465,0,0.261818339160204,0,0
user_9466,0,0.04964302968568895,0,0
user_9467,1,0.8797311137174855,1,1
user_9468,1,0.97677082416554,1,1
user_9469,0,0.035239335643742466,0,0
user_9470,1,0.7763814847558527,1,1
user_9471,1,0.8398787504666857,1,1
user_9472,1,0.723213028338711,1,1
user_9473,0,0.10540548782910038,0,0
user_9474,1,0.17939098700712744,0,0
user_9475,0,0.06888864684446287,0,0
user_9476,0,0.09044297527538452,0,0
user_9477,1,0.5793227041954717,1,0
user_9478,0,0.08904176186086216,0,0
user_9479,1,0.9653243729744211,1,1
user_9480,0,0.22500351598157844,0,0
user_9481,1,0.789334888376627,1,1
user_9482,0,0.24841449604214313,0,0
user_9483,0,0.44018936074228826,0,0
user_9484,1,0.6127490062012411,1,0
user_9485,0,0.025417993319477673,0,0
user_9486,0,0.03031823778666946,0,0
user_9487,1,0.5136455250669563,1,0
user_9488,1,0.7624909453219156,1,1
user_9489,0,0.3037217013572339,0,0
user_9490,0,0.05919402528925874,0,0
user_9491,0,0.1582807817999322,0,0
user_9492,1,0.9317476137408303,1,1
user_9493,0,0.05729919368056069,0,0
user_9494,1,0.3304302955983524,0,0
user_9495,1,0.842387704792995,1,1
user_9496,1,0.9344808871560201,1,1
user_9497,0,0.03407368964393715,0,0
user_9498,1,0.7439201552517398,1,1
user_9499,1,0.7975519559360777,1,1
user_9500,0,0.1363493687034365,0,0
user_9501,0,0.09173291722726183,0,0
user_9502,1,0.3989973335613778,0,0
user_9503,1,0.5493041807390617,1,1
user_9504,1,0.9397118305840665,1,1
user_9505,1,0.9036493870075293,1,1
user_9506,0,0.13315599151336577,0,0
user_9507,1,0.8395738682939544,1,1
user_9508,1,0.6608697344094209,1,1
user_9509,0,0.03080250428115813,0,0
user_9510,1,0.9497120122748608,1,1
user_9511,0,0.3145727303423528,0,0
user_9512,1,0.90596761887197,1,1
user_9513,0,0.07376186955726013,0,0
user_9514,0,0.17691510527271112,0,0
user_9515,0,0.4330863842181189,0,0
user_9516,1,0.9224751502981183,1,1
user_9517,0,0.47063205267450714,0,1
user_9518,0,0.035905834538468,0,0
user_9519,0,0.8661078928271738,1,1
user_9520,1,0.9094214703099442,1,1
user_9521,1,0.8630930681232206,1,1
user_9522,1,0.741307575645306,1,1
user_9523,0,0.04167818104864614,0,0
user_9524,0,0.4413815830059625,0,0
user_9525,1,0.6362997697086455,1,1
user_9526,1,0.8087838759644613,1,1
user_9527,0,0.09219227292296694,0,0
user_9528,1,0.9032259147631682,1,1
user_9529,1,0.4979826288841238,0,0
user_9530,1,0.9157924930855695,1,1
user_9531,0,0.8255397680889369,1,1
user_9532,1,0.8689479075009203,1,1
user_9533,1,0.7612908097759451,1,1
user_9534,0,0.1208346711719725,0,0
user_9535,0,0.08063329600163643,0,0
user_9536,0,0.37261790992597865,0,0
user_9537,1,0.9153498379501341,1,1
user_9538,1,0.9263521888504067,1,1
user_9539,1,0.6251866256567958,1,0
user_9540,0,0.2512667218287501,0,0
user_9541,0,0.1403444113335142,0,0
user_9542,0,0.5860970819845351,1,1
user_9543,1,0.9281822429286609,1,1
user_9544,1,0.41953622385174183,0,0
user_9545,0,0.5705433015486313,1,0
user_9546,1,0.915457173843549,1,1
user_9547,1,0.7945290795277303,1,1
user_9548,0,0.3195142153169443,0,0
user_9549,1,0.5987500726963491,1,1
user_9550,0,0.2727942378971534,0,0
user_9551,0,0.02649391021365496,0,0
user_9552,0,0.310050880390151,0,0
user_9553,0,0.3235364264030954,0,0
user_9554,1,0.7707319314914022,1,1
user_9555,1,0.5747658921725958,1,1
user_9556,1,0.9360329729192114,1,1
user_9557,1,0.895718623936626,1,1
user_9558,0,0.04262687188015979,0,0
user_9559,0,0.2876462600710957,0,0
user_9560,1,0.6204255419493301,1,1
user_9561,1,0.9426680726840194,1,1
user_9562,0,0.043218356352487886,0,0
user_9563,0,0.05386969125445427,0,0
user_9564,0,0.21474682206710635,0,0
user_9565,0,0.9005219691179117,1,1
user_9566,1,0.5300829310514021,1,1
user_9567,1,0.9541391198665324,1,1
user_9568,0,0.3688528318253672,0,0
user_9569,1,0.954844262492868,1,1
user_9570,1,0.8771192755185149,1,1
user_9571,1,0.9414076900953677,1,1
user_9572,0,0.19760054691673037,0,0
user_9573,0,0.017192875766529846,0,0
user_9574,1,0.9141390304016901,1,1
user_9575,0,0.3742449483892197,0,0
user_9576,0,0.904532726325159,1,1
user_9577,1,0.310084940330235,0,0
user_9578,1,0.8624779632186967,1,1
user_9579,0,0.13764375305249676,0,0
user_9580,0,0.04499596489805636,0,0
user_9581,0,0.1482823619377851,0,0
user_9582,0,0.7120478385319015,1,1
user_9583,0,0.16039505885606697,0,0
user_9584,0,0.06171326085432181,0,0
user_9585,0,0.05934429406390381,0,0
user_9586,1,0.8572518662120031,1,1
user_9587,0,0.6809768169796974,1,1
user_9588,1,0.5635322414393524,1,0
user_9589,0,0.1957710249416246,0,0
user_9590,1,0.9488374145034093,1,1
user_9591,1,0.9293056478253868,1,1
user_9592,0,0.14585687244921053,0,0
user_9593,0,0.5727621402662452,1,1
user_9594,0,0.1368858302861545,0,0
user_9595,0,0.3230220962538037,0,0
user_9596,1,0.7224707297011971,1,1
user_9597,0,0.5093185040082424,1,0
user_9598,0,0.15674692110962618,0,0
user_9599,1,0.9761746444944205,1,1
user_9600,0,0.06104691075390331,0,0
user_9601,1,0.7302239366244743,1,0
user_9602,1,0.7225998868119804,1,1
user_9603,1,0.9837027015591883,1,1
user_9604,0,0.04407018035340235,0,0
user_9605,1,0.854142982151637,1,1
user_9606,1,0.9668915592663931,1,1
user_9607,0,0.4145010638777063,0,0
user_9608,1,0.8719900807443003,1,1
user_9609,0,0.6389689562750014,1,1
user_9610,1,0.2645816241515935,0,0
user_9611,1,0.8907690806245887,1,1
user_9612,0,0.10740939160477074,0,0
user_9613,0,0.22926964583238008,0,0
user_9614,1,0.8564283320604797,1,1
user_9615,0,0.839910662919261,1,1
user_9616,0,0.18519586253930825,0,0
user_9617,1,0.5858272183146256,1,1
user_9618,0,0.2903629729057072,0,0
user_9619,0,0.293572612585269,0,0
user_9620,0,0.2097904139816496,0,0
user_9621,0,0.44715260918950916,0,0
user_9622,1,0.48134963256232977,0,0
user_9623,1,0.8495378203836441,1,1
user_9624,0,0.0555334398594908,0,0
user_9625,1,0.9423926107592462,1,1
user_9626,1,0.9056587126013251,1,1
user_9627,1,0.9162094796829143,1,1
user_9628,0,0.4588867322298704,0,0
user_9629,0,0.5056717981664747,1,0
user_9630,1,0.6499545063375471,1,1
user_9631,0,0.06304673297523991,0,0
user_9632,1,0.19410277206066867,0,0
user_9633,0,0.1085571799186102,0,0
user_9634,0,0.3079773129410086,0,0
user_9635,0,0.0442010434930757,0,0
user_9636,0,0.13771816298530445,0,0
user_9637,0,0.8196271534840998,1,1
user_9638,1,0.9738937708498173,1,1
user_9639,0,0.23102437756688568,0,0
user_9640,0,0.500490267064819,1,0
user_9641,0,0.1363870403863247,0,0
user_9642,0,0.26583454392338196,0,0
user_9643,1,0.9353430916930244,1,1
user_9644,0,0.2694213213336663,0,0
user_9645,0,0.1102311279390485,0,0
user_9646,0,0.05936898682922094,0,0
user_9647,0,0.1305953590448688,0,0
user_9648,0,0.2963337987054457,0,0
user_9649,0,0.5670743588041963,1,1
user_9650,1,0.8995291986723131,1,1
user_9651,1,0.9298858214593484,1,1
user_9652,1,0.5007413348687508,1,0
user_9653,0,0.2922073045920688,0,0
user_9654,1,0.9624794626335191,1,1
user_9655,0,0.01686745738110949,0,0
user_9656,0,0.3158865024741613,0,0
user_9657,0,0.24784052765058148,0,0
user_9658,1,0.8494220538111602,1,1
user_9659,0,0.37904141985286777,0,0
user_9660,0,0.664860351458826,1,1
user_9661,1,0.8110633988799889,1,1
user_9662,1,0.9391447718272233,1,1
user_9663,0,0.16495550875992707,0,0
user_9664,0,0.3679488435828699,0,0
user_9665,1,0.5111579655010358,1,0
user_9666,1,0.6316670335303908,1,0
user_9667,1,0.5732219549045355,1,0
user_9668,0,0.1681370547427889,0,0
user_9669,0,0.07688376221456633,0,0
user_9670,0,0.02599112951260259,0,0
user_9671,1,0.7722444184408652,1,1
user_9672,1,0.9133062171649603,1,1
user_9673,0,0.02683064461343887,0,0
user_9674,0,0.6746379333780339,1,1
user_9675,0,0.02792455510574157,0,0
user_9676,0,0.09006659021498403,0,0
user_9677,0,0.4091940613901388,0,0
user_9678,0,0.043703778364180046,0,0
user_9679,0,0.519320712158521,1,1
user_9680,1,0.6556370596200853,1,1
user_9681,0,0.07651168331798651,0,0
user_9682,0,0.1147708371278501,0,0
user_9683,1,0.8224264542345864,1,1
user_9684,1,0.844312568019515,1,1
user_9685,0,0.1512296496992439,0,0
user_9686,0,0.12318210083280043,0,0
user_9687,1,0.676157271633555,1,1
user_9688,0,0.06819999116952426,0,0
user_9689,1,0.8951233140341149,1,1
user_9690,1,0.6031097941161497,1,1
user_9691,0,0.1489753371816665,0,0
user_9692,0,0.02007484736819687,0,0
user_9693,0,0.27500381648277095,0,0
user_9694,1,0.7042436396991046,1,1
user_9695,0,0.5608045475581435,1,1
user_9696,0,0.6730815373035518,1,1
user_9697,0,0.2367388509572154,0,0
user_9698,1,0.9530822108279362,1,1
user_9699,0,0.4683036194841796,0,1
user_9700,0,0.1537178596058282,0,0
user_9701,0,0.104266579627558,0,0
user_9702,1,0.26572116608408475,0,0
user_9703,1,0.8746854879615819,1,1
user_9704,0,0.21031386620999226,0,0
user_9705,1,0.927887812461422,1,1
user_9706,0,0.08733608630761264,0,0
user_9707,0,0.06661194809034614,0,0
user_9708,0,0.4794218043328647,0,1
user_9709,1,0.8541876775131766,1,1
user_9710,1,0.7373649401884808,1,1
user_9711,0,0.09024428134600194,0,0
user_9712,0,0.2892048029681218,0,0
user_9713,0,0.16559438943031216,0,0
user_9714,0,0.33465510962312756,0,0
user_9715,1,0.6956895041693008,1,0
user_9716,0,0.2095336100641581,0,0
user_9717,0,0.14939141895280694,0,0
user_9718,0,0.21311439618458497,0,0
user_9719,0,0.048945519948646356,0,0
user_9720,1,0.5960784795271029,1,0
user_9721,0,0.38016040530689177,0,0
user_9722,1,0.7605907334616259,1,1
user_9723,0,0.08011444462358469,0,0
user_9724,0,0.060771689736764584,0,0
user_9725,1,0.8972712210387523,1,1
user_9726,1,0.725805935626208,1,1
user_9727,1,0.6026463911782213,1,1
user_9728,0,0.2505456402777661,0,0
user_9729,0,0.5027232947444499,1,0
user_9730,1,0.9298010934720037,1,1
user_9731,0,0.3276784687803704,0,0
user_9732,1,0.9465233692395062,1,1
user_9733,0,0.7244124058845818,1,1
user_9734,1,0.8446222142837951,1,1
user_9735,0,0.017098358743717516,0,0
user_9736,1,0.7882840831883781,1,1
user_9737,1,0.8734633233372365,1,1
user_9738,1,0.9394671859486641,1,1
user_9739,1,0.5541332553735799,1,0
user_9740,1,0.5504862682459337,1,0
user_9741,0,0.011396993255007863,0,0
user_9742,0,0.09406119736618601,0,0
user_9743,0,0.027308582069692864,0,0
user_9744,1,0.9665265382767926,1,1
user_9745,0,0.25797737433538626,0,0
user_9746,0,0.13769842940732857,0,0
user_9747,0,0.11599814539190587,0,0
user_9748,0,0.5825849483832948,1,0
user_9749,1,0.753536298664145,1,1
user_9750,1,0.9110784674411211,1,1
user_9751,0,0.19762025827603583,0,0
user_9752,0,0.26563168571169854,0,0
user_9753,1,0.7655214708074567,1,1
user_9754,0,0.2880152122619971,0,0
user_9755,0,0.4015750163927923,0,1
user_9756,1,0.570280558138836,1,0
user_9757,1,0.973205145833139,1,1
user_9758,1,0.6161016174218757,1,1
user_9759,1,0.4892231737488178,0,1
user_9760,0,0.31971002801642884,0,0
user_9761,0,0.32774171732545554,0,0
user_9762,0,0.1387996337697173,0,0
user_9763,0,0.24221701211832833,0,0
user_9764,0,0.051957652067524604,0,0
user_9765,1,0.51334118780096,1,0
user_9766,1,0.9768518842159064,1,1
user_9767,0,0.025675198161139827,0,0
user_9768,1,0.6355295373444235,1,1
user_9769,1,0.9436073692608321,1,1
user_9770,1,0.8685024665266508,1,1
user_9771,0,0.06148467038490798,0,0
user_9772,0,0.17326123871291527,0,0
user_9773,1,0.35215892670304433,0,0
user_9774,0,0.25151262299769184,0,0
user_9775,1,0.9430325748024474,1,1
user_9776,1,0.6625409845955992,1,1
user_9777,0,0.270484610645656,0,0
user_9778,0,0.4564311527050045,0,0
user_9779,1,0.47160702487694645,0,0
user_9780,1,0.5367839832589731,1,0
user_9781,0,0.3131675922751451,0,0
user_9782,0,0.5247769472886759,1,1
user_9783,0,0.30420573720507343,0,0
user_9784,0,0.02172575831784651,0,0
user_9785,1,0.869881510917495,1,1
user_9786,0,0.35853455736397427,0,0
user_9787,0,0.3779102237078913,0,0
user_9788,1,0.8433222694785947,1,1
user_9789,1,0.14390462104677773,0,0
user_9790,1,0.5416009898167856,1,1
user_9791,0,0.540207109406146,1,0
user_9792,1,0.6033796719423778,1,0
user_9793,1,0.8893571881524435,1,1
user_9794,1,0.9025353631482754,1,1
user_9795,0,0.19789779094138885,0,0
user_9796,1,0.6043804963673233,1,0
user_9797,0,0.11090216251741868,0,0
user_9798,0,0.06155514277096053,0,0
user_9799,0,0.09942261779047996,0,0
user_9800,0,0.05704835584152268,0,0
user_9801,1,0.8625665066176956,1,1
user_9802,1,0.7990599432638122,1,1
user_9803,1,0.3867244909766903,0,0
user_9804,1,0.9053154243443338,1,1
user_9805,0,0.44158986532645855,0,0
user_9806,1,0.9108225588510483,1,1
user_9807,1,0.7085550621282127,1,1
user_9808,0,0.2954028264079502,0,0
user_9809,1,0.8799385039906974,1,1
user_9810,0,0.5566736882297457,1,0
user_9811,1,0.3595354461898025,0,0
user_9812,0,0.5002589306787085,1,0
user_9813,0,0.19810326591328278,0,0
user_9814,0,0.20935693242913736,0,0
user_9815,1,0.5788590326674244,1,0
user_9816,1,0.8056564631247902,1,1
user_9817,0,0.06364710083434269,0,0
user_9818,1,0.9586693745953653,1,1
user_9819,1,0.25997831137337857,0,0
user_9820,1,0.9428979587906399,1,1
user_9821,0,0.13144924109937234,0,0
user_9822,1,0.9509594812113967,1,1
user_9823,1,0.7553262757397647,1,1
user_9824,1,0.9046900224452302,1,1
user_9825,1,0.3246006840887444,0,0
user_9826,0,0.3281901807778956,0,0
user_9827,0,0.07558013495621259,0,0
user_9828,0,0.04016862533671393,0,0
user_9829,1,0.41666603530918633,0,0
user_9830,0,0.09922592168257992,0,0
user_9831,1,0.9460776217500789,1,1
user_9832,0,0.3026882326097948,0,0
user_9833,1,0.8381254224610535,1,1
user_9834,1,0.43824587714422153,0,0
user_9835,1,0.9601023158088942,1,1
user_9836,0,0.17539860325521706,0,0
user_9837,0,0.7354746162879561,1,1
user_9838,0,0.3196313777244698,0,0
user_9839,0,0.20019458800552684,0,0
user_9840,1,0.5290671381250935,1,0
user_9841,0,0.124769396458527,0,0
user_9842,1,0.9244150043718283,1,1
user_9843,0,0.16790131629464525,0,0
user_9844,0,0.1239619301127848,0,0
user_9845,0,0.13893980579987988,0,0
user_9846,0,0.11098548274849028,0,0
user_9847,0,0.10520519408833084,0,0
user_9848,0,0.4216064684922452,0,0
user_9849,0,0.16257448769686988,0,0
user_9850,1,0.3531188475186269,0,0
user_9851,0,0.22032812171011387,0,0
user_9852,1,0.8225321280607435,1,1
user_9853,0,0.09052208303031192,0,0
user_9854,0,0.10633493068555837,0,0
user_9855,0,0.42647021936821344,0,0
user_9856,1,0.9001636615686239,1,1
user_9857,1,0.26943232017997704,0,0
user_9858,0,0.031152541134499067,0,0
user_9859,0,0.09771614113508217,0,0
user_9860,1,0.6561675067238534,1,1
user_9861,0,0.4673501697433791,0,0
user_9862,0,0.47752642552485125,0,0
user_9863,1,0.4021934820798275,0,0
user_9864,0,0.21473619970215216,0,0
user_9865,0,0.6260653163567887,1,1
user_9866,0,0.14195097820626856,0,0
user_9867,0,0.6193328541571792,1,0
user_9868,0,0.44746344259010756,0,0
user_9869,0,0.4956079592334054,0,0
user_9870,0,0.4040136461354573,0,1
user_9871,0,0.3448094638995872,0,0
user_9872,1,0.7329490893485192,1,0
user_9873,0,0.8242833637943152,1,1
user_9874,0,0.11932443678626889,0,0
user_9875,1,0.976109949813831,1,1
user_9876,0,0.11049371778167635,0,0
user_9877,1,0.7554817366096342,1,1
user_9878,1,0.7419841636075583,1,1
user_9879,0,0.007044605528348777,0,0
user_9880,0,0.48978491676131997,0,0
user_9881,1,0.8750365888490472,1,1
user_9882,0,0.5539426733287385,1,1
user_9883,0,0.06935429579500145,0,0
user_9884,0,0.8558118381538846,1,1
user_9885,1,0.8272488541053954,1,1
user_9886,0,0.10684512883690864,0,0
user_9887,1,0.7026704155318557,1,1
user_9888,0,0.031381223529205735,0,0
user_9889,1,0.9820101838850948,1,1
user_9890,0,0.5748434566896095,1,0
user_9891,0,0.024780146883020573,0,0
user_9892,0,0.08520632059440274,0,0
user_9893,1,0.8870059804187038,1,1
user_9894,1,0.9731512743660988,1,1
user_9895,1,0.9603332038194702,1,1
user_9896,0,0.7524264757054161,1,1
user_9897,1,0.9734568399037962,1,1
user_9898,1,0.9585009674288807,1,1
user_9899,0,0.5472336528160147,1,0
user_9900,0,0.11521448019902056,0,0
user_9901,0,0.20802345561235966,0,0
user_9902,1,0.8704284081314622,1,1
user_9903,0,0.07860338607037362,0,0
user_9904,0,0.5683021916428072,1,1
user_9905,0,0.08525583357947851,0,0
user_9906,1,0.7774771560105866,1,1
user_9907,1,0.8725197341597377,1,1
user_9908,1,0.6888973979854427,1,1
user_9909,0,0.23474996306609194,0,0
user_9910,1,0.9197955859975849,1,1
user_9911,0,0.0334240147525525,0,0
user_9912,1,0.42114953846864234,0,0
user_9913,0,0.9267401146357082,1,1
user_9914,1,0.8711264935704018,1,1
user_9915,1,0.9423475880405493,1,1
user_9916,0,0.022497675989784572,0,0
user_9917,0,0.11874813036653102,0,0
user_9918,1,0.5602960383273392,1,1
user_9919,1,0.728894111171324,1,0
user_9920,1,0.8865657701165524,1,1
user_9921,0,0.7063911376724179,1,1
user_9922,1,0.6479214526428548,1,0
user_9923,1,0.6839042725326276,1,0
user_9924,0,0.04021117803367165,0,0
user_9925,0,0.6896850602016237,1,1
user_9926,0,0.05361659484167502,0,0
user_9927,0,0.05072396964726616,0,0
user_9928,1,0.8278041564255749,1,1
user_9929,0,0.09158314307950192,0,0
user_9930,1,0.5840339371554552,1,0
user_9931,1,0.9199298966669712,1,1
user_9932,1,0.5864783525190028,1,1
user_9933,0,0.041997744205445185,0,0
user_9934,0,0.06113426230957026,0,0
user_9935,1,0.618694589574461,1,1
user_9936,0,0.7233307453880633,1,1
user_9937,0,0.31557019718445617,0,0
user_9938,1,0.5472535027233354,1,0
user_9939,0,0.19864835101888934,0,0
user_9940,0,0.45648375657383367,0,0
user_9941,0,0.07399122132983156,0,0
user_9942,0,0.04444356563989356,0,0
user_9943,1,0.837246635996936,1,1
user_9944,0,0.12125486937328009,0,0
user_9945,0,0.49157177506104516,0,0
user_9946,1,0.8846477537631688,1,1
user_9947,0,0.18380769448107911,0,0
user_9948,0,0.03905517960992905,0,0
user_9949,1,0.34541781231259344,0,0
user_9950,1,0.9167410548451471,1,1
user_9951,1,0.8529875100189709,1,1
user_9952,0,0.07536074953145293,0,0
user_9953,1,0.6015212182510914,1,0
user_9954,1,0.7949781563549055,1,1
user_9955,1,0.8226684622829178,1,1
user_9956,1,0.7573575912539667,1,1
user_9957,0,0.1917562554120037,0,0
user_9958,1,0.9445537018299363,1,1
user_9959,1,0.9116113819402533,1,1
user_9960,0,0.27780375397984625,0,0
user_9961,0,0.14540629487144324,0,0
user_9962,1,0.9489417384011154,1,1
user_9963,0,0.6466798098100789,1,1
user_9964,0,0.264784112998647,0,0
user_9965,1,0.6009247275505911,1,0
user_9966,0,0.3442527768400872,0,0
user_9967,0,0.11882946215702002,0,0
user_9968,0,0.696800933622368,1,1
user_9969,1,0.9512108934538029,1,1
user_9970,0,0.4281576693944391,0,1
user_9971,0,0.2158814505630579,0,0
user_9972,1,0.674321360318062,1,0
user_9973,0,0.15034128852065362,0,0
user_9974,1,0.9601274924967333,1,1
user_9975,0,0.493165119497851,0,0
user_9976,1,0.5582158919027449,1,1
user_9977,1,0.8693437577488083,1,1
user_9978,0,0.13578831564391994,0,0
user_9979,1,0.435909809060434,0,0
user_9980,1,0.6520401987370328,1,1
user_9981,0,0.31012513046030127,0,0
user_9982,0,0.5276332537975829,1,0
user_9983,1,0.9268607962166554,1,1
user_9984,0,0.18515677631710903,0,0
user_9985,1,0.7167587570972185,1,1
user_9986,0,0.09732842400187906,0,0
user_9987,1,0.6521410298825301,1,1
user_9988,0,0.14963141291314908,0,0
user_9989,1,0.5505852600254564,1,0
user_9990,1,0.6434205492914019,1,0
user_9991,1,0.9156844129840601,1,1
user_9992,1,0.5955732729051035,1,1
user_9993,0,0.07505892045648542,0,0
user_9994,0,0.7104122988603794,1,1
user_9995,0,0.9448707927197838,1,1
user_9996,1,0.8419475436170052,1,1
user_9997,0,0.1108903016286858,0,0
user_9998,1,0.5462775547151917,1,1
user_9999,0,0.9215711108976259,1,1
user_10000,0,0.27242296690240714,0,0
user_10001,1,0.8199753439971789,1,1
user_10002,1,0.8415530344759946,1,1
user_10003,0,0.7020969382312308,1,1
user_10004,1,0.8735405440786258,1,1
user_10005,1,0.8903893318339088,1,1
user_10006,0,0.09958939067428627,0,0
user_10007,1,0.9072290974526932,1,1
user_10008,1,0.5094877708653834,1,0
user_10009,0,0.3066314474906177,0,0
user_10010,1,0.6192835254556305,1,1
user_10011,0,0.19797350459740537,0,0
user_10012,1,0.9002974451287485,1,1
user_10013,1,0.8789974209670851,1,1
user_10014,1,0.4479471885034993,0,0
user_10015,1,0.7726900210410843,1,1
user_10016,0,0.21574745658082947,0,0
user_10017,1,0.9264248907529565,1,1
user_10018,1,0.9706981281969992,1,1
user_10019,0,0.10610186559948556,0,0
user_10020,1,0.9509905390839695,1,1
user_10021,0,0.6535018978389278,1,0
user_10022,0,0.24621149585103036,0,0
user_10023,1,0.7102475748502964,1,1
user_10024,0,0.4422616654323871,0,0
user_10025,1,0.9747758403684053,1,1
user_10026,0,0.11255783363164862,0,0
user_10027,0,0.18842854711641852,0,0
user_10028,1,0.9606053704210374,1,1
user_10029,1,0.78250806808493,1,1
user_10030,0,0.017805074828780063,0,0
user_10031,1,0.7169533183670048,1,0
user_10032,1,0.7931214356559191,1,1
user_10033,0,0.6871558929906448,1,1
user_10034,1,0.8528233706200433,1,1
user_10035,1,0.577606931988662,1,0
user_10036,0,0.28367362008340163,0,0
user_10037,1,0.9330788968318214,1,1
user_10038,1,0.9714088463327006,1,1
user_10039,1,0.9546046993117642,1,1
user_10040,1,0.8528634970381653,1,1
user_10041,1,0.7944162009147552,1,1
user_10042,1,0.8420616614017327,1,1
user_10043,0,0.22857646700160927,0,0
user_10044,0,0.48308065603594047,0,0
user_10045,0,0.49461428060808005,0,0
user_10046,1,0.7740176217511612,1,1
user_10047,0,0.2416708124980784,0,0
user_10048,0,0.3722133376278092,0,0
user_10049,0,0.07920471045446517,0,0
user_10050,0,0.447086721192679,0,0
user_10051,0,0.04124332543005003,0,0
user_10052,1,0.7646514789352941,1,1
user_10053,0,0.17314253843316565,0,0
user_10054,1,0.5603912548149558,1,0
user_10055,0,0.11326017974387231,0,0
user_10056,0,0.0882282652271543,0,0
user_10057,0,0.8953805974317859,1,1
user_10058,0,0.2149520586907697,0,0
user_10059,0,0.24976332138729423,0,0
user_10060,0,0.08647263753111972,0,0
user_10061,1,0.8920702727087227,1,1
user_10062,0,0.22959214453524276,0,0
user_10063,0,0.848823117709615,1,1
user_10064,0,0.07331067378320276,0,0
user_10065,0,0.05856992618611331,0,0
user_10066,0,0.10035478826904373,0,0
user_10067,0,0.2983815461386665,0,0
user_10068,0,0.2811079222399072,0,0
user_10069,0,0.046115741094228425,0,0
user_10070,1,0.9343829842141443,1,1
user_10071,0,0.02668342788719117,0,0
user_10072,0,0.07270453548320319,0,0
user_10073,1,0.9616810213418552,1,1
user_10074,1,0.5505106977284918,1,1
user_10075,0,0.023264083807088904,0,0
user_10076,1,0.4307614664822311,0,0
user_10077,1,0.47231434944916867,0,0
user_10078,0,0.7818159981078374,1,1
user_10079,1,0.9376556544476655,1,1
user_10080,1,0.825188011092624,1,1
user_10081,1,0.2873615292797843,0,0
user_10082,0,0.4624516365694609,0,1
user_10083,1,0.6244418486935177,1,1
user_10084,1,0.8267837168600207,1,1
user_10085,0,0.07382435547872507,0,0
user_10086,0,0.3248083337862346,0,0
user_10087,0,0.45697968418612306,0,0
user_10088,1,0.39625200784582715,0,0
user_10089,1,0.3310170291454843,0,0
user_10090,0,0.10366342411441275,0,0
user_10091,0,0.34196827021940257,0,0
user_10092,1,0.5489950660733378,1,1
user_10093,0,0.23500572734781586,0,0
user_10094,0,0.15433729532178475,0,0
user_10095,1,0.8859963625497831,1,1
user_10096,1,0.8108323075705024,1,1
user_10097,1,0.8475342253929788,1,1
user_10098,0,0.7507200550938521,1,1
user_10099,1,0.23080590082772318,0,0
user_10100,0,0.73201630753647,1,0
user_10101,1,0.7138957503505743,1,1
user_10102,0,0.09306259111741498,0,0
user_10103,0,0.5101407591523007,1,0
user_10104,0,0.29004007099380263,0,0
user_10105,0,0.19913372906758928,0,0
user_10106,0,0.06647245317156289,0,0
user_10107,0,0.784709050183445,1,1
user_10108,1,0.6346481341906225,1,1
user_10109,1,0.5176422487567361,1,1
user_10110,0,0.5596942301086542,1,1
user_10111,0,0.11864522416780127,0,0
user_10112,1,0.535877004286262,1,0
user_10113,0,0.025680318029206933,0,0
user_10114,0,0.020653563555633934,0,0
user_10115,1,0.2556739137125959,0,0
user_10116,0,0.33090699263623435,0,0
user_10117,1,0.8396200821528205,1,1
user_10118,0,0.03856732961004169,0,0
user_10119,1,0.9550107308265653,1,1
user_10120,1,0.6471487057467341,1,1
user_10121,1,0.9628685078759819,1,1
user_10122,1,0.8914480577637839,1,1
user_10123,1,0.7796823311291351,1,1
user_10124,1,0.9384670864802589,1,1
user_10125,0,0.3334831313399891,0,0
user_10126,0,0.3000452232896895,0,0
user_10127,0,0.379515270912808,0,0
user_10128,1,0.8910844791313298,1,1
user_10129,1,0.26253239615516977,0,0
user_10130,0,0.6256210407503591,1,1
user_10131,1,0.8486659780759702,1,1
user_10132,0,0.7633921434273925,1,1
user_10133,0,0.1550728005622185,0,0
user_10134,0,0.16612390743823563,0,0
user_10135,0,0.20001345741847604,0,0
user_10136,1,0.8990884224302657,1,1
user_10137,1,0.7786084934305156,1,1
user_10138,1,0.6591669674230531,1,1
user_10139,1,0.978933001563974,1,1
user_10140,0,0.6673290054106827,1,0
user_10141,1,0.979458048400219,1,1
user_10142,1,0.9073715080167424,1,1
user_10143,0,0.4818814941959056,0,0
user_10144,0,0.06296190653613173,0,0
user_10145,0,0.24475428838566737,0,0
user_10146,1,0.2331258588533645,0,0
user_10147,0,0.04491029469025021,0,0
user_10148,1,0.28654637150979634,0,0
user_10149,1,0.9752180395731316,1,1
user_10150,0,0.1431683982713749,0,0
user_10151,1,0.9385009196770859,1,1
user_10152,0,0.010685071091289983,0,0
user_10153,1,0.5442723768619276,1,0
user_10154,1,0.5669678188471824,1,1
user_10155,0,0.38507090254702875,0,0
user_10156,0,0.1509467721530289,0,0
user_10157,0,0.04805816671997323,0,0
user_10158,0,0.7011984171246953,1,0
user_10159,1,0.8595491064532869,1,1
user_10160,1,0.8495787501684317,1,1
user_10161,0,0.11750684184369069,0,0
user_10162,1,0.7151291396316324,1,1
user_10163,0,0.5730164641227414,1,1
user_10164,1,0.9412747457337425,1,1
user_10165,1,0.9337307671020931,1,1
user_10166,1,0.7649671227367075,1,1
user_10167,0,0.05245241696182263,0,0
user_10168,1,0.956968825696344,1,1
user_10169,0,0.8391797274931531,1,1
user_10170,1,0.7003464516996384,1,1
user_10171,1,0.4201395493391346,0,0
user_10172,0,0.2016034768905204,0,0
user_10173,0,0.13074647863300207,0,0
user_10174,0,0.7228783391558763,1,1
user_10175,0,0.12377370113366759,0,0
user_10176,0,0.06436303228575824,0,0
user_10177,1,0.7023540217833335,1,1
user_10178,0,0.5398161419341708,1,0
user_10179,0,0.18973288342258424,0,0
user_10180,0,0.2428035307195741,0,0
user_10181,1,0.914215443951235,1,1
user_10182,0,0.22207720571659184,0,0
user_10183,0,0.14887502531753766,0,0
user_10184,1,0.9022061081039345,1,1
user_10185,0,0.2733780821382163,0,0
user_10186,0,0.27139978262612513,0,0
user_10187,1,0.6201417616000843,1,0
user_10188,1,0.48183165903274355,0,0
user_10189,1,0.8515652524924799,1,1
user_10190,1,0.8044154143308068,1,1
user_10191,1,0.5377333945757178,1,0
user_10192,0,0.3524330760127137,0,0
user_10193,0,0.2611582325743926,0,0
user_10194,0,0.587495274214681,1,1
user_10195,0,0.017900390557667623,0,0
user_10196,0,0.024842833681123954,0,0
user_10197,1,0.5858127107185276,1,0
user_10198,0,0.21514561118024375,0,0
user_10199,1,0.8526110878841547,1,1
user_10200,1,0.7532702175820994,1,1
user_10201,0,0.08980055592542509,0,0
user_10202,1,0.934192226435941,1,1
user_10203,1,0.812292198140841,1,1
user_10204,0,0.5652253238547956,1,0
user_10205,1,0.9283584422702665,1,1
user_10206,1,0.9121242983699835,1,1
user_10207,0,0.213420801991306,0,0
user_10208,1,0.8691473162778797,1,1
user_10209,0,0.05781379622946599,0,0
user_10210,0,0.2858360979251795,0,0
user_10211,0,0.03893963914474034,0,0
user_10212,0,0.2402651564229769,0,0
user_10213,0,0.17158835233804187,0,0
user_10214,1,0.7109333605948608,1,1
user_10215,1,0.4494786764320649,0,0
user_10216,0,0.32023620575490996,0,0
user_10217,0,0.05297594868622825,0,0
user_10218,0,0.4994823726431873,0,0
user_10219,0,0.02118412523862876,0,0
user_10220,1,0.673737867234241,1,1
user_10221,1,0.9494475487059612,1,1
user_10222,1,0.8887844396148288,1,1
user_10223,1,0.8531350906275386,1,1
user_10224,0,0.0519899064194803,0,0
user_10225,1,0.8418915584673909,1,1
user_10226,0,0.024719874719850564,0,0
user_10227,1,0.37878524717232825,0,0
user_10228,0,0.10486348833768493,0,0
user_10229,1,0.5908406895970512,1,0
user_10230,1,0.6596046038641273,1,0
user_10231,0,0.10808869426183987,0,0
user_10232,1,0.7815621116977604,1,1
user_10233,1,0.5631003895245192,1,0
user_10234,1,0.7117677109961362,1,0
user_10235,1,0.3622010737467257,0,0
user_10236,0,0.2691321971885349,0,0
user_10237,1,0.6838553315359176,1,0
user_10238,1,0.4647920886793385,0,0
user_10239,1,0.8922844430174783,1,1
user_10240,0,0.046302270180203525,0,0
user_10241,0,0.021095030235172244,0,0
user_10242,0,0.09611476588705088,0,0
user_10243,0,0.07656580229757534,0,0
user_10244,1,0.3844266601738281,0,0
user_10245,0,0.4516608052040695,0,0
user_10246,1,0.46309536401780965,0,0
user_10247,1,0.7252823696581694,1,1
user_10248,0,0.12981334267821537,0,0
user_10249,0,0.23446277422145811,0,0
user_10250,1,0.8937956787536792,1,1
user_10251,1,0.9653090744315977,1,1
user_10252,1,0.8086111974540555,1,1
user_10253,1,0.8820955003203437,1,1
user_10254,1,0.6324414922266943,1,0
user_10255,1,0.5064728926248243,1,1
user_10256,0,0.8636509975425274,1,1
user_10257,1,0.753716180440355,1,1
user_10258,0,0.15981937742488087,0,0
user_10259,0,0.13060680915789138,0,0
user_10260,0,0.7026073896934524,1,1
user_10261,0,0.5849581697905234,1,1
user_10262,1,0.8886405201912922,1,1
user_10263,1,0.9649028670196473,1,1
user_10264,0,0.9107964578543859,1,1
user_10265,0,0.18414768925463215,0,0
user_10266,0,0.5438578115841897,1,0
user_10267,1,0.8284281203945866,1,1
user_10268,0,0.049801650013907225,0,0
user_10269,0,0.02329692838677971,0,0
user_10270,1,0.6593043775648372,1,0
user_10271,0,0.29877555981343124,0,0
user_10272,0,0.01762218720710392,0,0
user_10273,1,0.7996875780174151,1,1
user_10274,1,0.5081416336046969,1,0
user_10275,0,0.022518163397789063,0,0
user_10276,0,0.4686278619253311,0,1
user_10277,0,0.04421362353675654,0,0
user_10278,0,0.01808816913758013,0,0
user_10279,1,0.9332513709121865,1,1
user_10280,1,0.7731863832151721,1,1
user_10281,1,0.8770166273095411,1,1
user_10282,0,0.5380077020556926,1,1
user_10283,1,0.3746069649167245,0,0
user_10284,0,0.05750740496831759,0,0
user_10285,1,0.5076051812255382,1,0
user_10286,1,0.965574124444456,1,1
user_10287,0,0.012424122164271493,0,0
user_10288,1,0.7243665448646849,1,0
user_10289,1,0.9673966695765766,1,1
user_10290,0,0.2611802089170906,0,0
user_10291,1,0.9036158614224229,1,1
user_10292,0,0.10086134366700095,0,0
user_10293,0,0.053396788569606175,0,0
user_10294,0,0.21702885125471752,0,0
user_10295,1,0.8857822293017299,1,1
user_10296,0,0.35441639546776016,0,0
user_10297,1,0.8457042323292894,1,1
user_10298,0,0.1439777710234968,0,0
user_10299,1,0.20859774533448028,0,0
user_10300,0,0.759724545557357,1,1
user_10301,1,0.7996237930997917,1,1
user_10302,0,0.3489866459624137,0,0
user_10303,1,0.535439799887237,1,0
user_10304,1,0.44766494426618325,0,0
user_10305,1,0.882307922185043,1,1
user_10306,1,0.5237084640053302,1,0
user_10307,1,0.73828360286941,1,1
user_10308,1,0.3964895327198476,0,0
user_10309,1,0.7047396591468413,1,1
user_10310,0,0.15102771526901007,0,0
user_10311,1,0.4749025078396509,0,0
user_10312,1,0.8623364639567851,1,1
user_10313,1,0.6169237242391881,1,1
user_10314,1,0.8488434777566999,1,1
user_10315,1,0.4994330266177122,0,0
user_10316,0,0.05997980751931171,0,0
user_10317,0,0.11935702322678347,0,0
user_10318,1,0.9614822338911091,1,1
user_10319,0,0.6527813938799708,1,1
user_10320,0,0.033096868369359496,0,0
user_10321,0,0.3714074322693686,0,0
user_10322,0,0.07400367367949501,0,0
user_10323,1,0.5320428073517102,1,1
user_10324,1,0.9625430950815256,1,1
user_10325,0,0.30249698980123013,0,0
user_10326,0,0.2158193318700713,0,0
user_10327,0,0.1672012607473606,0,0
user_10328,1,0.9035817010465184,1,1
user_10329,1,0.7416831213266164,1,0
user_10330,0,0.11705907860769327,0,0
user_10331,1,0.7854031683231842,1,1
user_10332,0,0.4753165944038537,0,0
user_10333,1,0.7684880559260643,1,1
user_10334,1,0.9601667057499053,1,1
user_10335,0,0.04130378318654212,0,0
user_10336,0,0.1518999868793767,0,0
user_10337,0,0.2560715146606447,0,0
user_10338,1,0.9739789922386239,1,1
user_10339,0,0.15559376320641818,0,0
user_10340,0,0.07068792813256955,0,0
user_10341,1,0.8587523640653423,1,1
user_10342,0,0.22526102824683156,0,0
user_10343,1,0.8159645176253445,1,1
user_10344,0,0.7153848681409551,1,1
user_10345,0,0.47555734142210593,0,1
user_10346,1,0.9788848842486632,1,1
user_10347,0,0.10116453646646531,0,0
user_10348,1,0.8249195675457147,1,1
user_10349,0,0.23236774743422733,0,0
user_10350,0,0.020531086245673198,0,0
user_10351,0,0.04159272933965308,0,0
user_10352,1,0.9504318677938096,1,1
user_10353,0,0.06936267195182037,0,0
user_10354,0,0.3429476918532406,0,0
user_10355,1,0.859818044325257,1,1
user_10356,0,0.2309714094733234,0,0
user_10357,0,0.32213605382912225,0,0
user_10358,1,0.7306683410025325,1,1
user_10359,0,0.21065104042774027,0,0
user_10360,1,0.9558703174904336,1,1
user_10361,0,0.2828031475067781,0,0
user_10362,0,0.45820344175186734,0,0
user_10363,0,0.031803484498937516,0,0
user_10364,1,0.9517714713234331,1,1
user_10365,1,0.6196891347185488,1,0
user_10366,0,0.1968458522695794,0,0
user_10367,0,0.0968163400667899,0,0
user_10368,1,0.8327869721270443,1,1
user_10369,1,0.7508085420282704,1,1
user_10370,0,0.06050109622238846,0,0
user_10371,1,0.4230765263845195,0,0
user_10372,1,0.9744562098440955,1,1
user_10373,1,0.8337168543908677,1,1
user_10374,0,0.0303582658990918,0,0
user_10375,0,0.12879508747352267,0,0
user_10376,0,0.46451440902910385,0,0
user_10377,1,0.8483272261837658,1,1
user_10378,1,0.5462249154111682,1,1
user_10379,1,0.9383525478381989,1,1
user_10380,0,0.22087923423449582,0,0
user_10381,0,0.020456538132044254,0,0
user_10382,0,0.3554221078250491,0,0
user_10383,1,0.8202208975019167,1,1
user_10384,1,0.9482956420815812,1,1
user_10385,1,0.8599383167951307,1,1
user_10386,1,0.524070595102702,1,1
user_10387,0,0.06787128766008287,0,0
user_10388,0,0.5282310434591001,1,0
user_10389,1,0.9026168684033998,1,1
user_10390,1,0.916289695236826,1,1
user_10391,0,0.3846026382225933,0,0
user_10392,1,0.6192886855689633,1,1
user_10393,0,0.684011682013443,1,0
user_10394,1,0.6169549842864729,1,0
user_10395,0,0.07328532733315507,0,0
user_10396,0,0.39286851867874484,0,0
user_10397,0,0.24044236139317812,0,0
user_10398,0,0.4430411408674067,0,1
user_10399,1,0.7358611391715797,1,1
user_10400,1,0.8793900423544488,1,1
user_10401,1,0.963070050875718,1,1
user_10402,1,0.653658038739975,1,1
user_10403,0,0.4336291250094289,0,0
user_10404,0,0.10069861393766726,0,0
user_10405,0,0.04429151745920563,0,0
user_10406,0,0.1055595526839596,0,0
user_10407,0,0.7120643743308597,1,1
user_10408,0,0.6856623794110457,1,1
user_10409,0,0.37831119457214724,0,0
user_10410,0,0.1335719521114816,0,0
user_10411,0,0.7456823745577161,1,1
user_10412,1,0.7510452285028367,1,1
user_10413,1,0.9411995087741705,1,1
user_10414,1,0.8056976126505925,1,1
user_10415,0,0.455193524035011,0,1
user_10416,0,0.16929885971779715,0,0
user_10417,1,0.5116825316090261,1,0
user_10418,0,0.5888177577763087,1,1
user_10419,0,0.13533573981525093,0,0
user_10420,1,0.8298389202969361,1,1
user_10421,1,0.4325182611867937,0,0
user_10422,0,0.05019457651119614,0,0
user_10423,0,0.4556473363245202,0,0
user_10424,1,0.901185906375841,1,1
user_10425,0,0.05999958676968246,0,0
user_10426,0,0.3484779474129081,0,0
user_10427,0,0.1778339218352666,0,0
user_10428,0,0.022633284776597824,0,0
user_10429,1,0.9721115731507437,1,1
user_10430,0,0.22410406513759834,0,0
user_10431,1,0.8402350941957681,1,1
user_10432,0,0.09241274611943137,0,0
user_10433,0,0.022766136691869734,0,0
user_10434,0,0.5752482268732233,1,0
user_10435,1,0.8725338223546176,1,1
user_10436,0,0.05110608877070874,0,0
user_10437,1,0.6621012652016633,1,1
user_10438,1,0.7074186569439782,1,1
user_10439,1,0.9260534974910454,1,1
user_10440,0,0.14246626693377165,0,0
user_10441,1,0.6319164555938905,1,1
user_10442,1,0.9597931931895202,1,1
user_10443,0,0.06673601423070749,0,0
user_10444,1,0.6712661603954246,1,0
user_10445,0,0.06069209323178252,0,0
user_10446,0,0.19384573502143762,0,0
user_10447,0,0.2508968156804616,0,0
user_10448,0,0.7270880097883431,1,1
user_10449,1,0.7093220858991096,1,1
user_10450,1,0.9073467880589501,1,1
user_10451,0,0.08919143304033937,0,0
user_10452,0,0.12866587186548367,0,0
user_10453,1,0.46799122614777966,0,0
user_10454,0,0.09319750290147022,0,0
user_10455,1,0.7782194004690913,1,1
user_10456,0,0.4513383530687021,0,1
user_10457,0,0.05380980206933893,0,0
user_10458,0,0.49052377921473533,0,0
user_10459,0,0.180992359934727,0,0
user_10460,1,0.7035986446957389,1,1
user_10461,0,0.02557224632623252,0,0
user_10462,0,0.061484897619026174,0,0
user_10463,1,0.9092053497929254,1,1
user_10464,1,0.9564694885921995,1,1
user_10465,0,0.12800176692637133,0,0
user_10466,1,0.7731469155439205,1,1
user_10467,1,0.8777749312039562,1,1
user_10468,0,0.08906401856954198,0,0
user_10469,1,0.9277249084266036,1,1
user_10470,0,0.5780850958807174,1,0
user_10471,1,0.700297685488341,1,1
user_10472,0,0.5718790638000797,1,0
user_10473,1,0.7072607233570296,1,0
user_10474,1,0.7163162655951888,1,0
user_10475,0,0.1087101763654456,0,0
user_10476,0,0.2383634830523882,0,0
user_10477,0,0.1412782717664847,0,0
user_10478,0,0.7464940139403389,1,1
user_10479,1,0.6426749846706263,1,0
user_10480,0,0.7273511849298444,1,1
user_10481,0,0.19716981385835655,0,0
user_10482,1,0.8098999401380774,1,1
user_10483,0,0.25839699228607094,0,0
user_10484,1,0.722157614445797,1,1
user_10485,1,0.9576761852076354,1,1
user_10486,0,0.26329558302421013,0,0
user_10487,1,0.8941816443086114,1,1
user_10488,1,0.9375304908924101,1,1
user_10489,1,0.9152655597886011,1,1
user_10490,1,0.7073307766378668,1,1
user_10491,1,0.8220207398885058,1,1
user_10492,1,0.6687515657985574,1,1
user_10493,1,0.9780386818248336,1,1
user_10494,0,0.09355913377299889,0,0
user_10495,0,0.1166134832969226,0,0
user_10496,0,0.031000074509392423,0,0
user_10497,1,0.7244773363975224,1,0
user_10498,0,0.6196393440954148,1,1
user_10499,0,0.543682950406322,1,0
user_10500,1,0.5744654429354286,1,0
user_10501,0,0.24036225589821442,0,0
user_10502,0,0.3511414870679085,0,0
user_10503,1,0.9437068734559517,1,1
user_10504,0,0.2956375772947418,0,0
user_10505,1,0.9135445127097597,1,1
user_10506,0,0.17268185905463077,0,0
user_10507,1,0.9475435843451849,1,1
user_10508,0,0.1000121184748895,0,0
user_10509,1,0.5057259762412698,1,0
user_10510,0,0.3421135745611514,0,0
user_10511,1,0.9549054459697301,1,1
user_10512,0,0.09269626242894191,0,0
user_10513,0,0.027597800878469525,0,0
user_10514,1,0.8468206676857377,1,1
user_10515,0,0.18480656010316093,0,0
user_10516,0,0.7225113756695735,1,1
user_10517,1,0.8002502429986749,1,1
user_10518,0,0.7798935547778277,1,1
user_10519,1,0.9428222449816457,1,1
user_10520,1,0.9300856381162557,1,1
user_10521,1,0.46505445985638527,0,0
user_10522,1,0.9897625925033723,1,1
user_10523,0,0.2862004305740903,0,0
user_10524,1,0.5315629181401907,1,0
user_10525,1,0.527570065460322,1,0
user_10526,0,0.13206342278144534,0,0
user_10527,1,0.9774175410360725,1,1
user_10528,1,0.8944767142958949,1,1
user_10529,0,0.4163591192380713,0,0
user_10530,0,0.027353755089477374,0,0
user_10531,0,0.07113988723614457,0,0
user_10532,0,0.23713222856671398,0,0
user_10533,1,0.710156987217893,1,1
user_10534,0,0.05618642671045676,0,0
user_10535,1,0.877837532992664,1,1
user_10536,0,0.7068952094269698,1,1
user_10537,1,0.6230533620318157,1,0
user_10538,1,0.7313363176633397,1,1
user_10539,0,0.022458814805373685,0,0
user_10540,1,0.8818084642282775,1,1
user_10541,1,0.6303510253234595,1,1
user_10542,0,0.08996988413822861,0,0
user_10543,0,0.26465658260680774,0,0
user_10544,1,0.9815875503247841,1,1
user_10545,1,0.8864412053110882,1,1
user_10546,0,0.12194808853540849,0,0
user_10547,1,0.19357434248333283,0,0
user_10548,0,0.06054715544792032,0,0
user_10549,1,0.7671001469743525,1,1
user_10550,1,0.6111334995387456,1,0
user_10551,1,0.3305725534440605,0,0
user_10552,0,0.09290186548002104,0,0
user_10553,1,0.37458476175434263,0,0
user_10554,1,0.6891895634902224,1,0
user_10555,1,0.24825851128529502,0,0
user_10556,0,0.010797420832337151,0,0
user_10557,0,0.2965816071506388,0,0
user_10558,0,0.03025805763724713,0,0
user_10559,1,0.8773761070082854,1,1
user_10560,1,0.6952610092892,1,0
user_10561,0,0.17279689759571523,0,0
user_10562,1,0.7784000210212865,1,1
user_10563,1,0.4365450781998383,0,0
user_10564,1,0.6944883856062642,1,0
user_10565,0,0.04242128892063419,0,0
user_10566,1,0.5964867680512418,1,1
user_10567,1,0.8028374565725362,1,1
user_10568,1,0.9228045129132716,1,1
user_10569,0,0.2808063422401943,0,0
user_10570,1,0.5187129589959922,1,0
user_10571,0,0.2203307278242716,0,0
user_10572,1,0.9729364490890311,1,1
user_10573,1,0.8471865680957285,1,1
user_10574,0,0.17965836259526366,0,0
user_10575,1,0.6451728840463311,1,1
user_10576,0,0.7091423638188988,1,1
user_10577,0,0.27728035041406124,0,0
user_10578,0,0.18304726254925202,0,0
user_10579,0,0.2521761723451323,0,0
user_10580,0,0.03183216642575366,0,0
user_10581,1,0.5862764034175941,1,0
user_10582,0,0.49587497015096216,0,0
user_10583,1,0.5533765034102419,1,0
user_10584,0,0.1885191627761289,0,0
user_10585,1,0.9054152510445957,1,1
user_10586,1,0.7188563007332895,1,1
user_10587,0,0.36787782182987705,0,0
user_10588,0,0.7245736474243986,1,1
user_10589,0,0.6599510744635879,1,1
user_10590,1,0.5765069268641564,1,0
user_10591,0,0.9443682526161278,1,1
user_10592,0,0.4483944109726925,0,0
user_10593,1,0.20506002917681745,0,0
user_10594,0,0.6479986449554015,1,1
user_10595,1,0.9375073691052215,1,1
user_10596,1,0.35049161782792754,0,0
user_10597,0,0.3289204434757344,0,0
user_10598,0,0.09086684134338753,0,0
user_10599,0,0.13519841899091398,0,0
user_10600,0,0.2105649913313824,0,0
user_10601,0,0.9440768679401428,1,1
user_10602,1,0.7725283092184249,1,1
user_10603,0,0.10555459728143253,0,0
user_10604,1,0.6587458073890208,1,0
user_10605,0,0.49862155840745365,0,0
user_10606,1,0.7972015956282487,1,1
user_10607,0,0.08118254924368186,0,0
user_10608,0,0.1300575434210886,0,0
user_10609,1,0.6472295854578897,1,1
user_10610,0,0.04052408857317462,0,0
user_10611,0,0.4022766828473272,0,0
user_10612,1,0.5283616008534912,1,1
user_10613,0,0.02659369823086472,0,0
user_10614,0,0.05078239957555404,0,0
user_10615,0,0.03429680394342378,0,0
user_10616,1,0.7059647976742509,1,0
user_10617,1,0.8761237592783018,1,1
user_10618,0,0.22765949107835776,0,0
user_10619,1,0.8087808478075609,1,1
user_10620,1,0.6364879026360984,1,1
user_10621,1,0.9788137695181751,1,1
user_10622,0,0.1281649729097221,0,0
user_10623,0,0.1516024218964781,0,0
user_10624,1,0.9233433398876925,1,1
user_10625,1,0.5010499206322997,1,1
user_10626,1,0.6613821112579711,1,1
user_10627,1,0.5945370057515776,1,1
user_10628,1,0.84470020632955,1,1
user_10629,1,0.8997273141863698,1,1
user_10630,0,0.12287296394975653,0,0
user_10631,0,0.040485330787628115,0,0
user_10632,0,0.7479303370771311,1,1
user_10633,0,0.029178883845390628,0,0
user_10634,0,0.5401867025732582,1,0
user_10635,0,0.5712766022714388,1,1
user_10636,0,0.041372968698211395,0,0
user_10637,0,0.7956496513732965,1,1
user_10638,1,0.7061052565299681,1,1
user_10639,0,0.09736682395755505,0,0
user_10640,1,0.10921965280968078,0,0
user_10641,0,0.0659252714999298,0,0
user_10642,1,0.6241878131028494,1,1
user_10643,0,0.05598000834681341,0,0
user_10644,1,0.6190670836431482,1,1
user_10645,1,0.8195710475842365,1,1
user_10646,1,0.9241890270254964,1,1
user_10647,1,0.7916225170036116,1,1
user_10648,0,0.06378756495122544,0,0
user_10649,0,0.12090821841607155,0,0
user_10650,0,0.2590816304349032,0,0
user_10651,1,0.7467045571239443,1,0
user_10652,0,0.013432082041641435,0,0
user_10653,1,0.6154980695793371,1,0
user_10654,1,0.9612440139359034,1,1
user_10655,1,0.8551425875337082,1,1
user_10656,1,0.8103588084516827,1,1
user_10657,0,0.04134756195844311,0,0
user_10658,1,0.7346568199170121,1,1
user_10659,0,0.8777656873895627,1,1
user_10660,0,0.10508779615830999,0,0
user_10661,1,0.8376434543924222,1,1
user_10662,0,0.024530258353182424,0,0
user_10663,0,0.10846153723812146,0,0
user_10664,0,0.807415876071771,1,1
user_10665,0,0.45871570737095074,0,0
user_10666,1,0.8712744252640506,1,1
user_10667,0,0.3801896030519363,0,0
user_10668,0,0.059123939833117284,0,0
user_10669,1,0.6629509849924885,1,1
user_10670,0,0.14171806410745236,0,0
user_10671,0,0.4713774303410488,0,0
user_10672,0,0.050278173552461176,0,0
user_10673,1,0.8358086410822667,1,1
user_10674,1,0.8625646997090842,1,1
user_10675,0,0.20565823919779108,0,0
user_10676,0,0.4158898621554521,0,1
user_10677,1,0.9547908068780545,1,1
user_10678,0,0.22848793664869377,0,0
user_10679,0,0.058551372834075625,0,0
user_10680,1,0.8309586787053094,1,1
user_10681,0,0.26025328357606803,0,0
user_10682,1,0.6045779098935291,1,0
user_10683,1,0.7097373034330249,1,1
user_10684,1,0.610065210934848,1,0
user_10685,1,0.3128603021117962,0,0
user_10686,1,0.6621320987915263,1,1
user_10687,0,0.5304858078665915,1,1
user_10688,1,0.9354429152246108,1,1
user_10689,1,0.8281971632369218,1,1
user_10690,1,0.6986971709566052,1,0
user_10691,0,0.015036276986657491,0,0
user_10692,1,0.7571104063417402,1,1
user_10693,0,0.05739131970442002,0,0
user_10694,1,0.870077093305218,1,1
user_10695,1,0.8821300059239789,1,1
user_10696,1,0.4512111855555753,0,0
user_10697,1,0.3163385098885691,0,0
user_10698,1,0.7385432154737818,1,0
user_10699,1,0.3428333338708503,0,0
user_10700,1,0.7620209690957291,1,1
user_10701,1,0.9084597508314931,1,1
user_10702,0,0.2759664432190816,0,0
user_10703,1,0.5238530188193035,1,0
user_10704,0,0.08301570253725182,0,0
user_10705,1,0.8094318213765971,1,1
user_10706,0,0.2926942947294633,0,0
user_10707,1,0.9789791771866968,1,1
user_10708,0,0.406266567272298,0,0
user_10709,1,0.31348949919909347,0,0
user_10710,0,0.19696231563430366,0,0
user_10711,1,0.7016089295762992,1,0
user_10712,0,0.11962493630719749,0,0
user_10713,0,0.3183902587834876,0,0
user_10714,1,0.9650293752861131,1,1
user_10715,1,0.5189913559827879,1,1
user_10716,0,0.10374068738530225,0,0
user_10717,0,0.25653294019956335,0,0
user_10718,0,0.3080342658710269,0,0
user_10719,1,0.8659426020439698,1,1
user_10720,0,0.01703165851030065,0,0
user_10721,0,0.015687384277462958,0,0
user_10722,0,0.8089680057885265,1,1
user_10723,0,0.2578196074740525,0,0
user_10724,0,0.46385729402633635,0,0
user_10725,0,0.7154850948939675,1,1
user_10726,0,0.21416310612499947,0,0
user_10727,1,0.9859119804574182,1,1
user_10728,0,0.6345527548502738,1,1
user_10729,0,0.19754540646474975,0,0
user_10730,0,0.4777511346802162,0,0
user_10731,0,0.20872928625697545,0,0
user_10732,0,0.12848910015271603,0,0
user_10733,1,0.8634593832887331,1,1
user_10734,0,0.20924654677476448,0,0
user_10735,0,0.16523420410028783,0,0
user_10736,1,0.7975432324777355,1,1
user_10737,1,0.4136227465257697,0,0
user_10738,0,0.37441006489034695,0,0
user_10739,1,0.8210698881961459,1,1
user_10740,0,0.0319129567902643,0,0
user_10741,0,0.11815225169874603,0,0
user_10742,1,0.8043877700657763,1,1
user_10743,0,0.20437973258565903,0,0
user_10744,0,0.08130430521380616,0,0
user_10745,1,0.9776462258514051,1,1
user_10746,0,0.2066321155699013,0,0
user_10747,1,0.4707420121147775,0,0
user_10748,0,0.11508222619260632,0,0
user_10749,1,0.8101793826549971,1,1
user_10750,1,0.932938284825758,1,1
user_10751,0,0.020641738332567067,0,0
user_10752,1,0.9468892997796496,1,1
user_10753,1,0.7051709928524216,1,1
user_10754,1,0.9191460577198552,1,1
user_10755,0,0.31429405392395443,0,0
user_10756,0,0.07809439668830485,0,0
user_10757,1,0.24119201421043915,0,0
user_10758,0,0.5003484960091573,1,1
user_10759,0,0.2585687890094043,0,0
user_10760,1,0.8931594791321739,1,1
user_10761,0,0.7096228846782117,1,1
user_10762,1,0.9139760388536966,1,1
user_10763,0,0.23456403663985995,0,0
user_10764,0,0.5209257829274826,1,0
user_10765,1,0.44017426170922846,0,0
user_10766,1,0.9777701691495474,1,1
user_10767,1,0.8732123428000205,1,1
user_10768,1,0.7584446086604327,1,1
user_10769,1,0.3234559665030139,0,0
user_10770,0,0.47379219957132684,0,0
user_10771,1,0.9068545385331955,1,1
user_10772,1,0.7853203820493627,1,1
user_10773,0,0.15639036464481434,0,0
user_10774,1,0.8922670015079123,1,1
user_10775,1,0.5118618883059763,1,0
user_10776,0,0.10671994369217375,0,0
user_10777,1,0.6121836331236653,1,1
user_10778,1,0.7752127996744128,1,0
user_10779,0,0.7014690833890439,1,1
user_10780,0,0.15943195529967244,0,0
user_10781,0,0.2141007121051315,0,0
user_10782,1,0.6467616583208499,1,0
user_10783,0,0.027661457951351155,0,0
user_10784,1,0.43670257458803197,0,0
user_10785,1,0.47017581505478206,0,0
user_10786,0,0.02419498578401571,0,0
user_10787,0,0.3005155225611733,0,0
user_10788,0,0.218392376667326,0,0
user_10789,0,0.7018528218886873,1,1
user_10790,0,0.74505954198389,1,1
user_10791,0,0.021588692663253438,0,0
user_10792,1,0.6114039769352698,1,0
user_10793,0,0.049459130514236845,0,0
user_10794,0,0.020473765710349305,0,0
user_10795,0,0.16563069026667374,0,0
user_10796,1,0.9452825226140223,1,1
user_10797,0,0.03522963549106652,0,0
user_10798,0,0.0745636337306446,0,0
user_10799,1,0.7525182332250007,1,1
user_10800,1,0.4162914700584542,0,0
user_10801,1,0.5529719618171921,1,1
user_10802,1,0.8569010823444745,1,1
user_10803,0,0.6804111980497863,1,0
user_10804,1,0.9733606850331027,1,1
user_10805,1,0.604947448280568,1,0
user_10806,1,0.934568352821781,1,1
user_10807,0,0.3675479564953685,0,0
user_10808,1,0.9603663539169118,1,1
user_10809,0,0.7083507675867745,1,1
user_10810,0,0.73986190764218,1,1
user_10811,0,0.39082583278066246,0,0
user_10812,0,0.4488192733424362,0,0
user_10813,1,0.30661155850237776,0,0
user_10814,1,0.9635360120170752,1,1
user_10815,0,0.08725670174849703,0,0
user_10816,0,0.1281762991381716,0,0
user_10817,1,0.7215126255666305,1,1
user_10818,1,0.688856034569252,1,1
user_10819,0,0.03381083080481169,0,0
user_10820,0,0.043229148903389705,0,0
user_10821,1,0.7015351550344372,1,1
user_10822,0,0.5758678704333304,1,0
user_10823,0,0.11568995727983891,0,0
user_10824,1,0.9287933027317422,1,1
user_10825,1,0.8827513251053155,1,1
user_10826,1,0.47182075968962467,0,0
user_10827,1,0.7295462557772018,1,1
user_10828,1,0.884799149880529,1,1
user_10829,0,0.2561085997888653,0,0
user_10830,1,0.4890107000066995,0,0
user_10831,1,0.8669365791007777,1,1
user_10832,1,0.7613536911324627,1,1
user_10833,1,0.932806715322655,1,1
user_10834,1,0.870251371793547,1,1
user_10835,0,0.11486218438047802,0,0
user_10836,1,0.9440748937443884,1,1
user_10837,0,0.4135069020249226,0,0
user_10838,1,0.7717767442967892,1,1
user_10839,1,0.9497829812625713,1,1
user_10840,0,0.026725103442379747,0,0
user_10841,1,0.4670250492087787,0,0
user_10842,1,0.7550283783826791,1,1
user_10843,0,0.12992979587575182,0,0
user_10844,1,0.7973517011427909,1,1
user_10845,1,0.721476370743346,1,1
user_10846,1,0.9544999557086022,1,1
user_10847,0,0.012196115972022031,0,0
user_10848,1,0.6722991830540944,1,1
user_10849,0,0.28614376819962845,0,0
user_10850,0,0.0353203960557923,0,0
user_10851,0,0.508052694705386,1,0
user_10852,0,0.10017455029998783,0,0
user_10853,1,0.5443570311947946,1,0
user_10854,1,0.9852375354598957,1,1
user_10855,0,0.0908805348647693,0,0
user_10856,0,0.09496593359366531,0,0
user_10857,0,0.15925118152311674,0,0
user_10858,0,0.8164964016176137,1,1
user_10859,0,0.034828430384584316,0,0
user_10860,0,0.22380126757446117,0,0
user_10861,0,0.35782274258330055,0,0
user_10862,0,0.15242525830210896,0,0
user_10863,0,0.05034020005609785,0,0
user_10864,0,0.02662532266916379,0,0
user_10865,1,0.9004590277887234,1,1
user_10866,1,0.3785900187170157,0,0
user_10867,1,0.9009645419422905,1,1
user_10868,1,0.9392757819482381,1,1
user_10869,0,0.332003361515779,0,0
user_10870,0,0.3042820841385,0,0
user_10871,1,0.44946273819931937,0,0
user_10872,1,0.7110402390380943,1,0
user_10873,1,0.9449237697852683,1,1
user_10874,0,0.7173634753831796,1,1
user_10875,0,0.3491599093487841,0,0
user_10876,1,0.9478729098522333,1,1
user_10877,1,0.6705118914509017,1,0
user_10878,1,0.803420128014059,1,1
user_10879,0,0.0584713153882709,0,0
user_10880,0,0.20401780720105617,0,0
user_10881,1,0.9550207897624435,1,1
user_10882,0,0.41200867626603277,0,0
user_10883,0,0.00488960736243288,0,0
user_10884,0,0.0650156989189576,0,0
user_10885,0,0.2008463254257242,0,0
user_10886,0,0.6144202654717623,1,0
user_10887,1,0.6763354137581428,1,1
user_10888,0,0.5916852495538555,1,0
user_10889,0,0.15773040859662033,0,0
user_10890,1,0.958073655939753,1,1
user_10891,0,0.5157544343743116,1,0
user_10892,1,0.9758666940557862,1,1
user_10893,1,0.9511259787009728,1,1
user_10894,0,0.3272535187220124,0,1
user_10895,1,0.8581101663871944,1,1
user_10896,0,0.0587740982413508,0,0
user_10897,0,0.06662337834261355,0,0
user_10898,1,0.5143527178441876,1,1
user_10899,0,0.03348205061573921,0,0
user_10900,0,0.10414427691454503,0,0
user_10901,0,0.5164146020659597,1,0
user_10902,0,0.23013701751798493,0,0
user_10903,1,0.9720767843467502,1,1
user_10904,0,0.3801681348602631,0,0
user_10905,0,0.0640527612876275,0,0
user_10906,1,0.8898127126888197,1,1
user_10907,1,0.7621239871442848,1,1
user_10908,0,0.4954555121849711,0,0
user_10909,0,0.02294038300953344,0,0
user_10910,1,0.3490529631492122,0,0
user_10911,1,0.7198719576343854,1,1
user_10912,1,0.9065819028326516,1,1
user_10913,0,0.04069780938013207,0,0
user_10914,0,0.09395951658662724,0,0
user_10915,1,0.9655936435440532,1,1
user_10916,0,0.7349754143290166,1,1
user_10917,1,0.8635598759755109,1,1
user_10918,0,0.3801070399632614,0,0
user_10919,0,0.1324815677464238,0,0
user_10920,1,0.48575063389105394,0,0
user_10921,1,0.8938978046114251,1,1
user_10922,0,0.293664609063896,0,0
user_10923,1,0.5697987038535827,1,1
user_10924,0,0.7064686291443757,1,1
user_10925,1,0.8480729764618834,1,1
user_10926,0,0.31666098322663716,0,0
user_10927,1,0.825356604519148,1,1
user_10928,0,0.14461359172261773,0,0
user_10929,1,0.22674386099753335,0,0
user_10930,0,0.07385357731373106,0,0
user_10931,0,0.2951240096082436,0,0
user_10932,0,0.12408984830088608,0,0
user_10933,0,0.08221782922510763,0,0
user_10934,0,0.2429841178974666,0,0
user_10935,1,0.8223315315339524,1,1
user_10936,1,0.7911349326974662,1,0
user_10937,1,0.7092721159040575,1,0
user_10938,1,0.9119672128745462,1,1
user_10939,1,0.937247030060693,1,1
user_10940,1,0.8669695705778865,1,1
user_10941,0,0.07148884428015319,0,0
user_10942,0,0.1730625036998726,0,0
user_10943,1,0.7040099514213335,1,1
user_10944,0,0.0701517778295344,0,0
user_10945,1,0.7871400517867109,1,1
user_10946,1,0.22358519337225752,0,0
user_10947,1,0.26174021286490623,0,0
user_10948,1,0.970205284508218,1,1
user_10949,0,0.5401548070682322,1,0
user_10950,0,0.9159393653019449,1,1
user_10951,0,0.5460779811651212,1,1
user_10952,1,0.8638091934252556,1,1
user_10953,0,0.5968358918412688,1,0
user_10954,1,0.659076099178735,1,1
user_10955,1,0.9503525483233206,1,1
user_10956,1,0.6204740243301001,1,1
user_10957,1,0.4655959099023541,0,0
user_10958,0,0.2834242984536338,0,0
user_10959,1,0.85578266530125,1,1
user_10960,1,0.9739051219503212,1,1
user_10961,1,0.5174227136027219,1,1
user_10962,0,0.049201949367035105,0,0
user_10963,0,0.19365478929833457,0,0
user_10964,0,0.35260718882457576,0,0
user_10965,1,0.7943669761811175,1,1
user_10966,1,0.9767638587212538,1,1
user_10967,1,0.5485883485554328,1,0
user_10968,1,0.8828008235209507,1,1
user_10969,0,0.02850539638433898,0,0
user_10970,1,0.871635487535741,1,1
user_10971,0,0.04863823141470451,0,0
user_10972,0,0.38160089245897283,0,0
user_10973,0,0.12190103874088545,0,0
user_10974,1,0.8623196829445565,1,1
user_10975,1,0.9637860183075229,1,1
user_10976,1,0.5745420467875666,1,0
user_10977,0,0.2139077141262421,0,0
user_10978,0,0.21641877639449775,0,0
user_10979,1,0.6713573618275759,1,0
user_10980,1,0.9448625432906802,1,1
user_10981,1,0.9747563897290848,1,1
user_10982,1,0.3987757117392487,0,0
user_10983,1,0.7146170382694161,1,1
user_10984,1,0.10589424196420968,0,0
user_10985,0,0.14131278153735613,0,0
user_10986,1,0.8682653374324244,1,1
user_10987,1,0.4981634593617917,0,1
user_10988,0,0.8164660752564079,1,1
user_10989,0,0.053087930988111036,0,0
user_10990,1,0.488228448098502,0,0
user_10991,0,0.05449162865713955,0,0
user_10992,0,0.24586086043278096,0,0
user_10993,0,0.1485460862332401,0,0
user_10994,0,0.35167452180897807,0,0
user_10995,1,0.956425553671885,1,1
user_10996,0,0.04158333323730432,0,0
user_10997,0,0.44311021156064195,0,0
user_10998,1,0.4896093247961154,0,0
user_10999,1,0.7581532132275535,1,1
user_11000,0,0.3910038561644935,0,0
user_11001,0,0.15149485524650955,0,0
user_11002,0,0.023935159528639765,0,0
user_11003,1,0.8265152203858891,1,1
user_11004,1,0.4014408602142369,0,0
user_11005,0,0.3433253002698396,0,0
user_11006,0,0.8323300835756265,1,1
user_11007,1,0.7482813541915303,1,1
user_11008,0,0.13021556986235602,0,0
user_11009,1,0.724775097626705,1,1
user_11010,1,0.28175424376424263,0,0
user_11011,0,0.3750002786023168,0,0
user_11012,1,0.9103451652446233,1,1
user_11013,1,0.9325294802304486,1,1
user_11014,0,0.11129448441059307,0,0
user_11015,0,0.052143306291560006,0,0
user_11016,1,0.9228013256956329,1,1
user_11017,0,0.1788319826190981,0,0
user_11018,1,0.2586560803609841,0,0
user_11019,0,0.11170507701362634,0,0
user_11020,0,0.7010372723836994,1,1
user_11021,0,0.16270382515192727,0,0
user_11022,1,0.4695046138706432,0,0
user_11023,0,0.497485010302195,0,0
user_11024,0,0.06704029221652126,0,0
user_11025,0,0.015435775450795546,0,0
user_11026,0,0.07727655484949089,0,0
user_11027,1,0.80523567634068,1,1
user_11028,1,0.6457652778324326,1,1
user_11029,1,0.9774285371425022,1,1
user_11030,0,0.3361618353362932,0,0
user_11031,1,0.47623377564337205,0,0
user_11032,1,0.4469935326933874,0,0
user_11033,1,0.9467167465915128,1,1
user_11034,1,0.9673812024546746,1,1
user_11035,1,0.815751980445757,1,1
user_11036,1,0.7645306583222982,1,1
user_11037,0,0.6373681133105473,1,1
user_11038,0,0.540355434605371,1,1
user_11039,1,0.42543376454295195,0,0
user_11040,0,0.3375791473312871,0,0
user_11041,1,0.5414857612520768,1,1
user_11042,0,0.9372546571955541,1,1
user_11043,0,0.1955368453009403,0,0
user_11044,0,0.4565959455348471,0,1
user_11045,1,0.10719384477629464,0,0
user_11046,1,0.8646587923391875,1,1
user_11047,1,0.8298216290603893,1,1
user_11048,0,0.09403308738467249,0,0
user_11049,1,0.8151049367662581,1,1
user_11050,1,0.5334273341092608,1,0
user_11051,1,0.8344682753451697,1,1
user_11052,1,0.8574199736022765,1,1
user_11053,0,0.5127313924788227,1,1
user_11054,0,0.411384773654705,0,0
user_11055,0,0.09390518693492964,0,0
user_11056,1,0.9858566858721565,1,1
user_11057,0,0.4109948764572369,0,0
user_11058,1,0.387940471051234,0,0
user_11059,1,0.8675534091079883,1,1
user_11060,1,0.9338880565700373,1,1
user_11061,1,0.32924158530292685,0,0
user_11062,0,0.16589159554521216,0,0
user_11063,0,0.04494664776270234,0,0
user_11064,0,0.35336118212934403,0,0
user_11065,1,0.4938912579950486,0,0
user_11066,0,0.4133583134178709,0,0
user_11067,1,0.9628739256449387,1,1
user_11068,1,0.476090685999442,0,0
user_11069,0,0.08885342819839738,0,0
user_11070,1,0.966656425476636,1,1
user_11071,0,0.2927062527551116,0,0
user_11072,0,0.33037464244575515,0,0
user_11073,0,0.046766882585296064,0,0
user_11074,0,0.28945844187121544,0,0
user_11075,0,0.05446676172452893,0,0
user_11076,0,0.18065237549847882,0,0
user_11077,1,0.6334626934141425,1,1
user_11078,1,0.9398019913448923,1,1
user_11079,1,0.7087213977320805,1,1
user_11080,0,0.203282020996662,0,0
user_11081,1,0.9035375516593472,1,1
user_11082,0,0.8291611337119036,1,1
user_11083,0,0.35632562003599966,0,0
user_11084,0,0.2604472008792858,0,0
user_11085,1,0.7352973521348298,1,1
user_11086,1,0.9042622623368364,1,1
user_11087,1,0.9239130107331655,1,1
user_11088,0,0.16302095810250344,0,0
user_11089,1,0.8311231614021733,1,1
user_11090,1,0.967403745022474,1,1
user_11091,0,0.07570457695445482,0,0
user_11092,0,0.09533726912084362,0,0
user_11093,0,0.057247514401910136,0,0
user_11094,0,0.5651204917932761,1,0
user_11095,0,0.022523036530125495,0,0
user_11096,0,0.3155856400772522,0,0
user_11097,1,0.5604737169118232,1,1
user_11098,0,0.540161557241381,1,0
user_11099,0,0.15955148217806842,0,0
user_11100,0,0.3184092701193412,0,0
user_11101,0,0.022217550943942257,0,0
user_11102,1,0.38750878416535345,0,0
user_11103,0,0.25450922025822503,0,0
user_11104,1,0.7045219013173087,1,1
user_11105,1,0.5439453326289008,1,0
user_11106,1,0.7723827128874727,1,1
user_11107,1,0.2190857071222163,0,0
user_11108,1,0.7811354855902248,1,1
user_11109,0,0.08010909867633229,0,0
user_11110,0,0.18880325246387133,0,0
user_11111,0,0.4794675367626516,0,0
user_11112,1,0.7561210613771504,1,1
user_11113,0,0.5469162799550634,1,0
user_11114,0,0.10641502126767383,0,0
user_11115,1,0.6926525705882353,1,0
user_11116,1,0.559920522852256,1,1
user_11117,1,0.5817942535115846,1,1
user_11118,1,0.8285230065796825,1,1
user_11119,0,0.40984389748283667,0,0
user_11120,0,0.07077667292261257,0,0
user_11121,1,0.4563299750472427,0,0
user_11122,0,0.22089332237120635,0,0
user_11123,0,0.7159600337792965,1,1
user_11124,1,0.897282974456755,1,1
user_11125,0,0.7575653125946945,1,1
user_11126,1,0.9685808537572362,1,1
user_11127,1,0.9236908781017052,1,1
user_11128,1,0.9756483569309368,1,1
user_11129,1,0.8996736173708041,1,1
user_11130,1,0.5958859117708067,1,1
user_11131,0,0.17658801975455507,0,0
user_11132,0,0.16427005484787746,0,0
user_11133,0,0.7794961979831019,1,1
user_11134,0,0.33114606019600157,0,0
user_11135,0,0.8028924267893955,1,1
user_11136,0,0.18718884681841796,0,0
user_11137,1,0.8633758072199093,1,1
user_11138,0,0.13713840923878665,0,0
user_11139,0,0.4195188994338093,0,0
user_11140,1,0.9263306133622358,1,1
user_11141,0,0.5533580853976483,1,0
user_11142,1,0.8785472709764162,1,1
user_11143,0,0.07908379094923164,0,0
user_11144,0,0.05443804901418668,0,0
user_11145,1,0.7606306722149814,1,1
user_11146,1,0.3817659312487977,0,1
user_11147,0,0.37938725695237463,0,0
user_11148,1,0.4085119708677895,0,0
user_11149,1,0.9332988573405984,1,1
user_11150,0,0.2029956343346106,0,0
user_11151,0,0.06796661434365973,0,0
user_11152,1,0.6657527564558944,1,0
user_11153,0,0.5635497706876954,1,0
user_11154,0,0.6730555293385972,1,1
user_11155,0,0.2610528930284617,0,0
user_11156,0,0.44351146400562896,0,0
user_11157,0,0.33225723472400437,0,0
user_11158,1,0.8061513597029226,1,1
user_11159,0,0.7688785174671223,1,1
user_11160,0,0.5693730430918218,1,1
user_11161,0,0.10581924756429409,0,0
user_11162,1,0.9292181920694554,1,1
user_11163,0,0.4252610800312232,0,0
user_11164,0,0.4186937041598192,0,0
user_11165,0,0.07149786650010691,0,0
user_11166,0,0.034811226895032084,0,0
user_11167,0,0.21997426516024202,0,0
user_11168,0,0.08854669130833226,0,0
user_11169,0,0.08667834624183675,0,0
user_11170,0,0.1571756491050836,0,0
user_11171,1,0.4062709612027591,0,0
user_11172,0,0.17858087749950666,0,0
user_11173,1,0.5955307838058519,1,1
user_11174,0,0.14684528715503412,0,0
user_11175,0,0.31187971678822823,0,0
user_11176,0,0.29304010252065477,0,0
user_11177,1,0.7387445127897693,1,1
user_11178,1,0.5879280212185014,1,1
user_11179,1,0.4994835213225349,0,0
user_11180,0,0.2119086670310405,0,0
user_11181,0,0.2568912854058039,0,0
user_11182,1,0.4233957753157014,0,0
user_11183,1,0.7606774094233192,1,1
user_11184,0,0.03568421419221286,0,0
user_11185,0,0.2334306896361352,0,0
user_11186,0,0.3485298131114693,0,0
user_11187,0,0.021217287162309362,0,0
user_11188,1,0.880237646267618,1,1
user_11189,1,0.8981253198063118,1,1
user_11190,1,0.931482273069852,1,1
user_11191,0,0.32145137355005926,0,0
user_11192,0,0.34142425755038425,0,0
user_11193,0,0.12515278090071144,0,0
user_11194,1,0.5923842103144945,1,0
user_11195,0,0.7921641507825957,1,1
user_11196,1,0.8364091086302579,1,1
user_11197,0,0.03162690213365903,0,0
user_11198,0,0.20662505162194517,0,0
user_11199,0,0.11973705920762598,0,0
user_11200,0,0.34011270121072595,0,0
user_11201,0,0.38452809501585716,0,0
user_11202,0,0.14926495919706675,0,0
user_11203,1,0.5954441463807981,1,0
user_11204,1,0.9283495924911956,1,1
user_11205,1,0.4255047941683202,0,0
user_11206,1,0.6959190298006394,1,1
user_11207,1,0.5650440510720679,1,1
user_11208,1,0.9251488970657484,1,1
user_11209,0,0.041257378234874874,0,0
user_11210,0,0.014065813305797302,0,0
user_11211,1,0.9294440086707031,1,1
user_11212,0,0.2397893952569796,0,0
user_11213,0,0.17257707557310584,0,0
user_11214,0,0.06891748203796487,0,0
user_11215,1,0.7160197291420697,1,1
user_11216,0,0.06150435710180832,0,0
user_11217,1,0.8950501728866745,1,1
user_11218,1,0.9395363788960815,1,1
user_11219,0,0.7717049505487094,1,1
user_11220,0,0.14363011321364622,0,0
user_11221,0,0.2540372203622096,0,0
user_11222,0,0.025810974152074603,0,0
user_11223,0,0.5864189823062244,1,1
user_11224,1,0.9358835632445399,1,1
user_11225,0,0.08672516092775288,0,0
user_11226,1,0.8113205475786887,1,1
user_11227,1,0.9278848790220156,1,1
user_11228,0,0.06994779468579514,0,0
user_11229,1,0.9607715981014432,1,1
user_11230,1,0.7778355962070168,1,1
user_11231,0,0.5097932432296607,1,0
user_11232,1,0.8742061114152938,1,1
user_11233,0,0.22732604902937997,0,0
user_11234,1,0.4917124522103134,0,0
user_11235,1,0.9830070696210044,1,1
user_11236,0,0.03652586620039572,0,0
user_11237,1,0.45572563052459525,0,0
user_11238,1,0.9497274270357534,1,1
user_11239,1,0.7537971521614554,1,1
user_11240,0,0.36131683974141193,0,0
user_11241,1,0.9430858882449484,1,1
user_11242,1,0.945762828537669,1,1
user_11243,1,0.8706591082541829,1,1
user_11244,0,0.2553599365935537,0,0
user_11245,0,0.48334241792655896,0,0
user_11246,1,0.5135355438144183,1,0
user_11247,0,0.030249115191875973,0,0
user_11248,1,0.9106397781778308,1,1
user_11249,0,0.11423402618412491,0,0
user_11250,0,0.029929155077599117,0,0
user_11251,0,0.5491258407060631,1,0
user_11252,1,0.9327808139650828,1,1
user_11253,1,0.5748557126387175,1,1
user_11254,0,0.01482043337854968,0,0
user_11255,1,0.7836104442550481,1,1
user_11256,0,0.06579033588946444,0,0
user_11257,1,0.8911596203867863,1,1
user_11258,1,0.9602662157834723,1,1
user_11259,1,0.5950556701105079,1,0
user_11260,1,0.9368710878311219,1,1
user_11261,1,0.5361825400147212,1,1
user_11262,1,0.36371866935198016,0,0
user_11263,0,0.40020490951605725,0,0
user_11264,0,0.2583862814424219,0,0
user_11265,0,0.4395563444442621,0,0
user_11266,0,0.1361021548079917,0,0
user_11267,1,0.8424960834995929,1,1
user_11268,1,0.9540027109623448,1,1
user_11269,0,0.13527120076239815,0,0
user_11270,0,0.061803478235553384,0,0
user_11271,0,0.2543197357881216,0,0
user_11272,1,0.9523619296055758,1,1
user_11273,1,0.9614640264709916,1,1
user_11274,0,0.03989890229280258,0,0
user_11275,0,0.04034499165820901,0,0
user_11276,0,0.1603598523507147,0,0
user_11277,1,0.7037200465455584,1,0
user_11278,0,0.21927167260000716,0,0
user_11279,0,0.14211405068370583,0,0
user_11280,1,0.9546472138596858,1,1
user_11281,1,0.6908324556577552,1,0
user_11282,1,0.915642976335446,1,1
user_11283,1,0.6151625465370172,1,0
user_11284,0,0.38401997823429035,0,0
user_11285,0,0.4883151298181541,0,0
user_11286,0,0.12013371828873583,0,0
user_11287,1,0.9672046402144943,1,1
user_11288,0,0.30524763637804603,0,0
user_11289,1,0.8895161983546729,1,1
user_11290,0,0.6212775498146716,1,1
user_11291,0,0.14308558862814588,0,0
user_11292,1,0.8106733015199515,1,1
user_11293,1,0.9157012492586517,1,1
user_11294,1,0.3874510316564505,0,0
user_11295,1,0.16484455036401513,0,0
user_11296,0,0.5631284485008243,1,1
user_11297,1,0.44309788961553864,0,0
user_11298,0,0.23449521507302146,0,0
user_11299,0,0.0615548481249091,0,0
user_11300,0,0.04914020969575763,0,0
user_11301,0,0.2925153976650529,0,0
user_11302,0,0.014738240305400925,0,0
user_11303,1,0.9094248662347169,1,1
user_11304,0,0.4044521414466537,0,0
user_11305,1,0.7412037208282789,1,1
user_11306,1,0.1911658708018354,0,0
user_11307,0,0.03807551477778043,0,0
user_11308,1,0.7302681179179428,1,1
user_11309,1,0.7042540063035961,1,1
user_11310,1,0.9309779511943863,1,1
user_11311,0,0.19609120524319526,0,0
user_11312,1,0.6473221639015109,1,1
user_11313,0,0.05355507849302943,0,0
user_11314,1,0.20478401668678634,0,0
user_11315,0,0.15740860824003755,0,0
user_11316,1,0.9029142196839479,1,1
user_11317,0,0.6051662283247281,1,1
user_11318,0,0.028341095938426413,0,0
user_11319,1,0.7431280138740681,1,1
user_11320,0,0.1644757908157575,0,0
user_11321,0,0.21803381330754845,0,0
user_11322,0,0.5871666040589508,1,1
user_11323,1,0.8090727086171534,1,1
user_11324,0,0.4667430492727923,0,0
user_11325,1,0.9588730196642004,1,1
user_11326,1,0.6231685116693682,1,0
user_11327,1,0.8107274213787374,1,1
user_11328,0,0.5594839139881275,1,1
user_11329,1,0.9075062591092774,1,1
user_11330,1,0.9197532991954652,1,1
user_11331,0,0.684109459518771,1,0
user_11332,1,0.8638313263331312,1,1
user_11333,1,0.9278072878182085,1,1
user_11334,0,0.07428781906640007,0,0
user_11335,0,0.3152344263266277,0,0
user_11336,1,0.7352714762942244,1,1
user_11337,0,0.7060363023210314,1,0
user_11338,1,0.7203464326361018,1,0
user_11339,0,0.07452672381665558,0,0
user_11340,0,0.3680465230036901,0,0
user_11341,0,0.04415495382591087,0,0
user_11342,0,0.0778351901706583,0,0
user_11343,0,0.06882053179530961,0,0
user_11344,0,0.05512987151937752,0,0
user_11345,1,0.9418243413929442,1,1
user_11346,1,0.9459777557309388,1,1
user_11347,1,0.38644510083590133,0,0
user_11348,1,0.7559219909880991,1,1
user_11349,0,0.42275958792241536,0,0
user_11350,0,0.08372191437670864,0,0
user_11351,0,0.4910435026678636,0,0
user_11352,1,0.7941262834720646,1,1
user_11353,0,0.4005720011017072,0,0
user_11354,0,0.8193406154097856,1,1
user_11355,0,0.03540173027147837,0,0
user_11356,0,0.4402895725051883,0,0
user_11357,0,0.10098100419420072,0,0
user_11358,1,0.8653533185316303,1,1
user_11359,1,0.7373622782036784,1,1
user_11360,0,0.2607339671678461,0,0
user_11361,1,0.8410241129005673,1,1
user_11362,0,0.046706860783874135,0,0
user_11363,1,0.4181914463456306,0,0
user_11364,0,0.6970670926960495,1,1
user_11365,1,0.5947418809153535,1,0
user_11366,1,0.7013534261618181,1,1
user_11367,0,0.06653916673280288,0,0
user_11368,1,0.9356194842500765,1,1
user_11369,1,0.8767019623762344,1,1
user_11370,0,0.2704834710428984,0,0
user_11371,1,0.8650628848436341,1,1
user_11372,1,0.6442194289574892,1,1
user_11373,0,0.03446777934103419,0,0
user_11374,0,0.0511738226501856,0,0
user_11375,0,0.09152639267223736,0,0
user_11376,0,0.26032661235212584,0,0
user_11377,0,0.9105587365644112,1,1
user_11378,1,0.6266802434417539,1,0
user_11379,0,0.34730398567472276,0,0
user_11380,1,0.9507259931825959,1,1
user_11381,1,0.9217269505409426,1,1
user_11382,1,0.9588699628573213,1,1
user_11383,1,0.8308763814946808,1,1
user_11384,0,0.07873028957283307,0,0
user_11385,0,0.29004645225005427,0,0
user_11386,0,0.6614290124391901,1,1
user_11387,1,0.3274430843576511,0,0
user_11388,0,0.7591866109322761,1,1
user_11389,0,0.3046145546842265,0,0
user_11390,1,0.8359563461632237,1,1
user_11391,0,0.5791684316403011,1,0
user_11392,0,0.5902081170925209,1,0
user_11393,1,0.36796829016827515,0,0
user_11394,1,0.3460252946854767,0,0
user_11395,1,0.18882453247526557,0,0
user_11396,1,0.7929511074940974,1,1
user_11397,1,0.7152790648256224,1,0
user_11398,0,0.16833399841789423,0,0
user_11399,0,0.35570806162375096,0,0
user_11400,1,0.5478604863216727,1,1
user_11401,0,0.02736452364098251,0,0
user_11402,1,0.5796162432056983,1,0
user_11403,0,0.1795361508241563,0,0
user_11404,1,0.8855146303421529,1,1
user_11405,1,0.6121078104915586,1,1
user_11406,0,0.06228512301961555,0,0
user_11407,1,0.6533100826053955,1,0
user_11408,0,0.5026358127279584,1,0
user_11409,1,0.9810190323332942,1,1
user_11410,1,0.9582727549361583,1,1
user_11411,0,0.08504649745619608,0,0
user_11412,0,0.4093052845431716,0,0
user_11413,1,0.902966324410036,1,1
user_11414,0,0.03477968529791497,0,0
user_11415,0,0.8309114083598739,1,1
user_11416,1,0.9731190437555536,1,1
user_11417,1,0.9519635373931341,1,1
user_11418,1,0.9103514246221247,1,1
user_11419,0,0.11003613343430053,0,0
user_11420,1,0.8341187101967923,1,1
user_11421,0,0.5987114912048105,1,1
user_11422,1,0.30993623318905844,0,0
user_11423,1,0.9647928978570766,1,1
user_11424,0,0.16677404530610732,0,0
user_11425,1,0.9311216588573072,1,1
user_11426,0,0.07744884060756675,0,0
user_11427,1,0.7568822293800882,1,1
user_11428,0,0.03653156148471871,0,0
user_11429,0,0.3833008937194089,0,0
user_11430,0,0.4147336439377419,0,0
user_11431,0,0.3136225672024549,0,0
user_11432,1,0.9445314540961495,1,1
user_11433,0,0.8672431247436517,1,1
user_11434,1,0.9258480805797394,1,1
user_11435,0,0.11506692563461303,0,0
user_11436,0,0.11710332736624875,0,0
user_11437,0,0.6393641097223414,1,1
user_11438,0,0.13073630418704782,0,0
user_11439,1,0.9358282627518647,1,1
user_11440,0,0.16126375451449104,0,0
user_11441,1,0.9279878054367215,1,1
user_11442,1,0.9836970228732805,1,1
user_11443,1,0.9341642213332185,1,1
user_11444,0,0.3441952343635883,0,0
user_11445,0,0.36969393367233694,0,0
user_11446,0,0.23268148348979717,0,0
user_11447,0,0.6216064188462433,1,0
user_11448,0,0.06288017801475075,0,0
user_11449,1,0.878328810115348,1,1
user_11450,1,0.46884663761120443,0,0
user_11451,0,0.3514676987883672,0,0
user_11452,0,0.31244653463893535,0,0
user_11453,1,0.6803133515039673,1,1
user_11454,0,0.5726442132872033,1,0
user_11455,0,0.06302432689139209,0,0
user_11456,0,0.016788412301531334,0,0
user_11457,1,0.7246759259882103,1,1
user_11458,0,0.01551925725920566,0,0
user_11459,0,0.2557241096675013,0,0
user_11460,0,0.1314807331358724,0,0
user_11461,0,0.08701088238381859,0,0
user_11462,0,0.060132864532540374,0,0
user_11463,0,0.06962986235242728,0,0
user_11464,0,0.5762895830030862,1,1
user_11465,0,0.13960069376836443,0,0
user_11466,0,0.7143217912055181,1,1
user_11467,0,0.022442533594690183,0,0
user_11468,0,0.04801478280897787,0,0
user_11469,1,0.8219485718172389,1,1
user_11470,1,0.7975781360256242,1,1
user_11471,1,0.7097522201173895,1,1
user_11472,0,0.26243720524639513,0,0
user_11473,0,0.06864648265447082,0,0
user_11474,1,0.8987822725915343,1,1
user_11475,0,0.2028144832590828,0,0
user_11476,1,0.9555457611857808,1,1
user_11477,0,0.06543513636880582,0,0
user_11478,0,0.28462362268730335,0,0
user_11479,0,0.4861695163714057,0,1
user_11480,0,0.05952092981304288,0,0
user_11481,1,0.6082200640367551,1,1
user_11482,1,0.9040281837798974,1,1
user_11483,1,0.8553653548182891,1,1
user_11484,0,0.5884813811395666,1,0
user_11485,1,0.8830110878124376,1,1
user_11486,1,0.8018917955593533,1,1
user_11487,1,0.4779363479927946,0,0
user_11488,1,0.7779740124788841,1,1
user_11489,0,0.3743071032163395,0,0
user_11490,0,0.07017362396009433,0,0
user_11491,1,0.7920692734564486,1,1
user_11492,1,0.9669081645289865,1,1
user_11493,0,0.03977332092476387,0,0
user_11494,1,0.8277317094831095,1,1
user_11495,1,0.9129822372491057,1,1
user_11496,1,0.9334000344600532,1,1
user_11497,0,0.17658609567432013,0,0
user_11498,1,0.9445165035100058,1,1
user_11499,1,0.4858652965581618,0,0
user_11500,0,0.06814130999148386,0,0
user_11501,1,0.30004362234060555,0,0
user_11502,1,0.7508860552148748,1,1
user_11503,1,0.907828373965155,1,1
user_11504,1,0.5499317544703752,1,0
user_11505,0,0.027170184677552806,0,0
user_11506,1,0.9347323795041181,1,1
user_11507,0,0.11417499427874254,0,0
user_11508,1,0.9463697943821122,1,1
user_11509,1,0.944289041199668,1,1
user_11510,0,0.558754236908525,1,1
user_11511,1,0.9719772316972869,1,1
user_11512,1,0.9428784133503256,1,1
user_11513,0,0.20043553712780932,0,0
user_11514,0,0.09172677072872268,0,0
user_11515,0,0.06266097740333684,0,0
user_11516,0,0.10210854814906041,0,0
user_11517,1,0.9111894286284189,1,1
user_11518,0,0.29593931501489623,0,0
user_11519,0,0.0729660593233831,0,0
user_11520,0,0.14978882842207636,0,0
user_11521,1,0.9183693764338671,1,1
user_11522,0,0.6544654723377367,1,0
user_11523,0,0.11832761243832919,0,0
user_11524,0,0.029060634594553145,0,0
user_11525,1,0.8954445197873584,1,1
user_11526,0,0.33064596435036075,0,0
user_11527,0,0.1905593100219567,0,0
user_11528,0,0.37692802259177166,0,0
user_11529,1,0.9464246055904548,1,1
user_11530,0,0.2804880153194925,0,0
user_11531,0,0.2149834950490246,0,0
user_11532,1,0.7231378392852204,1,1
user_11533,1,0.7849199548244116,1,1
user_11534,1,0.846091652505743,1,1
user_11535,0,0.03664315579069735,0,0
user_11536,1,0.799139848886562,1,0
user_11537,0,0.048740915104015195,0,0
user_11538,0,0.07277280383854368,0,0
user_11539,0,0.08936038487983247,0,0
user_11540,0,0.148308590855599,0,0
user_11541,1,0.7394982822946662,1,1
user_11542,1,0.7028082085237721,1,0
user_11543,1,0.8668923815569227,1,1
user_11544,1,0.9647815067860929,1,1
user_11545,1,0.7120118738982832,1,0
user_11546,0,0.5716561959053348,1,1
user_11547,0,0.12628044261360824,0,0
user_11548,1,0.8783305389878122,1,1
user_11549,0,0.08342141673618174,0,0
user_11550,1,0.6632584761125543,1,1
user_11551,0,0.69844352743881,1,1
user_11552,1,0.9223467837499076,1,1
user_11553,0,0.10973950802140564,0,0
user_11554,0,0.06388749128927819,0,0
user_11555,1,0.7581683978356518,1,1
user_11556,1,0.7179411538584256,1,0
user_11557,1,0.7200771827707443,1,1
user_11558,1,0.9018810099792112,1,1
user_11559,0,0.02707284526238477,0,0
user_11560,0,0.5754783965530259,1,0
user_11561,0,0.2365464369308709,0,0
user_11562,1,0.4733235238619876,0,0
user_11563,0,0.40683200955146526,0,1
user_11564,0,0.2637312313216735,0,0
user_11565,0,0.047058416420485485,0,0
user_11566,1,0.7234357019971913,1,1
user_11567,0,0.4791145284594532,0,0
user_11568,0,0.022400700005267955,0,0
user_11569,1,0.7290671209977446,1,1
user_11570,0,0.06975363701443651,0,0
user_11571,1,0.6411840732608566,1,1
user_11572,1,0.7451221977399676,1,1
user_11573,1,0.649638956024595,1,1
user_11574,1,0.6505533527755119,1,1
user_11575,0,0.4953157822757886,0,0
user_11576,1,0.43023469713429674,0,0
user_11577,0,0.5888976150932467,1,1
user_11578,0,0.2770618798664084,0,0
user_11579,0,0.07174371471633033,0,0
user_11580,0,0.5812142566098276,1,1
user_11581,1,0.9308244222075788,1,1
user_11582,0,0.10192028606454813,0,0
user_11583,0,0.2770887972662624,0,0
user_11584,1,0.974367652660902,1,1
user_11585,0,0.1707861658612212,0,0
user_11586,1,0.8996191834808674,1,1
user_11587,1,0.896742074148565,1,1
user_11588,1,0.7204583678008456,1,1
user_11589,1,0.9420726931339438,1,1
user_11590,1,0.8276409601930172,1,1
user_11591,0,0.021150740078738007,0,0
user_11592,1,0.7053074400286923,1,1
user_11593,1,0.8573566489507196,1,1
user_11594,0,0.17293523826621515,0,0
user_11595,0,0.545216779890151,1,0
user_11596,1,0.786236725000141,1,1
user_11597,1,0.9042584241002972,1,1
user_11598,0,0.32619691092925174,0,0
user_11599,0,0.22588181945694516,0,0
user_11600,1,0.9432647037700118,1,1
user_11601,0,0.5618823198838284,1,1
user_11602,1,0.8099138242993033,1,1
user_11603,1,0.41699110948038115,0,0
user_11604,0,0.22357780463664018,0,0
user_11605,1,0.6872285129854874,1,1
user_11606,1,0.6934014833324873,1,1
user_11607,0,0.04743460126531504,0,0
user_11608,1,0.8123753069039183,1,1
user_11609,0,0.2536914000628834,0,0
user_11610,0,0.1748099043235642,0,0
user_11611,1,0.9318529497114671,1,1
user_11612,0,0.30459056771008763,0,0
user_11613,0,0.037239605961499306,0,0
user_11614,0,0.18170721090667363,0,0
user_11615,1,0.7350206378047812,1,1
user_11616,0,0.23647973048077128,0,0
user_11617,1,0.3330788886220385,0,0
user_11618,1,0.6661138267816392,1,1
user_11619,1,0.9115013364217246,1,1
user_11620,0,0.5338868478002095,1,1
user_11621,0,0.5807873050460981,1,1
user_11622,0,0.2528936775174722,0,0
user_11623,0,0.10767937468051332,0,0
user_11624,0,0.4609240387088126,0,0
user_11625,0,0.018817345110138422,0,0
user_11626,0,0.3806826505715477,0,0
user_11627,0,0.4297498079001157,0,0
user_11628,1,0.9684623534672901,1,1
user_11629,1,0.39728770795241425,0,0
user_11630,0,0.41835367790705724,0,0
user_11631,0,0.20322526352471093,0,0
user_11632,1,0.8596972217715031,1,1
user_11633,0,0.18869663263388733,0,0
user_11634,1,0.9563662787376577,1,1
user_11635,0,0.4617125886928133,0,0
user_11636,0,0.12613986789840023,0,0
user_11637,0,0.3478663620716903,0,0
user_11638,0,0.393748315648701,0,0
user_11639,1,0.9529536191373539,1,1
user_11640,0,0.3176270175967181,0,0
user_11641,1,0.565291452309145,1,0
user_11642,0,0.034482157108739434,0,0
user_11643,0,0.0400273448745309,0,0
user_11644,1,0.5424027661455003,1,0
user_11645,1,0.9685522133213872,1,1
user_11646,1,0.3939279663402704,0,0
user_11647,1,0.7587787014360271,1,1
user_11648,1,0.813063994726479,1,1
user_11649,0,0.3346906063340908,0,0
user_11650,1,0.4834704341010376,0,0
user_11651,0,0.23245807105544739,0,0
user_11652,1,0.8520850786773515,1,1
user_11653,0,0.6725511461540573,1,1
user_11654,0,0.1092098668508486,0,0
user_11655,0,0.15024195864664006,0,0
user_11656,1,0.696769246802148,1,1
user_11657,1,0.8759339294780553,1,1
user_11658,0,0.629022650551829,1,1
user_11659,0,0.34193498575088727,0,0
user_11660,1,0.7972119927085082,1,1
user_11661,1,0.8137726268690808,1,1
user_11662,1,0.8831906268255121,1,1
user_11663,0,0.21727189186514043,0,0
user_11664,0,0.2515361148170701,0,0
user_11665,1,0.8200157728154577,1,1
user_11666,1,0.44771458608009157,0,0
user_11667,1,0.4858609241785783,0,0
user_11668,1,0.9314958361304042,1,1
user_11669,0,0.8078511923390085,1,1
user_11670,0,0.1620529979512573,0,0
user_11671,0,0.02710645492307271,0,0
user_11672,0,0.38097727433529743,0,0
user_11673,0,0.09492879650087671,0,0
user_11674,0,0.04096287236039889,0,0
user_11675,1,0.9169020262350559,1,1
user_11676,0,0.14129487093623783,0,0
user_11677,1,0.4010828859975965,0,0
user_11678,1,0.6146594429484618,1,1
user_11679,1,0.8924621415034107,1,1
user_11680,0,0.2435299222196105,0,0
user_11681,1,0.8507558449096045,1,1
user_11682,1,0.7146815656756953,1,1
user_11683,1,0.6002641968580325,1,1
user_11684,0,0.12531042139826848,0,0
user_11685,1,0.8243069890858771,1,1
user_11686,0,0.2685723647486374,0,0
user_11687,1,0.598283508756346,1,1
user_11688,0,0.964052884976186,1,1
user_11689,0,0.2901924122149316,0,0
user_11690,1,0.5060475351269498,1,0
user_11691,1,0.3761815532693976,0,0
user_11692,0,0.29519782986736043,0,0
user_11693,0,0.059840670787710076,0,0
user_11694,0,0.27981032920258425,0,0
user_11695,1,0.7456897677998039,1,1
user_11696,1,0.8690072607944728,1,1
user_11697,1,0.9090426074223517,1,1
user_11698,0,0.16263594645482157,0,0
user_11699,1,0.5095401700344137,1,0
user_11700,0,0.47422441354860256,0,0
user_11701,0,0.6591012224626015,1,0
user_11702,1,0.7595793279761955,1,1
user_11703,1,0.5174850596036993,1,1
user_11704,0,0.3303729361106564,0,0
user_11705,1,0.4534810882754573,0,0
user_11706,0,0.6008732046010717,1,1
user_11707,0,0.219628216073046,0,0
user_11708,0,0.7741668726918899,1,1
user_11709,1,0.6876113629244902,1,1
user_11710,1,0.9507594087566859,1,1
user_11711,1,0.9679494162413136,1,1
user_11712,1,0.8981799947728814,1,1
user_11713,1,0.8405379788080509,1,1
user_11714,0,0.15608623782619857,0,0
user_11715,0,0.3148525962132553,0,0
user_11716,1,0.9031696492526,1,1
user_11717,1,0.8295241567756282,1,1
user_11718,0,0.06572610667978765,0,0
user_11719,0,0.340967081247396,0,0
user_11720,1,0.8398238394228422,1,1
user_11721,0,0.07445621530485601,0,0
user_11722,0,0.21902189667839334,0,0
user_11723,0,0.05895246840306532,0,0
user_11724,1,0.9310005565063327,1,1
user_11725,0,0.16409746387548724,0,0
user_11726,1,0.8552865660267545,1,1
user_11727,1,0.6835166389271714,1,1
user_11728,0,0.2638069332068009,0,0
user_11729,0,0.022088937656063963,0,0
user_11730,0,0.178324420921576,0,0
user_11731,1,0.47004650210041243,0,1
user_11732,1,0.8882217403173356,1,1
user_11733,0,0.32807104559913763,0,0
user_11734,0,0.08838949652832667,0,0
user_11735,0,0.3432420497419192,0,1
user_11736,0,0.09532200856436346,0,0
user_11737,1,0.9401467084806455,1,1
user_11738,1,0.29874014065991666,0,0
user_11739,0,0.058567853940262156,0,0
user_11740,1,0.7489274529888444,1,1
user_11741,0,0.15636065421561823,0,0
user_11742,0,0.36103358209105957,0,0
user_11743,0,0.17234888905494353,0,0
user_11744,1,0.8326738740971075,1,1
user_11745,0,0.1533790127325993,0,0
user_11746,1,0.9172202420160833,1,1
user_11747,1,0.4218678885182978,0,0
user_11748,0,0.3587416630694387,0,0
user_11749,1,0.9265890073484682,1,1
user_11750,1,0.7487032507308604,1,1
user_11751,0,0.07638930236343879,0,0
user_11752,1,0.7801148019360021,1,1
user_11753,0,0.0971782424163154,0,0
user_11754,0,0.0871307684891116,0,0
user_11755,0,0.5669924788539107,1,0
user_11756,0,0.013772246763272667,0,0
user_11757,0,0.5424470602052421,1,1
user_11758,0,0.061166131192281495,0,0
user_11759,0,0.5529325159760979,1,0
user_11760,0,0.1737678549235776,0,0
user_11761,0,0.41742332062807125,0,0
user_11762,0,0.01799510502693427,0,0
user_11763,1,0.8670595980878225,1,1
user_11764,1,0.9703970051664487,1,1
user_11765,0,0.3505953013666231,0,0
user_11766,0,0.11759064005817588,0,0
user_11767,1,0.9165077797499547,1,1
user_11768,0,0.031003062767854434,0,0
user_11769,1,0.6020109180519585,1,1
user_11770,1,0.8311621603136555,1,1
user_11771,0,0.11492659679552425,0,0
user_11772,1,0.4733273318494592,0,0
user_11773,1,0.9107914162831952,1,1
user_11774,0,0.5884215824391228,1,0
user_11775,0,0.16269665668747443,0,0
user_11776,0,0.024339497742860886,0,0
user_11777,0,0.30971749066608595,0,0
user_11778,1,0.8504839655393702,1,1
user_11779,0,0.11037433675375456,0,0
user_11780,0,0.0758842649910526,0,0
user_11781,0,0.22966773989188374,0,0
user_11782,1,0.7549596011038672,1,0
user_11783,0,0.6119054079410658,1,0
user_11784,1,0.7699503728959056,1,1
user_11785,1,0.884472534504857,1,1
user_11786,0,0.18701861151710344,0,0
user_11787,0,0.40102196118562167,0,0
user_11788,1,0.8672386871928264,1,1
user_11789,0,0.3060615198808194,0,0
user_11790,1,0.877861762376105,1,1
user_11791,1,0.8017726969090503,1,1
user_11792,0,0.14393099544648533,0,0
user_11793,1,0.8756369621776238,1,1
user_11794,1,0.8802453559429279,1,1
user_11795,0,0.30946441139873265,0,0
user_11796,0,0.12269161805934656,0,0
user_11797,1,0.464031421593625,0,1
user_11798,0,0.2598091960560084,0,0
user_11799,1,0.7719955953886963,1,1
user_11800,0,0.03456732377221082,0,0
user_11801,1,0.15573500783983188,0,0
user_11802,1,0.10595403230723718,0,0
user_11803,1,0.8452566347342679,1,1
user_11804,1,0.9440900072179162,1,1
user_11805,1,0.5765286159695338,1,0
user_11806,0,0.3526686114831405,0,0
user_11807,0,0.3000968428525347,0,0
user_11808,0,0.4799037372367488,0,1
user_11809,1,0.8159976103842571,1,1
user_11810,1,0.9459317997184687,1,1
user_11811,1,0.9671860984811556,1,1
user_11812,0,0.36998804354883713,0,0
user_11813,0,0.050465505627454825,0,0
user_11814,0,0.08844454198102435,0,0
user_11815,0,0.16764037729253015,0,0
user_11816,1,0.6454864553006092,1,1
user_11817,0,0.024288584191095718,0,0
user_11818,1,0.9272331227572427,1,1
user_11819,0,0.18745955259357322,0,0
user_11820,1,0.41468189333244915,0,0
user_11821,1,0.5848398872287459,1,1
user_11822,0,0.3016560902539094,0,0
user_11823,1,0.8806161071238541,1,1
user_11824,1,0.9556581357807903,1,1
user_11825,1,0.8369752858450781,1,1
user_11826,0,0.10634872256792498,0,0
user_11827,1,0.9188318345801757,1,1
user_11828,1,0.8520662809487958,1,1
user_11829,1,0.9603372660701024,1,1
user_11830,0,0.32786306520996916,0,0
user_11831,1,0.314699936409261,0,0
user_11832,0,0.6209580157723726,1,0
user_11833,1,0.4875276790249625,0,0
user_11834,0,0.29662948547503143,0,0
user_11835,0,0.6108694131834748,1,0
user_11836,0,0.17388039573279251,0,0
user_11837,0,0.09604879741210072,0,0
user_11838,0,0.3919166820038455,0,0
user_11839,1,0.6503019702933406,1,0
user_11840,0,0.7313237276093407,1,0
user_11841,0,0.2129982143957383,0,0
user_11842,0,0.025987835116447165,0,0
user_11843,0,0.31186976395138266,0,0
user_11844,1,0.12584407219138405,0,0
user_11845,0,0.08479493494517319,0,0
user_11846,0,0.34124036790625706,0,0
user_11847,0,0.01841209924457999,0,0
user_11848,0,0.08407680147818186,0,0
user_11849,0,0.8516749173348062,1,1
user_11850,0,0.12039241335179873,0,0
user_11851,0,0.12317275746682725,0,0
user_11852,1,0.3829218793476429,0,0
user_11853,0,0.8021553352559668,1,1
user_11854,1,0.9222655059723379,1,1
user_11855,1,0.9710901851585584,1,1
user_11856,0,0.2887516128499542,0,0
user_11857,0,0.20988707917969934,0,0
user_11858,0,0.17909362668711673,0,0
user_11859,0,0.10732873971361011,0,0
user_11860,1,0.9600579963970938,1,1
user_11861,1,0.8359868516102121,1,1
user_11862,0,0.5165522469642742,1,0
user_11863,0,0.3223521071930474,0,0
user_11864,0,0.40660080265435433,0,0
user_11865,0,0.8309910455321265,1,1
user_11866,1,0.9260845233653842,1,1
user_11867,0,0.5788092726512634,1,0
user_11868,0,0.14687358482133586,0,0
user_11869,0,0.09720388609905946,0,0
user_11870,0,0.3030615852817173,0,0
user_11871,1,0.9075258665121801,1,1
user_11872,0,0.08805275054523345,0,0
user_11873,1,0.42316465640374507,0,0
user_11874,1,0.940608997657961,1,1
user_11875,0,0.02282183994818241,0,0
user_11876,0,0.4682264124603488,0,1
user_11877,0,0.20197256097759464,0,0
user_11878,0,0.3145003855082637,0,0
user_11879,0,0.7737868671850499,1,1
user_11880,0,0.11247795133718057,0,0
user_11881,1,0.9557768940664347,1,1
user_11882,0,0.05586934887896773,0,0
user_11883,0,0.0389014635881326,0,0
user_11884,0,0.6179363038971469,1,1
user_11885,1,0.5379818886531531,1,0
user_11886,1,0.574054936613726,1,0
user_11887,1,0.5909294725266537,1,1
user_11888,1,0.7031127053780405,1,1
user_11889,0,0.04358709458951728,0,0
user_11890,0,0.26848771428226037,0,0
user_11891,0,0.008738013430416941,0,0
user_11892,1,0.927449419095553,1,1
user_11893,0,0.1311356206275799,0,0
user_11894,0,0.08332629300705638,0,0
user_11895,0,0.42598607567781266,0,0
user_11896,1,0.7738120568944602,1,0
user_11897,1,0.9399550383784878,1,1
user_11898,0,0.37424067124359994,0,0
user_11899,0,0.10757544696098918,0,0
user_11900,0,0.19036768551397615,0,0
user_11901,0,0.284132198328602,0,0
user_11902,0,0.05829142183893442,0,0
user_11903,0,0.0904800021941665,0,0
user_11904,1,0.3737809557017428,0,0
user_11905,0,0.22890437682301643,0,0
user_11906,0,0.13007252674524397,0,0
user_11907,0,0.21287331637925994,0,0
user_11908,0,0.16177764483464313,0,0
user_11909,0,0.051049848568191336,0,0
user_11910,0,0.255977860041791,0,0
user_11911,0,0.05251637510730443,0,0
user_11912,1,0.6582425820178998,1,1
user_11913,0,0.20710389374207255,0,0
user_11914,1,0.9209240973612987,1,1
user_11915,1,0.5903483299044665,1,1
user_11916,1,0.7994259803366597,1,1
user_11917,0,0.1391026792024246,0,0
user_11918,1,0.9541253352134148,1,1
user_11919,0,0.07926104550217052,0,0
user_11920,1,0.9288698733613207,1,1
user_11921,0,0.3799122886532088,0,0
user_11922,0,0.14071500778552404,0,0
user_11923,1,0.859951625200204,1,1
user_11924,0,0.14926084769071807,0,0
user_11925,1,0.7928457125846056,1,1
user_11926,1,0.7356506850623502,1,1
user_11927,1,0.9506265130246265,1,1
user_11928,0,0.02398422830572672,0,0
user_11929,1,0.7818076134406744,1,1
user_11930,1,0.6722110853556151,1,1
user_11931,1,0.4906571660656404,0,0
user_11932,1,0.8174541219470588,1,1
user_11933,1,0.646209323974278,1,1
user_11934,0,0.14242653222048166,0,0
user_11935,1,0.9428406541407536,1,1
user_11936,1,0.902695109623528,1,1
user_11937,0,0.14820053730835037,0,0
user_11938,0,0.284827398195187,0,0
user_11939,0,0.04037949226336731,0,0
user_11940,1,0.848614007949179,1,1
user_11941,0,0.4278038537849386,0,1
user_11942,0,0.19216914313155273,0,0
user_11943,0,0.30961722604581565,0,0
user_11944,1,0.6097741417918395,1,1
user_11945,0,0.07381982983509791,0,0
user_11946,1,0.7266912930133307,1,0
user_11947,1,0.8680781849456652,1,1
user_11948,1,0.8523443777463775,1,1
user_11949,1,0.28439506980086277,0,0
user_11950,1,0.9462208897013983,1,1
user_11951,1,0.7214455967605115,1,1
user_11952,0,0.03280804107780564,0,0
user_11953,1,0.3116342082725817,0,0
user_11954,1,0.38866250669587854,0,0
user_11955,0,0.2213991195285482,0,0
user_11956,1,0.3833095162257213,0,0
user_11957,0,0.15324260070931092,0,0
user_11958,1,0.9539622425727771,1,1
user_11959,0,0.3479476432118598,0,0
user_11960,0,0.672785746255641,1,1
user_11961,0,0.013504563644153809,0,0
user_11962,1,0.9312076524475797,1,1
user_11963,0,0.11477254041109364,0,0
user_11964,0,0.03538565403832516,0,0
user_11965,0,0.7809100269218783,1,1
user_11966,0,0.1515829934033845,0,0
user_11967,0,0.2007098103436976,0,0
user_11968,0,0.023409164466952338,0,0
user_11969,0,0.7655875920123446,1,1
user_11970,1,0.9814715690579976,1,1
user_11971,0,0.13736565977491166,0,0
user_11972,1,0.6170765420980774,1,1
user_11973,1,0.5304368748983103,1,0
user_11974,0,0.3096145752702253,0,0
user_11975,1,0.9567508558035517,1,1
user_11976,0,0.5858752063140917,1,0
user_11977,0,0.5387504998725849,1,1
user_11978,0,0.4872855325675472,0,0
user_11979,0,0.37465126971987583,0,0
user_11980,1,0.5224557629489811,1,0
user_11981,1,0.8989229044825426,1,1
user_11982,1,0.6789336914619885,1,1
user_11983,0,0.04781431404369758,0,0
user_11984,1,0.83877371363197,1,1
user_11985,0,0.3759096395898777,0,1
user_11986,1,0.20905741192114696,0,0
user_11987,1,0.8018636292420747,1,1
user_11988,1,0.8747321233598723,1,1
user_11989,0,0.6326187825515006,1,1
user_11990,0,0.5631231796011886,1,0
user_11991,1,0.3536471699943641,0,0
user_11992,1,0.6830593021727767,1,0
user_11993,1,0.8615357233708492,1,1
user_11994,0,0.6186950253362281,1,1
user_11995,1,0.7315415461813581,1,1
user_11996,0,0.04010901337843322,0,0
user_11997,1,0.7178396197066879,1,1
user_11998,0,0.08614016548923577,0,0
user_11999,0,0.3017490402855896,0,0
user_12000,1,0.8326935716684797,1,1
user_12001,0,0.2860905071877522,0,0
user_12002,0,0.00804317178562342,0,0
user_12003,1,0.6455896983338428,1,1
user_12004,0,0.5090710035849965,1,0
user_12005,0,0.22527063204883252,0,0
user_12006,1,0.8982075859896084,1,1
user_12007,1,0.6076032798936686,1,1
user_12008,1,0.8900507287941543,1,1
user_12009,0,0.5021443309729696,1,0
user_12010,1,0.6031385873600217,1,0
user_12011,1,0.8205888841050718,1,1
user_12012,1,0.9553083922398254,1,1
user_12013,1,0.8671825837820184,1,1
user_12014,1,0.8462305664187023,1,1
user_12015,1,0.44324360862581774,0,0
user_12016,0,0.588197331076238,1,0
user_12017,1,0.5508569141203966,1,1
user_12018,1,0.9211314954910267,1,1
user_12019,1,0.41551132616794684,0,0
user_12020,1,0.46425475500283814,0,0
user_12021,1,0.2840702308380752,0,0
user_12022,0,0.1782770481918108,0,0
user_12023,1,0.8341420885736587,1,1
user_12024,1,0.9738171795111727,1,1
user_12025,0,0.5586613498177251,1,1
user_12026,0,0.6228907853871115,1,0
user_12027,0,0.2312510547004382,0,0
user_12028,0,0.049534838144071155,0,0
user_12029,0,0.049712883323324304,0,0
user_12030,0,0.49631720734057316,0,0
user_12031,1,0.9660441022247874,1,1
user_12032,0,0.39149611512032045,0,0
user_12033,0,0.12681488605609856,0,0
user_12034,0,0.6546032514398529,1,1
user_12035,0,0.20320595501064084,0,0
user_12036,0,0.2206471254647551,0,0
user_12037,0,0.05135132056223504,0,0
user_12038,1,0.7991622249987578,1,1
user_12039,1,0.515878724266853,1,0
user_12040,0,0.6514675809943526,1,1
user_12041,0,0.059298407296020345,0,0
user_12042,0,0.07067430389896126,0,0
user_12043,1,0.5070500048354551,1,0
user_12044,0,0.06309538545058267,0,0
user_12045,1,0.24751579631085532,0,0
user_12046,0,0.6707187880904547,1,0
user_12047,0,0.32115793250102204,0,0
user_12048,0,0.0468372501114274,0,0
user_12049,1,0.8660035235850503,1,1
user_12050,1,0.7475633385116933,1,1
user_12051,0,0.046728803109792924,0,0
user_12052,0,0.174602653835381,0,0
user_12053,0,0.04926399787967213,0,0
user_12054,1,0.4637965031914243,0,0
user_12055,0,0.06679921571325714,0,0
user_12056,0,0.019373838945595464,0,0
user_12057,1,0.7165936947247571,1,1
user_12058,0,0.17763899731334032,0,0
user_12059,1,0.838385918602352,1,1
user_12060,0,0.35385888412679267,0,0
user_12061,0,0.25413754529721266,0,0
user_12062,0,0.18649047750149964,0,0
user_12063,0,0.27560797022896266,0,0
user_12064,0,0.10003310077713332,0,0
user_12065,0,0.05039343877147628,0,0
user_12066,1,0.7659519565199899,1,1
user_12067,0,0.19468845563658782,0,0
user_12068,1,0.44716945902545197,0,0
user_12069,0,0.619169580426274,1,1
user_12070,1,0.9370823371129353,1,1
user_12071,1,0.7994349682990931,1,1
user_12072,1,0.966376094314773,1,1
user_12073,1,0.3796827623812617,0,0
user_12074,0,0.042706785077832106,0,0
user_12075,1,0.248584999097333,0,0
user_12076,0,0.34311847737634715,0,0
user_12077,0,0.04571415363929331,0,0
user_12078,1,0.8999236463917102,1,1
user_12079,1,0.9156029625618182,1,1
user_12080,1,0.9408413892441829,1,1
user_12081,0,0.08825809996739806,0,0
user_12082,0,0.22269900615972293,0,0
user_12083,0,0.025390206140023235,0,0
user_12084,1,0.2047931816871489,0,0
user_12085,0,0.08313272214337616,0,0
user_12086,1,0.9140376614143875,1,1
user_12087,1,0.8072217032600564,1,1
user_12088,0,0.0546024127121787,0,0
user_12089,0,0.3284493142353853,0,0
user_12090,1,0.6870216902343812,1,0
user_12091,1,0.9254525448177929,1,1
user_12092,0,0.022304907594438404,0,0
user_12093,0,0.7454900747637446,1,1
user_12094,1,0.38108387520452214,0,0
user_12095,0,0.45498620440549803,0,1
user_12096,1,0.8835453976681797,1,1
user_12097,0,0.23148553120435617,0,0
user_12098,0,0.40150280273053773,0,0
user_12099,0,0.044421315019364215,0,0
user_12100,0,0.5280059449599273,1,1
user_12101,0,0.4563261589218989,0,0
user_12102,0,0.089522419920562,0,0
user_12103,1,0.929228254442876,1,1
user_12104,1,0.8336475605607061,1,1
user_12105,1,0.9156479555171383,1,1
user_12106,0,0.17020351126635766,0,0
user_12107,0,0.03148645379044674,0,0
user_12108,0,0.11289107860760791,0,0
user_12109,0,0.09694539685335284,0,0
user_12110,1,0.967766571771985,1,1
user_12111,1,0.9807723798493568,1,1
user_12112,0,0.08821431256242074,0,0
user_12113,0,0.08256844912982318,0,0
user_12114,0,0.06373268148549811,0,0
user_12115,0,0.07824277803670916,0,0
user_12116,1,0.9324691561851055,1,1
user_12117,1,0.9610689140118864,1,1
user_12118,0,0.04120838827421695,0,0
user_12119,1,0.442514674108852,0,0
user_12120,0,0.036645248334935376,0,0
user_12121,1,0.8300398800218453,1,1
user_12122,0,0.5843694312827695,1,0
user_12123,1,0.47898778895643923,0,0
user_12124,1,0.890961176585375,1,1
user_12125,1,0.9275893066122639,1,1
user_12126,1,0.8656334266351725,1,1
user_12127,0,0.11497424458734566,0,0
user_12128,0,0.20360385284097704,0,0
user_12129,1,0.585598181307765,1,1
user_12130,0,0.18709990767740428,0,0
user_12131,1,0.5719865264292749,1,1
user_12132,1,0.5520675201539644,1,1
user_12133,1,0.9473008710812917,1,1
user_12134,0,0.2136997643300379,0,0
user_12135,1,0.8580044313772055,1,1
user_12136,1,0.9349376720383257,1,1
user_12137,1,0.7601461858396449,1,1
user_12138,0,0.13779240171961546,0,0
user_12139,0,0.044428716936892765,0,0
user_12140,1,0.9796353272878471,1,1
user_12141,1,0.48053279264625187,0,0
user_12142,0,0.07986130498426225,0,0
user_12143,1,0.5752725849806613,1,1
user_12144,0,0.18631889441992977,0,0
user_12145,1,0.39869406992553685,0,0
user_12146,1,0.5947798134455066,1,0
user_12147,1,0.9668730484710168,1,1
user_12148,0,0.4394292610436843,0,0
user_12149,1,0.9066091595314651,1,1
user_12150,0,0.04812534161664412,0,0
user_12151,1,0.9419866542598847,1,1
user_12152,0,0.5056787807310914,1,0
user_12153,1,0.7057857339389317,1,1
user_12154,0,0.5878771545537292,1,1
user_12155,0,0.40297678997305114,0,0
user_12156,1,0.9546942170492152,1,1
user_12157,1,0.8406135817427979,1,1
user_12158,1,0.9494123041985233,1,1
user_12159,0,0.7155091876341124,1,1
user_12160,0,0.36796544524864044,0,0
user_12161,1,0.5657803450643767,1,0
user_12162,1,0.6416702802774857,1,0
user_12163,1,0.9126863775799313,1,1
user_12164,0,0.25963137072779285,0,0
user_12165,1,0.9223951332864326,1,1
user_12166,1,0.8084385478332575,1,1
user_12167,0,0.4368636134311217,0,0
user_12168,0,0.062116494141445065,0,0
user_12169,1,0.6836084258286711,1,1
user_12170,1,0.9284049162874588,1,1
user_12171,1,0.6716387042457513,1,1
user_12172,0,0.109536999892871,0,0
user_12173,0,0.38333672976344413,0,0
user_12174,1,0.8220158485970843,1,0
user_12175,0,0.021553488971436226,0,0
user_12176,0,0.019287097777997673,0,0
user_12177,0,0.0957940482770818,0,0
user_12178,1,0.8892903371585762,1,1
user_12179,1,0.7726766097831741,1,1
user_12180,0,0.05235907565612834,0,0
user_12181,1,0.9379766474874132,1,1
user_12182,1,0.870356212941965,1,1
user_12183,1,0.39137763822336763,0,0
user_12184,0,0.17101506725664625,0,0
user_12185,1,0.804468628130791,1,1
user_12186,0,0.02239325851381533,0,0
user_12187,0,0.5681436626339992,1,1
user_12188,0,0.2504306551090195,0,0
user_12189,0,0.4191448224295027,0,0
user_12190,1,0.32442750767524114,0,0
user_12191,0,0.054503704333062994,0,0
user_12192,1,0.26375757314709136,0,0
user_12193,0,0.020844936934727255,0,0
user_12194,0,0.21064645042507163,0,0
user_12195,0,0.28431760794123534,0,0
user_12196,1,0.8975054432195086,1,1
user_12197,1,0.935336507332287,1,1
user_12198,0,0.5907144646536325,1,1
user_12199,0,0.06650988080465405,0,0
user_12200,1,0.9514318369704529,1,1
user_12201,1,0.6784391421505146,1,1
user_12202,1,0.7693621768949185,1,1
user_12203,0,0.02954433436711717,0,0
user_12204,1,0.8222867544215083,1,1
user_12205,0,0.11068684639007213,0,0
user_12206,0,0.20410517937597752,0,0
user_12207,0,0.23800337286787737,0,0
user_12208,0,0.926290186917513,1,1
user_12209,1,0.8942508484411594,1,1
user_12210,1,0.7880923621626476,1,1
user_12211,1,0.6383204452784874,1,1
user_12212,1,0.7981066849089716,1,1
user_12213,1,0.6165480823646553,1,0
user_12214,0,0.026138505420722137,0,0
user_12215,0,0.2518078123339625,0,0
user_12216,1,0.9399937013029398,1,1
user_12217,0,0.2512878163839494,0,0
user_12218,0,0.06285430616917886,0,0
user_12219,0,0.029884548603666954,0,0
user_12220,1,0.7242201266522449,1,0
user_12221,1,0.9203835646147004,1,1
user_12222,0,0.22763327734797567,0,0
user_12223,1,0.7457120752660629,1,1
user_12224,0,0.1806806270748331,0,0
user_12225,0,0.09707548881990623,0,0
user_12226,0,0.020002132009124114,0,0
user_12227,0,0.05832163131848876,0,0
user_12228,1,0.657045378733406,1,1
user_12229,1,0.8573059294704107,1,1
user_12230,1,0.894215066525867,1,1
user_12231,0,0.5759639465040715,1,0
user_12232,0,0.5553109435615178,1,1
user_12233,1,0.9719126447756825,1,1
user_12234,1,0.7569413129985008,1,1
user_12235,0,0.1729637497698138,0,0
user_12236,1,0.7207413607064643,1,1
user_12237,1,0.9047483432143825,1,1
user_12238,1,0.6104535833509105,1,1
user_12239,1,0.37090511856304176,0,0
user_12240,0,0.20747103626821628,0,0
user_12241,0,0.049150791878554534,0,0
user_12242,0,0.7023872922750768,1,0
user_12243,0,0.08406722543014648,0,0
user_12244,0,0.28717634872071435,0,0
user_12245,1,0.9429927979133451,1,1
user_12246,0,0.09905187315864715,0,0
user_12247,1,0.1486743928091731,0,0
user_12248,1,0.6450251150997581,1,1
user_12249,0,0.0883392595241032,0,0
user_12250,1,0.22441810038364834,0,0
user_12251,1,0.5766876087090299,1,1
user_12252,1,0.24024168971504878,0,0
user_12253,0,0.20324613113236298,0,0
user_12254,0,0.27691436698164246,0,0
user_12255,0,0.3061879899751925,0,0
user_12256,0,0.0961908164889539,0,0
user_12257,1,0.9503827141490127,1,1
user_12258,0,0.5066599679119073,1,0
user_12259,1,0.517899098589457,1,0
user_12260,0,0.03409321232098016,0,0
user_12261,1,0.19646962882802357,0,0
user_12262,1,0.9692609016318715,1,1
user_12263,0,0.3388290687635405,0,0
user_12264,1,0.7400471053941206,1,1
user_12265,0,0.20042844182894173,0,0
user_12266,1,0.376920605648185,0,0
user_12267,1,0.7083446394641355,1,0
user_12268,1,0.6520923345045708,1,1
user_12269,0,0.1402772657368467,0,0
user_12270,1,0.9770884773788051,1,1
user_12271,0,0.8943318095772976,1,1
user_12272,1,0.8576054946798279,1,1
user_12273,1,0.4198885352309979,0,0
user_12274,1,0.4058881574953752,0,0
user_12275,0,0.19624913500249141,0,0
user_12276,0,0.6015906794237666,1,1
user_12277,0,0.2865935480285943,0,0
user_12278,1,0.7745854606825189,1,1
user_12279,1,0.7995135683993033,1,1
user_12280,0,0.1383598877388829,0,0
user_12281,0,0.519832831113759,1,0
user_12282,1,0.8198856873746284,1,1
user_12283,0,0.29821442816262955,0,0
user_12284,0,0.08410712229459712,0,0
user_12285,1,0.9488746760533237,1,1
user_12286,1,0.5862633239094241,1,0
user_12287,0,0.3342128359615397,0,0
user_12288,0,0.3807773113654467,0,0
user_12289,0,0.3413859047915904,0,0
user_12290,1,0.9720364756027116,1,1
user_12291,1,0.9841136956777077,1,1
user_12292,0,0.21475174716332351,0,0
user_12293,0,0.11644828024876891,0,0
user_12294,0,0.010311055574242159,0,0
user_12295,0,0.2495570679962332,0,0
user_12296,0,0.24382432569321633,0,0
user_12297,0,0.037638215113886236,0,0
user_12298,0,0.055056866333838966,0,0
user_12299,0,0.7956802241309658,1,1
user_12300,1,0.9681696983867354,1,1
user_12301,1,0.8846713893054396,1,1
user_12302,1,0.9550426579432483,1,1
user_12303,0,0.04747291118531993,0,0
user_12304,0,0.23767501396773974,0,0
user_12305,1,0.5697985165519598,1,1
user_12306,1,0.7038975434417317,1,1
user_12307,0,0.11005613534596968,0,0
user_12308,1,0.6698470937003869,1,1
user_12309,0,0.19083543422986107,0,0
user_12310,0,0.3511630790531791,0,0
user_12311,0,0.6210616691104505,1,1
user_12312,1,0.8844013164718092,1,1
user_12313,0,0.9424494067426942,1,1
user_12314,1,0.8381739531288525,1,1
user_12315,0,0.3737953572378688,0,0
user_12316,1,0.8953597998710544,1,1
user_12317,1,0.9110419252506183,1,1
user_12318,1,0.9430317335704168,1,1
user_12319,0,0.06691355865107519,0,0
user_12320,0,0.038072568945338225,0,0
user_12321,1,0.7739600052018784,1,1
user_12322,1,0.6364286170320119,1,1
user_12323,1,0.5074368582222223,1,0
user_12324,1,0.7550333085961004,1,1
user_12325,1,0.511978552553793,1,0
user_12326,1,0.5526534875245958,1,1
user_12327,0,0.07659880461127175,0,0
user_12328,0,0.5700519715888271,1,1
user_12329,0,0.0670230493640518,0,0
user_12330,0,0.07200545907645213,0,0
user_12331,0,0.2841007066252623,0,0
user_12332,0,0.17592668711472453,0,0
user_12333,0,0.6225416487184791,1,1
user_12334,0,0.41430467874631105,0,0
user_12335,1,0.8683090066784354,1,1
user_12336,1,0.5352482556509642,1,0
user_12337,0,0.6085438339753018,1,0
user_12338,0,0.5077286442288415,1,0
user_12339,1,0.3430212278401803,0,0
user_12340,1,0.6514712499741863,1,1
user_12341,0,0.01636137802103411,0,0
user_12342,1,0.9563071180261424,1,1
user_12343,1,0.7194106091716428,1,0
user_12344,1,0.6480015962070302,1,1
user_12345,0,0.24117831610011323,0,0
user_12346,0,0.08784188713999018,0,0
user_12347,0,0.015324426534298358,0,0
user_12348,0,0.11321050529507803,0,0
user_12349,0,0.5685253889383656,1,0
user_12350,0,0.10373878711900973,0,0
user_12351,0,0.5592401793382951,1,0
user_12352,1,0.8566753968353673,1,1
user_12353,1,0.9457847970132813,1,1
user_12354,1,0.7890686994739298,1,1
user_12355,1,0.9326701162149507,1,1
user_12356,0,0.647029479373955,1,1
user_12357,1,0.9475245830234071,1,1
user_12358,0,0.1893291246016415,0,0
user_12359,0,0.15226673045662006,0,0
user_12360,1,0.8145831626685239,1,1
user_12361,1,0.7705802580128621,1,1
user_12362,0,0.13309737187813653,0,0
user_12363,0,0.297000625783122,0,0
user_12364,1,0.6683061568114051,1,1
user_12365,0,0.30813938656403583,0,0
user_12366,0,0.1701850934141465,0,0
user_12367,0,0.10561330485970179,0,0
user_12368,0,0.3175521759946878,0,0
user_12369,0,0.03264052429136383,0,0
user_12370,0,0.0505715597858764,0,0
user_12371,0,0.24938477174706372,0,0
user_12372,0,0.7407833891709437,1,1
user_12373,0,0.2400304715604464,0,0
user_12374,1,0.777101251055956,1,1
user_12375,1,0.4245552502318126,0,0
user_12376,0,0.4066506584678646,0,0
user_12377,0,0.32128961135717526,0,0
user_12378,1,0.8720793282984212,1,1
user_12379,0,0.07612533078849873,0,0
user_12380,0,0.07254464086686874,0,0
user_12381,0,0.5957237314372247,1,1
user_12382,0,0.23185311923283783,0,0
user_12383,0,0.33176721702999423,0,0
user_12384,1,0.8144617279837749,1,1
user_12385,0,0.599010033160826,1,1
user_12386,0,0.11350737157210261,0,0
user_12387,0,0.05453250263342859,0,0
user_12388,0,0.3138030569947414,0,0
user_12389,0,0.8296465770261802,1,1
user_12390,0,0.023904874388971185,0,0
user_12391,0,0.05465214798570184,0,0
user_12392,1,0.9525121980406435,1,1
user_12393,0,0.8809273441432346,1,1
user_12394,1,0.8308654801991175,1,1
user_12395,1,0.9251400329562669,1,1
user_12396,1,0.3478012042801644,0,0
user_12397,0,0.02980474659627934,0,0
user_12398,1,0.8949708402683357,1,1
user_12399,0,0.03896730746133488,0,0
user_12400,1,0.9513122579285088,1,1
user_12401,1,0.9204023733043328,1,1
user_12402,1,0.920679227481452,1,1
user_12403,0,0.052966218793629,0,0
user_12404,1,0.841766208083682,1,1
user_12405,0,0.5629817830978348,1,1
user_12406,1,0.6062541418533408,1,1
user_12407,0,0.10607104286380922,0,0
user_12408,0,0.03877163158171415,0,0
user_12409,0,0.23355501848519955,0,0
user_12410,0,0.1999162506256054,0,0
user_12411,0,0.027063981122840215,0,0
user_12412,0,0.024177886430926384,0,0
user_12413,0,0.5708601913904549,1,1
user_12414,1,0.24719438948789482,0,0
user_12415,1,0.7306516801741144,1,1
user_12416,1,0.8901326649041225,1,1
user_12417,1,0.5254142285155934,1,0
user_12418,0,0.23380450286187587,0,0
user_12419,1,0.7206614654724511,1,1
user_12420,1,0.41984251301888953,0,0
user_12421,0,0.3830081541413789,0,0
user_12422,1,0.8658574945748277,1,1
user_12423,0,0.2383877703179704,0,0
user_12424,1,0.8448116711396003,1,1
user_12425,1,0.8597626969694789,1,1
user_12426,1,0.9580014105941431,1,1
user_12427,1,0.37604541287168153,0,0
user_12428,1,0.767323124949374,1,1
user_12429,1,0.8627834314878142,1,1
user_12430,1,0.47128705449679187,0,1
user_12431,1,0.5731821534432274,1,0
user_12432,0,0.1446048084594467,0,0
user_12433,0,0.07524001286439279,0,0
user_12434,1,0.5167091655640477,1,0
user_12435,0,0.05107184066635984,0,0
user_12436,0,0.2615386052115274,0,0
user_12437,0,0.23974728370576603,0,0
user_12438,0,0.14784062355544375,0,0
user_12439,1,0.6933071625612979,1,1
user_12440,1,0.7730661727381821,1,1
user_12441,0,0.13493274889125847,0,0
user_12442,0,0.06706056657122844,0,0
user_12443,1,0.8902551312611006,1,1
user_12444,1,0.9700881595070564,1,1
user_12445,1,0.8479095917526828,1,1
user_12446,0,0.4672635838283759,0,1
user_12447,0,0.040478286898112656,0,0
user_12448,0,0.30021099984404176,0,0
user_12449,0,0.054217079620700895,0,0
user_12450,0,0.06299825235766936,0,0
user_12451,1,0.9770599266917477,1,1
user_12452,0,0.47866344828434637,0,0
user_12453,0,0.29463568481144087,0,0
user_12454,1,0.9120323060652047,1,1
user_12455,0,0.08565342739190733,0,0
user_12456,0,0.13623023110440285,0,0
user_12457,1,0.5689004562586261,1,1
user_12458,0,0.14258958271423144,0,0
user_12459,0,0.05041459835581402,0,0
user_12460,0,0.5577025215868494,1,0
user_12461,0,0.04448444511026176,0,0
user_12462,0,0.4401542964742141,0,0
user_12463,0,0.3718518072866484,0,0
user_12464,1,0.6642725266824692,1,1
user_12465,0,0.4783656999063437,0,0
user_12466,0,0.5420045895916126,1,0
user_12467,0,0.38904597739066965,0,0
user_12468,1,0.9433269114018171,1,1
user_12469,1,0.5090234399853877,1,0
user_12470,0,0.19343715964644326,0,0
user_12471,0,0.1449598939452749,0,0
user_12472,0,0.08874521342382967,0,0
user_12473,1,0.9335925129345041,1,1
user_12474,1,0.959702413641452,1,1
user_12475,1,0.7466733974244458,1,1
user_12476,0,0.1952600610021232,0,0
user_12477,0,0.053908542135965784,0,0
user_12478,0,0.03721537008414777,0,0
user_12479,0,0.046042834898372006,0,0
user_12480,0,0.44756635031083836,0,0
user_12481,1,0.6437774161596559,1,1
user_12482,1,0.6372833669315919,1,1
user_12483,1,0.9259179099613556,1,1
user_12484,0,0.09268574794079992,0,0
user_12485,0,0.09567328419708648,0,0
user_12486,0,0.6117288674344085,1,0
user_12487,0,0.06057119236536654,0,0
user_12488,0,0.2917652576815228,0,0
user_12489,0,0.08264701843849732,0,0
user_12490,0,0.22885877272075475,0,0
user_12491,0,0.046176883794132956,0,0
user_12492,0,0.7236895167719505,1,1
user_12493,1,0.8408705819428739,1,1
user_12494,0,0.028625167960523386,0,0
user_12495,0,0.7313250509554049,1,0
user_12496,1,0.8327693573602075,1,1
user_12497,0,0.24297012907370563,0,0
user_12498,0,0.0634814607142174,0,0
user_12499,0,0.4844805600925584,0,1
user_12500,1,0.4740193691920147,0,0
user_12501,0,0.17753091484072517,0,0
user_12502,0,0.3374324178775718,0,0
user_12503,1,0.9038846172337432,1,1
user_12504,0,0.35871784251682437,0,0
user_12505,1,0.740571006409397,1,0
user_12506,0,0.35075916237245847,0,0
user_12507,0,0.1394567273459678,0,0
user_12508,0,0.44943435630093415,0,1
user_12509,1,0.8508557923810461,1,1
user_12510,1,0.9517983685746054,1,1
user_12511,1,0.9470591819830932,1,1
user_12512,0,0.3642083589834087,0,0
user_12513,0,0.3865294208747738,0,0
user_12514,0,0.03831772613331235,0,0
user_12515,0,0.31306633999509864,0,0
user_12516,0,0.08289355534552491,0,0
user_12517,0,0.06731193397548917,0,0
user_12518,1,0.6801968678569322,1,1
user_12519,1,0.829324329091034,1,1
user_12520,0,0.05546948719309392,0,0
user_12521,0,0.25110803253537456,0,0
user_12522,0,0.03435023929467636,0,0
user_12523,1,0.8690526745064636,1,1
user_12524,1,0.9509355978446817,1,1
user_12525,0,0.2456578066865697,0,0
user_12526,0,0.4887932412230104,0,1
user_12527,0,0.7185796656939855,1,1
user_12528,1,0.9011931902378446,1,1
user_12529,0,0.7748034071446966,1,1
user_12530,1,0.6972764121301416,1,1
user_12531,1,0.7027327431273714,1,1
user_12532,0,0.15274964966088247,0,0
user_12533,1,0.7587644946397137,1,1
user_12534,0,0.17917612268162839,0,0
user_12535,1,0.9204332172398078,1,1
user_12536,1,0.8459461961047481,1,1
user_12537,0,0.0813161087702529,0,0
user_12538,1,0.1608179513867827,0,0
user_12539,1,0.7736475034325107,1,1
user_12540,1,0.939750671114007,1,1
user_12541,0,0.8876761626207607,1,1
user_12542,0,0.19717683127014585,0,0
user_12543,1,0.8168196050531178,1,1
user_12544,0,0.029321368351289692,0,0
user_12545,0,0.7303585485963395,1,1
user_12546,1,0.9130443443860788,1,1
user_12547,0,0.01341615200373193,0,0
user_12548,0,0.4725414047440242,0,0
user_12549,0,0.2641658130215859,0,0
user_12550,1,0.8349217100255264,1,1
user_12551,0,0.5916070553194362,1,1
user_12552,0,0.08798063618972513,0,0
user_12553,0,0.32224342006389517,0,0
user_12554,1,0.9451460353881023,1,1
user_12555,0,0.0746733263139975,0,0
user_12556,0,0.1495328826001655,0,0
user_12557,1,0.5508896848342312,1,0
user_12558,1,0.8581812680951086,1,1
user_12559,0,0.5637740858334598,1,0
user_12560,0,0.8038444210517002,1,1
user_12561,0,0.034527463561141974,0,0
user_12562,1,0.9503934984310305,1,1
user_12563,0,0.37095129491547557,0,0
user_12564,1,0.7095699761650418,1,1
user_12565,1,0.8146561600570991,1,1
user_12566,0,0.5328499271828694,1,1
user_12567,1,0.9377787553631606,1,1
user_12568,1,0.8924298548106363,1,1
user_12569,0,0.13558772537514552,0,0
user_12570,0,0.4685313799130892,0,0
user_12571,0,0.2694398970833699,0,0
user_12572,0,0.06957961114605497,0,0
user_12573,0,0.041492534082908566,0,0
user_12574,1,0.9210209763819001,1,1
user_12575,0,0.10266000314568983,0,0
user_12576,0,0.5143948539521006,1,1
user_12577,1,0.9085829499395832,1,1
user_12578,1,0.5683826182050925,1,1
user_12579,1,0.35826096315379713,0,0
user_12580,0,0.20038670789029178,0,0
user_12581,1,0.3376571935460858,0,0
user_12582,1,0.635931039801335,1,0
user_12583,1,0.7974838046191376,1,1
user_12584,0,0.3643681693673092,0,0
user_12585,0,0.03157986823912438,0,0
user_12586,0,0.04678885918615137,0,0
user_12587,0,0.35403183105232183,0,0
user_12588,0,0.3673228913048111,0,0
user_12589,0,0.6446310907823021,1,1
user_12590,0,0.15232187659380628,0,0
user_12591,1,0.8926317286009339,1,1
user_12592,0,0.0801747879714955,0,0
user_12593,1,0.6010009691796795,1,0
user_12594,1,0.6561791134503983,1,0
user_12595,1,0.8317276914777955,1,1
user_12596,1,0.6528908242461023,1,1
user_12597,1,0.3500082006061089,0,0
user_12598,1,0.7813221807802186,1,1
user_12599,0,0.20570104065751474,0,0
user_12600,1,0.8528777607028508,1,1
user_12601,0,0.19336201473970915,0,0
user_12602,1,0.9240442672321733,1,1
user_12603,1,0.8415126221203351,1,1
user_12604,1,0.7724126790637257,1,0
user_12605,1,0.9320316770397733,1,1
user_12606,1,0.9750728766412317,1,1
user_12607,0,0.4304730857313354,0,0
user_12608,1,0.8993559641347963,1,1
user_12609,0,0.23402689750611627,0,0
user_12610,0,0.014984525944772198,0,0
user_12611,1,0.8797914257479842,1,1
user_12612,0,0.522373307254533,1,1
user_12613,1,0.7894942717259668,1,1
user_12614,0,0.25936930762603905,0,0
user_12615,0,0.2350921124656242,0,0
user_12616,0,0.14098896212146467,0,0
user_12617,0,0.04564303760413535,0,0
user_12618,0,0.08886315741472717,0,0
user_12619,1,0.7332605144318417,1,1
user_12620,0,0.032655665291940694,0,0
user_12621,1,0.6760769678155003,1,0
user_12622,0,0.4227235050800173,0,0
user_12623,0,0.7337278294065794,1,1
user_12624,0,0.11258516125121709,0,0
user_12625,1,0.6345411115711581,1,0
user_12626,0,0.12795490950409077,0,0
user_12627,0,0.056210335651038695,0,0
user_12628,1,0.31996763957598645,0,0
user_12629,0,0.10716632962051433,0,0
user_12630,0,0.6430251346016588,1,1
user_12631,1,0.8329126926503317,1,1
user_12632,1,0.3960849480434784,0,0
user_12633,0,0.06323269787014683,0,0
user_12634,1,0.6108283804479351,1,0
user_12635,1,0.6022014536854075,1,1
user_12636,0,0.12230361885915504,0,0
user_12637,0,0.29714841361680194,0,0
user_12638,1,0.8028891535075491,1,1
user_12639,0,0.503560457832192,1,0
user_12640,1,0.7150542093838721,1,1
user_12641,0,0.234972321257763,0,0
user_12642,0,0.28827393940407203,0,0
user_12643,0,0.011069485558895859,0,0
user_12644,0,0.08347788669776245,0,0
user_12645,1,0.5726837735948204,1,1
user_12646,1,0.340264250234654,0,0
user_12647,0,0.3903182057917025,0,0
user_12648,0,0.7404806049467723,1,1
user_12649,1,0.6935914048248412,1,1
user_12650,0,0.12726485868831336,0,0
user_12651,1,0.5390539804854604,1,0
user_12652,1,0.5549011447627376,1,0
user_12653,1,0.5304837558897885,1,1
user_12654,0,0.04687507772930617,0,0
user_12655,0,0.34578438987984406,0,0
user_12656,1,0.9623506114594431,1,1
user_12657,0,0.5660752336403683,1,1
user_12658,1,0.967836043644353,1,1
user_12659,1,0.8137241260833902,1,1
user_12660,0,0.11168775060523456,0,0
user_12661,0,0.352382766120278,0,0
user_12662,0,0.7059509706363588,1,1
user_12663,0,0.3251837393859945,0,0
user_12664,1,0.2624857949661056,0,0
user_12665,0,0.4960894853612475,0,0
user_12666,0,0.3883875694440051,0,0
user_12667,1,0.7503201027809762,1,1
user_12668,0,0.14339547098474964,0,0
user_12669,1,0.28551237455534717,0,0
user_12670,0,0.3698730453498704,0,0
user_12671,1,0.5742654693283217,1,1
user_12672,0,0.04757183895350669,0,0
user_12673,0,0.06252009554642807,0,0
user_12674,1,0.7437126334150279,1,1
user_12675,1,0.9673847139504962,1,1
user_12676,1,0.6632254142070257,1,0
user_12677,1,0.7378519644756028,1,1
user_12678,1,0.8975778929227451,1,1
user_12679,1,0.5880129322890314,1,1
user_12680,0,0.17748689000946358,0,0
user_12681,0,0.17778552259931255,0,0
user_12682,0,0.20009386772007828,0,0
user_12683,0,0.009393713358892846,0,0
user_12684,0,0.1065170129121416,0,0
user_12685,0,0.6034304828218197,1,0
user_12686,0,0.35896007107501104,0,0
user_12687,1,0.9552257845255565,1,1
user_12688,1,0.8064838557375935,1,1
user_12689,1,0.5754402591811758,1,0
user_12690,1,0.9147992112902055,1,1
user_12691,0,0.04210911238520957,0,0
user_12692,1,0.7162338933455554,1,1
user_12693,0,0.46805379041902473,0,0
user_12694,0,0.47534641185385645,0,0
user_12695,0,0.0430455845900644,0,0
user_12696,0,0.22167176144138348,0,0
user_12697,0,0.15839747570078774,0,0
user_12698,1,0.8532089522688694,1,1
user_12699,1,0.5070379540346187,1,1
user_12700,0,0.07970860033881796,0,0
user_12701,0,0.671228399477831,1,0
user_12702,0,0.45598074537227984,0,0
user_12703,0,0.17750335593376132,0,0
user_12704,0,0.35906207510448046,0,0
user_12705,0,0.10697818588075357,0,0
user_12706,0,0.033152161745898,0,0
user_12707,0,0.5397169757641943,1,0
user_12708,0,0.22633697731502428,0,0
user_12709,0,0.27040677946391617,0,0
user_12710,0,0.11217308956562164,0,0
user_12711,1,0.6560419806265552,1,1
user_12712,0,0.011380929784207143,0,0
user_12713,0,0.12878276750862394,0,0
user_12714,1,0.5245384128776653,1,0
user_12715,1,0.1341312852886234,0,0
user_12716,0,0.3370471622550621,0,0
user_12717,0,0.5299466942711811,1,1
user_12718,0,0.1882850635342315,0,0
user_12719,1,0.9547111662420099,1,1
user_12720,0,0.14056295156898074,0,0
user_12721,1,0.6463467064899505,1,0
user_12722,1,0.7495974195160683,1,1
user_12723,0,0.03887821033707816,0,0
user_12724,0,0.46853249836855904,0,0
user_12725,0,0.12481425799141464,0,0
user_12726,0,0.22292706764672915,0,0
user_12727,0,0.28178702997380883,0,0
user_12728,0,0.022639369575338478,0,0
user_12729,0,0.3537994534404737,0,0
user_12730,0,0.09185975529084212,0,0
user_12731,1,0.80048869339243,1,1
user_12732,0,0.05535384189619335,0,0
user_12733,1,0.6672399464330564,1,1
user_12734,0,0.17046013921400643,0,0
user_12735,0,0.4831479095076629,0,0
user_12736,0,0.037192472682322675,0,0
user_12737,0,0.5767170553651114,1,1
user_12738,1,0.6104956894927749,1,0
user_12739,0,0.4968190011068854,0,0
user_12740,0,0.06614043397318005,0,0
user_12741,0,0.10820106156303619,0,0
user_12742,1,0.6139918760105318,1,1
user_12743,0,0.3094035606084851,0,0
user_12744,1,0.9645619631176979,1,1
user_12745,1,0.3939920570026269,0,0
user_12746,0,0.8905666516271235,1,1
user_12747,0,0.02666033268236539,0,0
user_12748,1,0.6258498168147736,1,1
user_12749,0,0.11224461935842396,0,0
user_12750,1,0.7228848228266841,1,1
user_12751,1,0.9374511127995102,1,1
user_12752,1,0.9757784049833291,1,1
user_12753,0,0.47169739485920786,0,0
user_12754,1,0.8050429007811405,1,1
user_12755,1,0.9767464074640244,1,1
user_12756,0,0.5055532009573039,1,1
user_12757,0,0.08011786030583848,0,0
user_12758,0,0.03448738816943548,0,0
user_12759,0,0.7135306889716909,1,1
user_12760,1,0.9685630565459307,1,1
user_12761,1,0.8624223167861188,1,1
user_12762,0,0.1373805530880117,0,0
user_12763,1,0.9270812147751535,1,1
user_12764,1,0.7674693237463684,1,1
user_12765,0,0.5834187476074778,1,1
user_12766,1,0.9732017815729331,1,1
user_12767,0,0.13552176221593673,0,0
user_12768,1,0.8489957610159817,1,1
user_12769,1,0.7544309670461676,1,1
user_12770,0,0.1689170296403139,0,0
user_12771,0,0.026827460775402455,0,0
user_12772,1,0.8772418587883181,1,1
user_12773,0,0.16769878991988846,0,0
user_12774,0,0.029075790734354078,0,0
user_12775,0,0.470855231610657,0,0
user_12776,0,0.03646111875993285,0,0
user_12777,0,0.21926211934350476,0,0
user_12778,0,0.10981437558694306,0,0
user_12779,0,0.05126834552635947,0,0
user_12780,1,0.5256631592838807,1,1
user_12781,0,0.05299431412988429,0,0
user_12782,1,0.954866287207678,1,1
user_12783,0,0.22762771537437373,0,0
user_12784,0,0.15087061016334882,0,0
user_12785,1,0.8181643551904713,1,1
user_12786,0,0.13048496611509167,0,0
user_12787,1,0.8948206802974155,1,1
user_12788,0,0.11491831089397588,0,0
user_12789,0,0.7197837882570846,1,1
user_12790,1,0.6716075251292464,1,1
user_12791,0,0.25090092966990546,0,0
user_12792,0,0.34185898952172783,0,0
user_12793,1,0.6715347965852697,1,1
user_12794,0,0.020954868405135673,0,0
user_12795,0,0.32114049863755184,0,0
user_12796,1,0.9728304914666843,1,1
user_12797,0,0.04226094281317654,0,0
user_12798,0,0.36333142326470524,0,0
user_12799,1,0.9729074523642189,1,1
user_12800,1,0.8548237207146319,1,1
user_12801,0,0.015905553692526782,0,0
user_12802,0,0.0474380572808763,0,0
user_12803,1,0.8635025349343848,1,1
user_12804,1,0.2819853392548844,0,0
user_12805,0,0.11407882286521856,0,0
user_12806,1,0.31148583831072835,0,0
user_12807,0,0.6661363266618788,1,1
user_12808,1,0.31763790868560476,0,0
user_12809,0,0.44562254238284554,0,0
user_12810,0,0.32681483728494276,0,0
user_12811,0,0.06313625541877022,0,0
user_12812,0,0.5518338958834823,1,1
user_12813,0,0.29535697494732704,0,0
user_12814,0,0.045330716563454096,0,0
user_12815,1,0.8024981709316062,1,1
user_12816,1,0.9264020025673791,1,1
user_12817,0,0.07956781472347886,0,0
user_12818,1,0.934718969464111,1,1
user_12819,0,0.0575993517260774,0,0
user_12820,0,0.1655212694135106,0,0
user_12821,1,0.8316720842818434,1,1
user_12822,1,0.2777926006733309,0,0
user_12823,0,0.29846023771435093,0,0
user_12824,1,0.5531934548102987,1,1
user_12825,0,0.35205901497346176,0,0
user_12826,0,0.2100804017664477,0,0
user_12827,0,0.027484288998404043,0,0
user_12828,0,0.08703961122519643,0,0
user_12829,0,0.07228829265574749,0,0
user_12830,1,0.6275987356630207,1,1
user_12831,0,0.2355131640210076,0,0
user_12832,1,0.17794944475176533,0,0
user_12833,0,0.23485308732379181,0,0
user_12834,0,0.036537239370428805,0,0
user_12835,0,0.03689254538966086,0,0
user_12836,0,0.13478553124098158,0,0
user_12837,1,0.9444847099554331,1,1
user_12838,1,0.8912573776834201,1,1
user_12839,0,0.2680343582557661,0,0
user_12840,0,0.29036364426091654,0,0
user_12841,1,0.9354607331292342,1,1
user_12842,1,0.48918020950189106,0,0
user_12843,0,0.029051329865744928,0,0
user_12844,1,0.9306336807710901,1,1
user_12845,1,0.9536403268027169,1,1
user_12846,1,0.9351090972222729,1,1
user_12847,0,0.7831778073955591,1,1
user_12848,0,0.81658238778374,1,1
user_12849,0,0.518352504037699,1,1
user_12850,0,0.2905455251239241,0,0
user_12851,0,0.28986108144478184,0,0
user_12852,0,0.9345013554582576,1,1
user_12853,0,0.5757364122449001,1,0
user_12854,0,0.13236281712960063,0,0
user_12855,1,0.7871228877191948,1,1
user_12856,1,0.9043232580716254,1,1
user_12857,1,0.34292752094647566,0,0
user_12858,0,0.008350019296111174,0,0
user_12859,1,0.5863669257953018,1,1
user_12860,1,0.32154218410184565,0,0
user_12861,1,0.9096134975905344,1,1
user_12862,0,0.019014350180035267,0,0
user_12863,0,0.586090172003305,1,0
user_12864,1,0.7796769612182711,1,1
user_12865,1,0.6374889830396723,1,1
user_12866,0,0.09630340719573634,0,0
user_12867,0,0.04878234380163928,0,0
user_12868,1,0.6544092343468886,1,1
user_12869,0,0.9314275777488763,1,1
user_12870,1,0.7851537910787677,1,1
user_12871,0,0.4088165476736489,0,0
user_12872,0,0.4923649311118902,0,0
user_12873,0,0.10626095501647605,0,0
user_12874,0,0.20444543297402076,0,0
user_12875,0,0.7290026813509908,1,0
user_12876,1,0.8697682919859432,1,1
user_12877,0,0.180829207548425,0,0
user_12878,0,0.04482529481882186,0,0
user_12879,1,0.8910879025400215,1,1
user_12880,1,0.9641053335457695,1,1
user_12881,0,0.4261469137549548,0,0
user_12882,0,0.09411376417280552,0,0
user_12883,1,0.8537649339424388,1,1
user_12884,0,0.016562180916910054,0,0
user_12885,0,0.5494541580577735,1,1
user_12886,1,0.9192815353858125,1,1
user_12887,1,0.6078979324185819,1,1
user_12888,1,0.34936993914268094,0,0
user_12889,1,0.9365136265942677,1,1
user_12890,1,0.637004141024926,1,0
user_12891,0,0.11099224619759283,0,0
user_12892,0,0.19907281462095264,0,0
user_12893,0,0.4641366599679923,0,0
user_12894,1,0.5813842913801577,1,0
user_12895,1,0.8571795121838174,1,1
user_12896,0,0.11977281413701597,0,0
user_12897,0,0.02022782277230562,0,0
user_12898,0,0.14784384455773303,0,0
user_12899,1,0.94937934665121,1,1
user_12900,0,0.31802230349707444,0,0
user_12901,1,0.8358556812279225,1,1
user_12902,0,0.19204785072051367,0,0
user_12903,1,0.8780350876813151,1,1
user_12904,1,0.8262224529347486,1,1
user_12905,1,0.9304772237257106,1,1
user_12906,0,0.3087218331949387,0,0
user_12907,0,0.5333320774462064,1,1
user_12908,1,0.9749703564611267,1,1
user_12909,0,0.1363872694393597,0,0
user_12910,0,0.0603906569756634,0,0
user_12911,0,0.06362411636698373,0,0
user_12912,0,0.03367146407433164,0,0
user_12913,1,0.6451937783123267,1,1
user_12914,0,0.07396225306201275,0,0
user_12915,0,0.04376643372132341,0,0
user_12916,0,0.264148070607746,0,0
user_12917,0,0.24688546177395382,0,0
user_12918,0,0.15872135935684153,0,0
user_12919,1,0.7199114196423423,1,1
user_12920,0,0.23376111893249008,0,0
user_12921,1,0.8793328227537817,1,1
user_12922,1,0.5453659314913181,1,0
user_12923,1,0.7671355065220202,1,1
user_12924,1,0.9333538772044113,1,1
user_12925,0,0.048080083359931094,0,0
user_12926,0,0.3585896309474737,0,0
user_12927,0,0.08452381087388557,0,0
user_12928,1,0.8209269802456959,1,1
user_12929,0,0.4953177678749582,0,0
user_12930,1,0.6532820780746286,1,0
user_12931,0,0.7450522624749694,1,1
user_12932,1,0.7160924300076124,1,1
user_12933,1,0.7983143027481707,1,1
user_12934,0,0.024507095733589425,0,0
user_12935,0,0.11335798666654177,0,0
user_12936,1,0.9358064157639616,1,1
user_12937,0,0.23442592922021396,0,0
user_12938,1,0.9423747030444988,1,1
user_12939,0,0.353730618090365,0,0
user_12940,1,0.34391450222645864,0,0
user_12941,1,0.8927175113322747,1,1
user_12942,0,0.04640670384089735,0,0
user_12943,0,0.11496944554093891,0,0
user_12944,0,0.17628894113386723,0,0
user_12945,1,0.6464052723809467,1,1
user_12946,0,0.5147710450955476,1,1
user_12947,0,0.18812297990775512,0,0
user_12948,0,0.20533133179803745,0,0
user_12949,1,0.8524610045032498,1,1
user_12950,1,0.5965897920924621,1,0
user_12951,0,0.08965391095262415,0,0
user_12952,0,0.32056318922039273,0,0
user_12953,1,0.897606324148132,1,1
user_12954,0,0.11597828773204213,0,0
user_12955,1,0.9030050721331463,1,1
user_12956,0,0.5401451241641922,1,0
user_12957,1,0.872937889948383,1,1
user_12958,0,0.1564440398673281,0,0
user_12959,1,0.8580646575662408,1,1
user_12960,1,0.8673364546147088,1,1
user_12961,1,0.6987666379916849,1,0
user_12962,0,0.21292010702963884,0,0
user_12963,0,0.6053864365458043,1,0
user_12964,1,0.8970112070465807,1,1
user_12965,0,0.3652091948041656,0,0
user_12966,0,0.25106878865300514,0,0
user_12967,0,0.5937256372988816,1,1
user_12968,0,0.018029737777366318,0,0
user_12969,0,0.7526995880537861,1,1
user_12970,1,0.6154565569424926,1,0
user_12971,0,0.22577487137902372,0,0
user_12972,0,0.1632085865021388,0,0
user_12973,0,0.9089195556317983,1,1
user_12974,1,0.9699120594275101,1,1
user_12975,1,0.8690661366051645,1,1
user_12976,1,0.8122696949772903,1,1
user_12977,1,0.6958948389584095,1,1
user_12978,1,0.953419713442619,1,1
user_12979,0,0.016133869012075513,0,0
user_12980,1,0.910323817053756,1,1
user_12981,1,0.797020758988658,1,1
user_12982,1,0.7038651523490493,1,1
user_12983,0,0.03649283410614735,0,0
user_12984,0,0.09449220586596349,0,0
user_12985,0,0.04740550721999855,0,0
user_12986,1,0.7857968897229074,1,0
user_12987,0,0.16202307967468366,0,0
user_12988,0,0.37729594096609026,0,0
user_12989,1,0.9163873689630424,1,1
user_12990,1,0.67040093833338,1,1
user_12991,0,0.14090967691255182,0,0
user_12992,0,0.3454603554572283,0,0
user_12993,1,0.9254776330743355,1,1
user_12994,1,0.6854847116161884,1,1
user_12995,1,0.4849324112895626,0,0
user_12996,0,0.1638095623226456,0,0
user_12997,0,0.04291936840549503,0,0
user_12998,1,0.5055350217625262,1,0
user_12999,1,0.7326004566716443,1,0
user_13000,1,0.5331929762619394,1,0
user_13001,1,0.4788692364301639,0,0
user_13002,1,0.8491970793236939,1,1
user_13003,1,0.3859286144112291,0,0
user_13004,0,0.3066005731755153,0,0
user_13005,0,0.5877482141618758,1,0
user_13006,1,0.9141220075184335,1,1
user_13007,1,0.4233465048353489,0,0
user_13008,0,0.05198998924522415,0,0
user_13009,1,0.9184019756049597,1,1
user_13010,1,0.9454166527743936,1,1
user_13011,1,0.6646562062501122,1,1
user_13012,0,0.4517730389778202,0,0
user_13013,0,0.07572973718550191,0,0
user_13014,1,0.875996725172234,1,1
user_13015,1,0.8710971746202231,1,1
user_13016,0,0.18820302188295374,0,0
user_13017,0,0.4092892982138704,0,0
user_13018,1,0.7242675722404536,1,1
user_13019,0,0.02434818594591709,0,0
user_13020,1,0.8747911315105822,1,1
user_13021,1,0.9264723280617115,1,1
user_13022,1,0.7023157030769195,1,1
user_13023,0,0.22624286097221397,0,0
user_13024,0,0.6164700910902016,1,1
user_13025,1,0.8645965392112873,1,1
user_13026,0,0.06945666833595818,0,0
user_13027,1,0.7410516189455437,1,1
user_13028,1,0.7782069098837068,1,1
user_13029,0,0.031247472503420203,0,0
user_13030,1,0.9494431603360084,1,1
user_13031,1,0.7134031101560002,1,0
user_13032,0,0.09018241440160707,0,0
user_13033,0,0.2136552737222651,0,0
user_13034,0,0.6392800613498898,1,1
user_13035,1,0.9717094162841257,1,1
user_13036,1,0.6558037278439355,1,1
user_13037,0,0.3799373239123408,0,0
user_13038,1,0.8501829711432892,1,1
user_13039,1,0.9225912725314356,1,1
user_13040,0,0.33917406050902066,0,0
user_13041,1,0.6893959336692407,1,1
user_13042,0,0.5867015906648898,1,1
user_13043,1,0.6051427133021495,1,0
user_13044,1,0.5465517298305551,1,0
user_13045,1,0.41442482134437825,0,1
user_13046,0,0.37214683551248245,0,0
user_13047,0,0.13063134430438028,0,0
user_13048,1,0.6356684981770819,1,0
user_13049,0,0.07406272636246906,0,0
user_13050,0,0.08281827481205963,0,0
user_13051,1,0.9651908452686154,1,1
user_13052,1,0.5337755127953754,1,0
user_13053,1,0.815571560859705,1,1
user_13054,1,0.9546821615088216,1,1
user_13055,1,0.5429290584680814,1,0
user_13056,1,0.9433403812101803,1,1
user_13057,1,0.308152890861104,0,0
user_13058,0,0.1798762196997331,0,0
user_13059,0,0.26612169451148043,0,0
user_13060,1,0.6842577675625284,1,1
user_13061,1,0.37691174162871294,0,0
user_13062,1,0.9661768305642752,1,1
user_13063,0,0.3238535640073994,0,0
user_13064,0,0.2363528027653285,0,0
user_13065,0,0.16445367532773256,0,0
user_13066,1,0.935153545531834,1,1
user_13067,0,0.7381282216083622,1,1
user_13068,0,0.04456523294442474,0,0
user_13069,1,0.9407827933813869,1,1
user_13070,1,0.9540637700178426,1,1
user_13071,0,0.017492806846692886,0,0
user_13072,0,0.14263677650458534,0,0
user_13073,0,0.2834491310554329,0,0
user_13074,0,0.1562857253042791,0,0
user_13075,1,0.9583558585821293,1,1
user_13076,0,0.8095978110159698,1,1
user_13077,0,0.01913179819146483,0,0
user_13078,0,0.0840773675797377,0,0
user_13079,0,0.051302450144998894,0,0
user_13080,0,0.2906976096708402,0,0
user_13081,0,0.23562971806824706,0,0
user_13082,0,0.7313196689313363,1,1
user_13083,0,0.15015785848671012,0,0
user_13084,0,0.5154197300822361,1,0
user_13085,0,0.27260643331455675,0,0
user_13086,1,0.9603922391340748,1,1
user_13087,0,0.2447273520487184,0,0
user_13088,1,0.894756947017919,1,1
user_13089,0,0.006940698105408593,0,0
user_13090,1,0.9312651847141499,1,1
user_13091,1,0.918574545829573,1,1
user_13092,0,0.2265176057416672,0,0
user_13093,1,0.8216934344900864,1,1
user_13094,0,0.16593980065363673,0,0
user_13095,0,0.2973620036921802,0,0
user_13096,0,0.25163270176683566,0,0
user_13097,0,0.11907027333790919,0,0
user_13098,0,0.3794739787399376,0,0
user_13099,0,0.049990512427583865,0,0
user_13100,0,0.08236141244154617,0,0
user_13101,1,0.21347599361848785,0,0
user_13102,0,0.2718127487553693,0,0
user_13103,0,0.11897767487042456,0,0
user_13104,1,0.9202466208564679,1,1
user_13105,0,0.04331223784579392,0,0
user_13106,0,0.921508297861555,1,1
user_13107,1,0.9789945498442589,1,1
user_13108,1,0.9173896740327537,1,1
user_13109,0,0.16482504827388117,0,0
user_13110,1,0.4188868382914659,0,0
user_13111,0,0.12206546389186367,0,0
user_13112,1,0.8465957965742777,1,1
user_13113,1,0.9351152191016413,1,1
user_13114,0,0.1295603513796916,0,0
user_13115,0,0.559249345344302,1,1
user_13116,0,0.10375170160806786,0,0
user_13117,1,0.7277646908633616,1,1
user_13118,1,0.3346174625537182,0,0
user_13119,1,0.888794132381172,1,1
user_13120,0,0.12506169956574972,0,0
user_13121,0,0.8603823186931139,1,1
user_13122,0,0.21428227954309917,0,0
user_13123,1,0.5915520821667468,1,1
user_13124,1,0.3492819426158903,0,0
user_13125,0,0.09449179759979123,0,0
user_13126,0,0.6110504847646069,1,1
user_13127,1,0.8330374193405355,1,1
user_13128,1,0.9285254815938783,1,1
user_13129,1,0.8390075743778453,1,1
user_13130,0,0.85778936073983,1,1
user_13131,0,0.16968966010990857,0,0
user_13132,1,0.8292122796339998,1,1
user_13133,0,0.03572368936469964,0,0
user_13134,1,0.9529699749042458,1,1
user_13135,0,0.2345131947095787,0,0
user_13136,0,0.327011710548717,0,0
user_13137,1,0.4873360966364835,0,0
user_13138,0,0.044460065239455754,0,0
user_13139,0,0.11771710272221551,0,0
user_13140,0,0.14809178700731956,0,0
user_13141,1,0.8401236241026412,1,1
user_13142,1,0.9704450486156581,1,1
user_13143,1,0.9387115846462823,1,1
user_13144,1,0.6837742726428482,1,1
user_13145,1,0.8600750898258671,1,1
user_13146,0,0.12308111410893455,0,0
user_13147,0,0.5326183614237731,1,0
user_13148,0,0.33281548160693597,0,1
user_13149,1,0.6847409186925435,1,1
user_13150,1,0.6317127304827301,1,0
user_13151,1,0.853119833849182,1,1
user_13152,1,0.9633473547072987,1,1
user_13153,0,0.11245357482690681,0,0
user_13154,0,0.59675160852441,1,1
user_13155,0,0.04908546395996428,0,0
user_13156,0,0.6619901016179167,1,1
user_13157,0,0.43115995883191127,0,0
user_13158,1,0.749751673109402,1,1
user_13159,0,0.24450882560112372,0,0
user_13160,0,0.14171724003741998,0,0
user_13161,0,0.6293415027193927,1,1
user_13162,1,0.8903918965815918,1,1
user_13163,0,0.026241360874613845,0,0
user_13164,0,0.48220935839832163,0,0
user_13165,1,0.9486277531025936,1,1
user_13166,1,0.957709986948138,1,1
user_13167,0,0.11463477840232292,0,0
user_13168,1,0.8275326581388178,1,1
user_13169,1,0.7121906616911089,1,1
user_13170,1,0.6816241558718785,1,1
user_13171,0,0.08915798003146742,0,0
user_13172,1,0.5631600673524378,1,0
user_13173,1,0.8683123976487827,1,1
user_13174,0,0.07111619366093144,0,0
user_13175,1,0.8164300522352247,1,1
user_13176,1,0.4995425226408108,0,1
user_13177,0,0.18867349656708854,0,0
user_13178,0,0.02780978558733874,0,0
user_13179,1,0.4373440055869561,0,0
user_13180,1,0.8026987984575262,1,1
user_13181,1,0.8976555461820752,1,1
user_13182,0,0.19691787452528023,0,0
user_13183,0,0.7190579618308937,1,1
user_13184,0,0.06852290200107256,0,0
user_13185,1,0.923715081732249,1,1
user_13186,1,0.6473135100935522,1,1
user_13187,0,0.47651993384453656,0,0
user_13188,0,0.24605180870678722,0,0
user_13189,1,0.6345933482433522,1,1
user_13190,1,0.4847991020571909,0,0
user_13191,1,0.646954903184935,1,1
user_13192,0,0.03912462116110786,0,0
user_13193,0,0.05886504815035084,0,0
user_13194,0,0.0891848766355766,0,0
user_13195,1,0.6166626230283668,1,1
user_13196,0,0.2215885147688173,0,0
user_13197,1,0.9469481305195954,1,1
user_13198,0,0.10208408695095131,0,0
user_13199,1,0.9438641615553081,1,1
user_13200,0,0.019480652799488518,0,0
user_13201,1,0.7223062681154658,1,1
user_13202,0,0.11651717811734157,0,0
user_13203,1,0.521378122718734,1,0
user_13204,0,0.10107673993541863,0,0
user_13205,0,0.11407974138873633,0,0
user_13206,1,0.8115505416066229,1,1
user_13207,0,0.05549966408936678,0,0
user_13208,1,0.9575274437374477,1,1
user_13209,0,0.24842544030332145,0,0
user_13210,1,0.7593697742546458,1,1
user_13211,0,0.3130900189573307,0,0
user_13212,1,0.2106527370418101,0,0
user_13213,0,0.03376860253593632,0,0
user_13214,0,0.025390299719304635,0,0
user_13215,0,0.8967546027232586,1,1
user_13216,1,0.8147701952151082,1,1
user_13217,0,0.029327553351548512,0,0
user_13218,1,0.7635261812566834,1,1
user_13219,1,0.8877563276866778,1,1
user_13220,0,0.10849027069468585,0,0
user_13221,0,0.7337017916690468,1,1
user_13222,0,0.17575088482200008,0,0
user_13223,0,0.05471829611132544,0,0
user_13224,1,0.7688877617942756,1,1
user_13225,1,0.8064976296210421,1,1
user_13226,0,0.2172332134858785,0,0
user_13227,0,0.02021750411159669,0,0
user_13228,1,0.9117886502165051,1,1
user_13229,0,0.5563563621303961,1,0
user_13230,0,0.12892080966794328,0,0
user_13231,0,0.024537624593148042,0,0
user_13232,0,0.7687140450066795,1,1
user_13233,1,0.7895564850821706,1,1
user_13234,0,0.2274895069759251,0,0
user_13235,0,0.4295598135451291,0,0
user_13236,0,0.0918765247711368,0,0
user_13237,0,0.007433153538882542,0,0
user_13238,0,0.2078691811646714,0,0
user_13239,1,0.26392590007263034,0,0
user_13240,1,0.8899805996413755,1,1
user_13241,0,0.07110352404305756,0,0
user_13242,0,0.2611257962916385,0,0
user_13243,1,0.8966267360249155,1,1
user_13244,1,0.9462378136308244,1,1
user_13245,1,0.9539084419349122,1,1
user_13246,1,0.9908190311969416,1,1
user_13247,1,0.492540631757387,0,0
user_13248,0,0.38066970458725585,0,0
user_13249,1,0.9415904691652888,1,1
user_13250,0,0.06991539478561368,0,0
user_13251,1,0.9809044586955445,1,1
user_13252,0,0.29268105661274435,0,0
user_13253,1,0.8647236088728039,1,1
user_13254,0,0.14749253670097298,0,0
user_13255,1,0.4528647078048355,0,0
user_13256,1,0.8906718317428044,1,1
user_13257,1,0.9281303001811831,1,1
user_13258,1,0.9488447643238491,1,1
user_13259,1,0.9516930365849997,1,1
user_13260,0,0.08708976819520962,0,0
user_13261,1,0.9074986418615125,1,1
user_13262,1,0.8691284786114007,1,1
user_13263,1,0.873639107950145,1,1
user_13264,0,0.504105517836603,1,1
user_13265,1,0.46372777785506564,0,0
user_13266,1,0.9770309691129911,1,1
user_13267,0,0.176361786486109,0,0
user_13268,0,0.08212980832482629,0,0
user_13269,0,0.23584375318779166,0,0
user_13270,1,0.581807673997861,1,0
user_13271,1,0.8033022039435969,1,1
user_13272,1,0.953148919812003,1,1
user_13273,0,0.49661976893954224,0,0
user_13274,1,0.6315930014137251,1,0
user_13275,0,0.1538978363252617,0,0
user_13276,0,0.08941825977397987,0,0
user_13277,0,0.1138518104915736,0,0
user_13278,1,0.8227034569549637,1,1
user_13279,1,0.8833761637220158,1,1
user_13280,1,0.6222961445714476,1,0
user_13281,1,0.8028536535469664,1,1
user_13282,0,0.15894637924115942,0,0
user_13283,0,0.6815279081202613,1,1
user_13284,1,0.948212344100844,1,1
user_13285,0,0.6783787738653833,1,1
user_13286,0,0.11551599280881535,0,0
user_13287,1,0.5400037013957794,1,0
user_13288,0,0.7105092801317742,1,1
user_13289,0,0.1104640900502497,0,0
user_13290,1,0.6949111558416727,1,0
user_13291,0,0.10537062815142853,0,0
user_13292,0,0.7966377387233354,1,1
user_13293,1,0.6363606669988034,1,1
user_13294,0,0.06957709067936357,0,0
user_13295,0,0.15661949104911815,0,0
user_13296,0,0.009358367158002534,0,0
user_13297,1,0.9300922657904797,1,1
user_13298,1,0.9393286995977428,1,1
user_13299,1,0.8680432830428518,1,1
user_13300,0,0.15093644068135673,0,0
user_13301,1,0.2425461129019174,0,0
user_13302,1,0.861894825386139,1,1
user_13303,1,0.9047697222884441,1,1
user_13304,0,0.04463718973090287,0,0
user_13305,0,0.5061626926593529,1,1
user_13306,0,0.5824660740235805,1,1
user_13307,1,0.33334969509785706,0,0
user_13308,1,0.7262679460372218,1,1
user_13309,1,0.8373279393783037,1,1
user_13310,1,0.9040467188738175,1,1
user_13311,0,0.6226060879083193,1,1
user_13312,0,0.0967473501408182,0,0
user_13313,0,0.34066299958568846,0,0
user_13314,1,0.907030770438342,1,1
user_13315,1,0.9453551051649584,1,1
user_13316,0,0.4129592878040861,0,0
user_13317,1,0.8930385705469399,1,1
user_13318,1,0.40919406064326236,0,0
user_13319,1,0.8217159906501325,1,1
user_13320,1,0.964133393041098,1,1
user_13321,0,0.15117539093704122,0,0
user_13322,0,0.21702667970596523,0,0
user_13323,0,0.7463762817848769,1,1
user_13324,1,0.812278574910675,1,1
user_13325,1,0.8694990440772646,1,1
user_13326,1,0.32193462078784224,0,0
user_13327,0,0.48355432545569876,0,0
user_13328,1,0.928501097765488,1,1
user_13329,0,0.5627297772078645,1,0
user_13330,0,0.8320059837298182,1,1
user_13331,1,0.8282494906163613,1,1
user_13332,0,0.8097240804482174,1,1
user_13333,0,0.6639138589699608,1,1
user_13334,0,0.08666213670425504,0,0
user_13335,0,0.018048215478506102,0,0
user_13336,1,0.9621720359060606,1,1
user_13337,0,0.2932692294593811,0,0
user_13338,0,0.07622178716652478,0,0
user_13339,1,0.9365215191180754,1,1
user_13340,0,0.7924133972450784,1,1
user_13341,1,0.9076779308817421,1,1
user_13342,0,0.11089261857380606,0,0
user_13343,0,0.13737092065813272,0,0
user_13344,1,0.636722528176178,1,1
user_13345,1,0.9133245382776394,1,1
user_13346,0,0.03725724489077386,0,0
user_13347,1,0.5812447753340972,1,1
user_13348,0,0.4067309946932704,0,0
user_13349,1,0.7007113554977322,1,1
user_13350,0,0.06172076889373704,0,0
user_13351,1,0.39389924496769424,0,0
user_13352,0,0.28674830655518413,0,0
user_13353,1,0.4259709017894165,0,0
user_13354,0,0.017875214444399292,0,0
user_13355,0,0.19787323081058467,0,0
user_13356,0,0.020093333403521978,0,0
user_13357,1,0.9346309583403939,1,1
user_13358,0,0.08640022187799942,0,0
user_13359,1,0.3629328211126818,0,0
user_13360,1,0.5566491865724211,1,0
user_13361,0,0.029288426744806806,0,0
user_13362,0,0.2656012020951145,0,0
user_13363,0,0.5822602331872033,1,0
user_13364,1,0.9192529133336097,1,1
user_13365,0,0.2868453943269068,0,0
user_13366,0,0.09247415090265636,0,0
user_13367,0,0.1452325643132755,0,0
user_13368,1,0.8316970372323396,1,1
user_13369,0,0.1061984917713458,0,0
user_13370,1,0.6591957182994688,1,0
user_13371,0,0.12961055982022682,0,0
user_13372,1,0.4854127750451037,0,0
user_13373,0,0.08308106571451039,0,0
user_13374,0,0.03429531185283531,0,0
user_13375,0,0.04538411192625286,0,0
user_13376,0,0.2737275047731499,0,0
user_13377,0,0.3209960350254284,0,0
user_13378,0,0.2530086861993137,0,0
user_13379,1,0.5784036321570277,1,0
user_13380,1,0.5694635917581724,1,1
user_13381,1,0.7565435952996824,1,1
user_13382,1,0.9775671001956334,1,1
user_13383,0,0.06852678549398929,0,0
user_13384,1,0.6852443553687823,1,0
user_13385,0,0.6404016301742829,1,1
user_13386,1,0.8802056217995763,1,1
user_13387,1,0.9241074891492741,1,1
user_13388,1,0.6373356552307243,1,1
user_13389,1,0.837083366598029,1,1
user_13390,1,0.8089649650179902,1,1
user_13391,0,0.20536245269819392,0,0
user_13392,0,0.293254633561345,0,0
user_13393,0,0.2418088232547439,0,0
user_13394,1,0.1782369106945176,0,0
user_13395,1,0.689458824687104,1,1
user_13396,0,0.6715621610858604,1,1
user_13397,0,0.1251689088484922,0,0
user_13398,1,0.9804553695932856,1,1
user_13399,0,0.048696589218091835,0,0
user_13400,1,0.838315932494156,1,1
user_13401,0,0.7938283528463065,1,1
user_13402,1,0.29047954037629814,0,0
user_13403,0,0.09196132623840887,0,0
user_13404,0,0.09610581658736161,0,0
user_13405,0,0.11023634611155025,0,0
user_13406,0,0.10938125679158266,0,0
user_13407,1,0.5200705531420647,1,0
user_13408,0,0.32842437656886275,0,0
user_13409,0,0.018562680809076054,0,0
user_13410,0,0.07711993616095487,0,0
user_13411,1,0.5717682702643555,1,0
user_13412,1,0.7767779955831431,1,1
user_13413,1,0.9574783844847061,1,1
user_13414,1,0.8706103187686951,1,1
user_13415,0,0.2116061983602868,0,0
user_13416,0,0.38050536517963757,0,0
user_13417,1,0.6935949337600209,1,1
user_13418,1,0.4987812704148003,0,0
user_13419,1,0.8404761655255851,1,0
user_13420,0,0.0841524150872707,0,0
user_13421,1,0.6229846115292375,1,1
user_13422,0,0.31956463146354336,0,0
user_13423,0,0.033609790975057036,0,0
user_13424,1,0.9492542705849809,1,1
user_13425,1,0.8032521641858547,1,1
user_13426,1,0.8382221243998048,1,1
user_13427,0,0.17255292810599865,0,0
user_13428,1,0.7250772196809367,1,1
user_13429,0,0.06375161258858059,0,0
user_13430,1,0.9056971775102718,1,1
user_13431,0,0.2943897377004221,0,0
user_13432,0,0.4475216545248757,0,0
user_13433,1,0.9170678379842531,1,1
user_13434,1,0.9169679249850456,1,1
user_13435,1,0.5600196724156564,1,0
user_13436,1,0.6091493233751075,1,0
user_13437,1,0.9294564889752785,1,1
user_13438,0,0.06081836899926512,0,0
user_13439,1,0.9609795831739942,1,1
user_13440,1,0.5742343333663036,1,1
user_13441,0,0.06069385437875268,0,0
user_13442,1,0.8888118181886788,1,1
user_13443,1,0.9111516019351842,1,1
user_13444,1,0.44544441744733404,0,0
user_13445,1,0.6502338726217025,1,1
user_13446,1,0.8424112894105509,1,1
user_13447,0,0.08373721642747368,0,0
user_13448,0,0.5316577014525186,1,0
user_13449,1,0.7171046334612808,1,1
user_13450,0,0.9359445225095347,1,1
user_13451,1,0.9559405895184945,1,1
user_13452,0,0.6046580103238847,1,1
user_13453,0,0.6628681801498127,1,1
user_13454,0,0.7941694840337804,1,1
user_13455,1,0.42454157421624156,0,0
user_13456,0,0.14391417709155657,0,0
user_13457,1,0.8332481200181701,1,1
user_13458,1,0.8562220169215679,1,1
user_13459,0,0.015918219970756046,0,0
user_13460,1,0.7449449853039103,1,1
user_13461,1,0.81025428447968,1,1
user_13462,0,0.29955272038648906,0,0
user_13463,0,0.9311927621368036,1,1
user_13464,0,0.062449687144087405,0,0
user_13465,0,0.05492059097498881,0,0
user_13466,0,0.4784370185148665,0,0
user_13467,1,0.7130169823716603,1,1
user_13468,1,0.9023862732745289,1,1
user_13469,0,0.2610986850381539,0,0
user_13470,0,0.08009391423788172,0,0
user_13471,0,0.511765844139853,1,0
user_13472,0,0.04251387203024756,0,0
user_13473,1,0.6273396826834425,1,0
user_13474,0,0.16483263086728,0,0
user_13475,1,0.929186968978687,1,1
user_13476,1,0.8935348717427574,1,1
user_13477,1,0.9749107551152209,1,1
user_13478,0,0.14976498406694574,0,0
user_13479,1,0.510860113535671,1,0
user_13480,1,0.6638681257448896,1,1
user_13481,1,0.7166477021195474,1,1
user_13482,1,0.8732837869467212,1,1
user_13483,0,0.6467526420235019,1,1
user_13484,0,0.3988552856118877,0,0
user_13485,1,0.40766023443338606,0,0
user_13486,0,0.13370709812627948,0,0
user_13487,1,0.2570880582437282,0,0
user_13488,1,0.9015849763151252,1,1
user_13489,1,0.4429989081681589,0,0
user_13490,0,0.19130025598724446,0,0
user_13491,0,0.2099160042735892,0,0
user_13492,1,0.9299885802138633,1,1
user_13493,0,0.24784753983223862,0,0
user_13494,0,0.07082279019004686,0,0
user_13495,1,0.2577673715890689,0,0
user_13496,0,0.4050024726363498,0,0
user_13497,1,0.4358801914204359,0,0
user_13498,0,0.4614746569272059,0,0
user_13499,1,0.45911806249883774,0,0
user_13500,0,0.09419583036295757,0,0
user_13501,0,0.08866034405478361,0,0
user_13502,0,0.46412499409092334,0,0
user_13503,0,0.10780493304871572,0,0
user_13504,0,0.2745159563440261,0,0
user_13505,1,0.5237870355915136,1,0
user_13506,1,0.8118950951843994,1,1
user_13507,1,0.8171410773792671,1,1
user_13508,1,0.47435408923722683,0,0
user_13509,1,0.8718977414750467,1,1
user_13510,0,0.10666778941489956,0,0
user_13511,0,0.2505726368534713,0,0
user_13512,1,0.9601450157298456,1,1
user_13513,0,0.017050903854971447,0,0
user_13514,1,0.7573055974123791,1,1
user_13515,1,0.6494067632326046,1,1
user_13516,1,0.856846760939906,1,1
user_13517,0,0.20158136768345028,0,0
user_13518,0,0.8577872522758065,1,1
user_13519,0,0.05598361712572488,0,0
user_13520,0,0.14866006569476362,0,0
user_13521,1,0.5050659127038672,1,0
user_13522,0,0.006707772092421431,0,0
user_13523,0,0.3932936660736199,0,0
user_13524,0,0.1980760391549774,0,0
user_13525,0,0.02816341448312104,0,0
user_13526,0,0.055921711515322804,0,0
user_13527,0,0.603784885860338,1,1
user_13528,1,0.5337877206239604,1,0
user_13529,1,0.7557335786592696,1,1
user_13530,1,0.9356808982289465,1,1
user_13531,1,0.8374782962286926,1,1
user_13532,1,0.7075920423908005,1,1
user_13533,1,0.7391630238890533,1,1
user_13534,1,0.3926807571163477,0,0
user_13535,0,0.034000181270647384,0,0
user_13536,1,0.8460803077739419,1,1
user_13537,1,0.5901346571614622,1,0
user_13538,1,0.9645274048705736,1,1
user_13539,1,0.390772840499665,0,0
user_13540,1,0.8655964376096746,1,1
user_13541,1,0.5145702711433701,1,0
user_13542,0,0.3026665090287825,0,0
user_13543,1,0.6827340857797004,1,1
user_13544,0,0.32117942184435316,0,0
user_13545,1,0.8481146068324821,1,1
user_13546,0,0.10411278710610745,0,0
user_13547,0,0.554556171857653,1,1
user_13548,0,0.017178574150659407,0,0
user_13549,1,0.7202275701537398,1,1
user_13550,1,0.9108728155404684,1,1
user_13551,0,0.10247619072861766,0,0
user_13552,1,0.8264304305923312,1,1
user_13553,1,0.6326215207053212,1,1
user_13554,1,0.9353146629564429,1,1
user_13555,0,0.1040084062219354,0,0
user_13556,0,0.49357315912933897,0,0
user_13557,0,0.19402270550261627,0,0
user_13558,0,0.2186687891363439,0,0
user_13559,0,0.4303494011114959,0,0
user_13560,0,0.1322478702523379,0,0
user_13561,1,0.9761971082871442,1,1
user_13562,1,0.8913762135280331,1,1
user_13563,0,0.20198606426723112,0,0
user_13564,0,0.4440297462502401,0,1
user_13565,0,0.03362034057872797,0,0
user_13566,0,0.10704036872037356,0,0
user_13567,0,0.12721899002865633,0,0
user_13568,1,0.9642310084654938,1,1
user_13569,1,0.8792864536004369,1,1
user_13570,0,0.3487474257038245,0,0
user_13571,1,0.6614374566159761,1,1
user_13572,1,0.9570545264694152,1,1
user_13573,1,0.7712107009528251,1,1
user_13574,0,0.058062193462095214,0,0
user_13575,0,0.24195118622710335,0,0
user_13576,0,0.8083765644218948,1,1
user_13577,1,0.30213502711166035,0,0
user_13578,1,0.8945602670549198,1,1
user_13579,0,0.05284484697814393,0,0
user_13580,0,0.036489672747620244,0,0
user_13581,1,0.6351326296611047,1,1
user_13582,1,0.658664192110064,1,1
user_13583,0,0.09118141774345946,0,0
user_13584,1,0.7594229958523777,1,1
user_13585,0,0.16451263769775148,0,0
user_13586,0,0.22573995159873722,0,0
user_13587,0,0.17093514677673657,0,0
user_13588,1,0.9528110208930608,1,1
user_13589,1,0.749973918232104,1,1
user_13590,0,0.26979888251508977,0,0
user_13591,1,0.5191186306566677,1,1
user_13592,1,0.8797343999517744,1,1
user_13593,1,0.7950419817748369,1,1
user_13594,0,0.16814029121396792,0,0
user_13595,1,0.32440368183346324,0,0
user_13596,1,0.2742339122366385,0,0
user_13597,0,0.6466347953030794,1,1
user_13598,0,0.03799644715355563,0,0
user_13599,0,0.07657291657555311,0,0
user_13600,0,0.2609487816942783,0,0
user_13601,1,0.859501729426728,1,1
user_13602,0,0.3531846788573184,0,0
user_13603,0,0.190080675344227,0,0
user_13604,1,0.890270037059464,1,1
user_13605,1,0.9352035566778389,1,1
user_13606,0,0.017236170301898175,0,0
user_13607,1,0.7988869799392027,1,0
user_13608,1,0.9431929463771088,1,1
user_13609,1,0.7695972373770273,1,1
user_13610,1,0.45891422602601106,0,0
user_13611,0,0.13776284986553758,0,0
user_13612,1,0.9003925902396078,1,1
user_13613,0,0.5769082233997639,1,0
user_13614,0,0.05665220440103804,0,0
user_13615,1,0.4143062879615982,0,0
user_13616,1,0.9755774203369943,1,1
user_13617,1,0.11487026242658167,0,0
user_13618,1,0.6988627757436813,1,1
user_13619,1,0.1759556065901835,0,0
user_13620,0,0.8735534893046668,1,1
user_13621,1,0.7100430813392362,1,0
user_13622,0,0.05339052075956376,0,0
user_13623,1,0.9304571685270026,1,1
user_13624,0,0.2057368093095782,0,0
user_13625,1,0.847034467832207,1,1
user_13626,1,0.24369189863546614,0,0
user_13627,0,0.13212213896486927,0,0
user_13628,1,0.5971290116547293,1,0
user_13629,0,0.1358190402116503,0,0
user_13630,0,0.2521407548346623,0,0
user_13631,0,0.1614142132602567,0,0
user_13632,1,0.8317985992281812,1,1
user_13633,0,0.569862902917807,1,1
user_13634,0,0.10595715954888657,0,0
user_13635,1,0.9541221741540007,1,1
user_13636,0,0.6096834464493399,1,1
user_13637,0,0.04873767826537948,0,0
user_13638,1,0.95899371429053,1,1
user_13639,1,0.8958565405065967,1,1
user_13640,1,0.3012704877812,0,0
user_13641,0,0.05745418214407175,0,0
user_13642,0,0.055069306407591584,0,0
user_13643,0,0.37254355462602134,0,0
user_13644,0,0.8654284882272242,1,1
user_13645,0,0.02824007367153547,0,0
user_13646,0,0.2361363755750377,0,0
user_13647,0,0.4567210938142435,0,0
user_13648,1,0.977881918358979,1,1
user_13649,1,0.9077562494144267,1,1
user_13650,0,0.07891901507292678,0,0
user_13651,0,0.023335023600625497,0,0
user_13652,1,0.8854402141128979,1,1
user_13653,0,0.18394428082912065,0,0
user_13654,0,0.3059620710439279,0,0
user_13655,0,0.3511356957563237,0,0
user_13656,0,0.07366046668620935,0,0
user_13657,1,0.7128784270576032,1,1
user_13658,0,0.06150962527211471,0,0
user_13659,0,0.14575443168896035,0,0
user_13660,0,0.3632015166611736,0,0
user_13661,0,0.2415317136938451,0,0
user_13662,0,0.397602996526379,0,0
user_13663,1,0.7777145530303698,1,1
user_13664,1,0.9023863847979372,1,1
user_13665,0,0.50519898422729,1,0
user_13666,1,0.9318724448669119,1,1
user_13667,0,0.37412210906721105,0,0
user_13668,0,0.02621067713920944,0,0
user_13669,0,0.40296082417660095,0,1
user_13670,0,0.11945786740905988,0,0
user_13671,1,0.8468463143461572,1,1
user_13672,0,0.11918958699712998,0,0
user_13673,1,0.7232413564161972,1,1
user_13674,0,0.1037762799788164,0,0
user_13675,1,0.8852599774172635,1,1
user_13676,0,0.13030056074295907,0,0
user_13677,1,0.9505605011851589,1,1
user_13678,0,0.2258671663029972,0,0
user_13679,1,0.7055372178102731,1,1
user_13680,0,0.0064655045602245486,0,0
user_13681,1,0.5146643855159678,1,0
user_13682,0,0.12698511425196002,0,0
user_13683,0,0.22760015549281296,0,0
user_13684,0,0.014849064042584868,0,0
user_13685,1,0.5813020416365703,1,0
user_13686,0,0.27726868485145334,0,0
user_13687,1,0.5498963523405834,1,1
user_13688,0,0.11536620547496808,0,0
user_13689,0,0.48748375365915525,0,0
user_13690,0,0.3538276417638039,0,0
user_13691,1,0.8791484028783001,1,1
user_13692,1,0.8167907644814397,1,1
user_13693,1,0.6016123807283846,1,1
user_13694,0,0.1653598450984882,0,0
user_13695,0,0.42052971124536,0,0
user_13696,0,0.5739750323312042,1,0
user_13697,0,0.5924737564392529,1,1
user_13698,0,0.06934134989074443,0,0
user_13699,0,0.1642303486133024,0,0
user_13700,0,0.22580691496978575,0,0
user_13701,1,0.5935543210045143,1,1
user_13702,1,0.696636769856602,1,1
user_13703,1,0.3646851225506176,0,1
user_13704,0,0.27187782624303763,0,0
user_13705,1,0.8467231707469635,1,1
user_13706,0,0.079054986378112,0,0
user_13707,0,0.26062149559466624,0,0
user_13708,1,0.780860047058582,1,1
user_13709,0,0.5280562863912704,1,0
user_13710,1,0.6365306433980074,1,1
user_13711,0,0.01375442960362685,0,0
user_13712,0,0.15330013314309157,0,0
user_13713,0,0.07498844675072348,0,0
user_13714,1,0.8654491651554469,1,1
user_13715,1,0.7050466111587338,1,1
user_13716,1,0.6557495731069161,1,1
user_13717,0,0.02032073866526598,0,0
user_13718,1,0.650756414889154,1,1
user_13719,1,0.7063366354383743,1,1
user_13720,0,0.5741646515908818,1,0
user_13721,1,0.7633248474936649,1,1
user_13722,1,0.4453898021792341,0,0
user_13723,0,0.18204463311342511,0,0
user_13724,0,0.1723566348977995,0,0
user_13725,0,0.7313340007890993,1,1
user_13726,0,0.5174309098743288,1,1
user_13727,1,0.6437686718611546,1,1
user_13728,1,0.5103060484332306,1,0
user_13729,1,0.7680017351986677,1,1
user_13730,1,0.9288116039415064,1,1
user_13731,0,0.07172717589080255,0,0
user_13732,1,0.9507535624172044,1,1
user_13733,1,0.9548413147868414,1,1
user_13734,1,0.8627828443111137,1,1
user_13735,0,0.10148018525437993,0,0
user_13736,0,0.14355871891167216,0,0
user_13737,0,0.11674492408326219,0,0
user_13738,1,0.3940691232330121,0,0
user_13739,0,0.01200804173447589,0,0
user_13740,1,0.8985197752157987,1,1
user_13741,0,0.8773644338795604,1,1
user_13742,0,0.3822218497410479,0,0
user_13743,1,0.7794467198600109,1,1
user_13744,1,0.7315814418508955,1,1
user_13745,0,0.058818586496371866,0,0
user_13746,1,0.5830327248760689,1,0
user_13747,0,0.34470074586993993,0,0
user_13748,1,0.7145785726780326,1,0
user_13749,0,0.15839272294578008,0,0
user_13750,1,0.6164985793666989,1,1
user_13751,0,0.09953959539964155,0,0
user_13752,0,0.6821488640215273,1,1
user_13753,0,0.15151019493797954,0,0
user_13754,1,0.4040395108074084,0,0
user_13755,0,0.3332449561361062,0,0
user_13756,0,0.3807888426368045,0,0
user_13757,1,0.7477625156871899,1,1
user_13758,0,0.6361565116137907,1,0
user_13759,0,0.07973755486027055,0,0
user_13760,1,0.42755210018967943,0,0
user_13761,0,0.5070033656263916,1,0
user_13762,1,0.9311049685405381,1,1
user_13763,0,0.14696087713161396,0,0
user_13764,1,0.9149289127247243,1,1
user_13765,0,0.0999061214311492,0,0
user_13766,0,0.0560089179456763,0,0
user_13767,0,0.05057528011599536,0,0
user_13768,1,0.9330108838476864,1,1
user_13769,0,0.039248678111655236,0,0
user_13770,0,0.17770050531808454,0,0
user_13771,1,0.8038586891021182,1,1
user_13772,1,0.644014666073473,1,1
user_13773,1,0.5641861016968258,1,0
user_13774,0,0.10362257762780418,0,0
user_13775,1,0.5680018430380392,1,0
user_13776,0,0.07786932300118833,0,0
user_13777,1,0.7238170925674733,1,1
user_13778,1,0.7526310800521521,1,1
user_13779,0,0.7845625940571911,1,1
user_13780,0,0.10049182712493995,0,0
user_13781,0,0.28049718055850603,0,0
user_13782,0,0.4287577045281321,0,0
user_13783,1,0.7811821049164759,1,1
user_13784,1,0.7763832736087377,1,1
user_13785,1,0.7123037461949366,1,1
user_13786,1,0.9225379144720101,1,1
user_13787,1,0.6390613918844601,1,1
user_13788,0,0.15649657930867736,0,0
user_13789,1,0.7846534176892235,1,1
user_13790,0,0.650262092824161,1,1
user_13791,0,0.18075740456803807,0,0
user_13792,0,0.33751670749637136,0,0
user_13793,0,0.04327258426691629,0,0
user_13794,1,0.48768755777288136,0,0
user_13795,1,0.534494079571545,1,0
user_13796,1,0.5137658956823082,1,0
user_13797,1,0.2017900210657846,0,0
user_13798,0,0.05520251444798628,0,0
user_13799,0,0.049299957847899034,0,0
user_13800,1,0.5119140443784845,1,0
user_13801,1,0.8000752633791706,1,1
user_13802,0,0.1860927228893709,0,0
user_13803,0,0.9056698753191534,1,1
user_13804,1,0.9645641615425868,1,1
user_13805,1,0.8860320405139213,1,1
user_13806,1,0.9031727800467525,1,1
user_13807,0,0.09552892520944209,0,0
user_13808,0,0.8908483024225479,1,1
user_13809,0,0.017404237245131966,0,0
user_13810,0,0.07344188755842007,0,0
user_13811,1,0.5948066138558377,1,1
user_13812,0,0.41072346972157237,0,0
user_13813,0,0.017741185880750996,0,0
user_13814,1,0.8066057394658487,1,1
user_13815,0,0.518753651514612,1,0
user_13816,1,0.46895117002808867,0,0
user_13817,0,0.022850397749264673,0,0
user_13818,1,0.9593514586421134,1,1
user_13819,1,0.8812028151934835,1,1
user_13820,1,0.31411717141054,0,0
user_13821,1,0.6169589544213009,1,1
user_13822,1,0.7608904225778025,1,1
user_13823,0,0.19318915321938343,0,0
user_13824,1,0.7956651165027246,1,1
user_13825,0,0.0830224523094495,0,0
user_13826,1,0.30256401505455816,0,0
user_13827,1,0.9491937239479398,1,1
user_13828,0,0.055363506815074244,0,0
user_13829,0,0.058612464938140804,0,0
user_13830,0,0.039191412884646865,0,0
user_13831,0,0.031168723952420294,0,0
user_13832,1,0.7189331530061681,1,1
user_13833,1,0.5482550674642162,1,1
user_13834,0,0.1703554104404158,0,0
user_13835,1,0.8461470684469846,1,1
user_13836,0,0.1103353405141024,0,0
user_13837,1,0.6589081325731914,1,1
user_13838,0,0.6744720950317294,1,1
user_13839,1,0.9094361172796802,1,1
user_13840,1,0.9514921828570215,1,1
user_13841,0,0.025894409378111796,0,0
user_13842,1,0.8425040508593106,1,1
user_13843,0,0.09728094443209266,0,0
user_13844,0,0.6645921350360072,1,0
user_13845,0,0.19323895879450254,0,0
user_13846,0,0.08613910493746697,0,0
user_13847,0,0.27272483314477597,0,0
user_13848,1,0.8836455487413155,1,1
user_13849,1,0.6731308729660656,1,1
user_13850,0,0.21249542235921193,0,0
user_13851,1,0.8172021379627041,1,1
user_13852,1,0.6894293392838055,1,1
user_13853,0,0.014100855833856639,0,0
user_13854,1,0.39372975093837387,0,0
user_13855,1,0.8084580180976912,1,1
user_13856,0,0.320274296173735,0,0
user_13857,0,0.5115226061579282,1,1
user_13858,1,0.5723046784002909,1,0
user_13859,0,0.2116372055438155,0,0
user_13860,0,0.11063065117156436,0,0
user_13861,0,0.24235115160963816,0,0
user_13862,0,0.15791077313702645,0,0
user_13863,0,0.024353535508274533,0,0
user_13864,0,0.03127901074783688,0,0
user_13865,1,0.9309566873215424,1,1
user_13866,1,0.9376122020548276,1,1
user_13867,0,0.20135701954191076,0,0
user_13868,1,0.8086884000505244,1,1
user_13869,0,0.022610760558715047,0,0
user_13870,1,0.7046818281526239,1,1
user_13871,0,0.0977299342610601,0,0
user_13872,0,0.069749828162601,0,0
user_13873,0,0.5192375714228394,1,0
user_13874,1,0.47958882144290094,0,0
user_13875,0,0.3367057557566286,0,0
user_13876,0,0.41257074477678807,0,0
user_13877,1,0.8905802455400239,1,1
user_13878,1,0.8595937172476155,1,1
user_13879,0,0.46446618543678436,0,0
user_13880,1,0.7626443530533711,1,1
user_13881,1,0.5519972493610772,1,1
user_13882,1,0.8298306374719578,1,1
user_13883,0,0.5456539787105122,1,0
user_13884,1,0.9008655674612945,1,1
user_13885,1,0.7407614796772053,1,1
user_13886,1,0.23724537638347545,0,0
user_13887,1,0.3916890888494306,0,0
user_13888,0,0.21458047528309265,0,0
user_13889,0,0.4596965287225271,0,1
user_13890,0,0.2752529932189946,0,0
user_13891,1,0.7194913924013361,1,0
user_13892,0,0.05255290442758512,0,0
user_13893,1,0.9195899369595226,1,1
user_13894,1,0.936916176694007,1,1
user_13895,1,0.6955080163095305,1,1
user_13896,0,0.23279167648032703,0,0
user_13897,1,0.6160246506821594,1,0
user_13898,0,0.697666575673389,1,1
user_13899,0,0.474946843947342,0,1
user_13900,0,0.9303274945106427,1,1
user_13901,1,0.851052681188973,1,1
user_13902,0,0.38057504393181757,0,0
user_13903,1,0.35821354182834175,0,0
user_13904,0,0.4002467335624385,0,0
user_13905,1,0.73243052581653,1,1
user_13906,0,0.028922472366342985,0,0
user_13907,0,0.09651536390070646,0,0
user_13908,1,0.6833511542528146,1,1
user_13909,0,0.19089136378540386,0,0
user_13910,1,0.29189277182276113,0,0
user_13911,0,0.05880521905860763,0,0
user_13912,0,0.22124696903874494,0,0
user_13913,1,0.7470228120626334,1,1
user_13914,1,0.9130378238427788,1,1
user_13915,0,0.4654535935979419,0,1
user_13916,1,0.8081109031379431,1,1
user_13917,0,0.2046023828295351,0,0
user_13918,1,0.9870067781319256,1,1
user_13919,0,0.030354755063273776,0,0
user_13920,1,0.5922027549700111,1,0
user_13921,1,0.7887212775649144,1,0
user_13922,0,0.1545512943783141,0,0
user_13923,1,0.9204200753663463,1,1
user_13924,0,0.6888484848945738,1,1
user_13925,0,0.08895171113302584,0,0
user_13926,1,0.8706200442753829,1,1
user_13927,1,0.7797404334062518,1,1
user_13928,0,0.046419852533139204,0,0
user_13929,1,0.5046547943625853,1,0
user_13930,0,0.021339071318458334,0,0
user_13931,0,0.01806979349828817,0,0
user_13932,0,0.4047245021528598,0,0
user_13933,1,0.9220011955954848,1,1
user_13934,0,0.05567424243762164,0,0
user_13935,0,0.07365320260466707,0,0
user_13936,0,0.07759081896489836,0,0
user_13937,1,0.9432336152886152,1,1
user_13938,0,0.7609841308459451,1,1
user_13939,0,0.0437799048919796,0,0
user_13940,1,0.27212286749129655,0,0
user_13941,0,0.15953045937247454,0,0
user_13942,0,0.017860277143451876,0,0
user_13943,0,0.5450387274597909,1,1
user_13944,1,0.8338473912354449,1,1
user_13945,0,0.34014756675739893,0,0
user_13946,1,0.8309971089382061,1,1
user_13947,0,0.07689276505067123,0,0
user_13948,1,0.8784577865079668,1,1
user_13949,0,0.5876306084377887,1,1
user_13950,1,0.8954223352960075,1,1
user_13951,0,0.11749241822541284,0,0
user_13952,0,0.30925881512585884,0,0
user_13953,0,0.17598806337717599,0,0
user_13954,0,0.15874254093442525,0,0
user_13955,0,0.043706217794268455,0,0
user_13956,1,0.5674863353825379,1,0
user_13957,1,0.7787490233178566,1,1
user_13958,0,0.11558030074404847,0,0
user_13959,0,0.0836775561451806,0,0
user_13960,0,0.42280765957122346,0,0
user_13961,1,0.700834105262098,1,0
user_13962,0,0.06141355061697188,0,0
user_13963,1,0.33020628807434094,0,0
user_13964,0,0.5810466541528123,1,1
user_13965,1,0.8387975596738232,1,1
user_13966,0,0.15795823577330298,0,0
user_13967,1,0.5726668848252995,1,1
user_13968,0,0.05745705012381101,0,0
user_13969,1,0.9248781318189035,1,1
user_13970,0,0.4020016616965719,0,0
user_13971,1,0.8717488669499783,1,1
user_13972,1,0.645675855319012,1,1
user_13973,1,0.9427160713567412,1,1
user_13974,0,0.21446071627952107,0,0
user_13975,0,0.45087253803064564,0,0
user_13976,1,0.8629194938389856,1,1
user_13977,0,0.01620820426738751,0,0
user_13978,1,0.7226922804801684,1,0
user_13979,0,0.12473648078765918,0,0
user_13980,0,0.17116766464538224,0,0
user_13981,0,0.09470251897074021,0,0
user_13982,1,0.6553101693780825,1,1
user_13983,0,0.11640793233961214,0,0
user_13984,1,0.9579107367688905,1,1
user_13985,1,0.9686427977618483,1,1
user_13986,0,0.6587391843551069,1,1
user_13987,0,0.6079304773707045,1,1
user_13988,0,0.25122729196115173,0,0
user_13989,1,0.7338077977809929,1,0
user_13990,0,0.027157114803579425,0,0
user_13991,1,0.8130046651368839,1,1
user_13992,0,0.17924862995904953,0,0
user_13993,1,0.5545994529028173,1,1
user_13994,1,0.8962762567576834,1,1
user_13995,0,0.34416613590562606,0,0
user_13996,0,0.17561530309231893,0,0
user_13997,0,0.3153551070054426,0,0
user_13998,0,0.5683240132885191,1,1
user_13999,1,0.6262349532756051,1,1
user_14000,0,0.18719859867995442,0,0
user_14001,0,0.037480527093941444,0,0
user_14002,1,0.5793126932772752,1,1
user_14003,1,0.873037036893152,1,1
user_14004,0,0.13119131591466876,0,0
user_14005,1,0.8252848167045648,1,1
user_14006,0,0.7819466058701161,1,1
user_14007,1,0.7090864970046237,1,0
user_14008,0,0.0459105688990686,0,0
user_14009,0,0.30679698513667397,0,0
user_14010,1,0.9600955943283244,1,1
user_14011,1,0.9133268356322151,1,1
user_14012,1,0.9664442956730289,1,1
user_14013,1,0.5480519953880338,1,0
user_14014,1,0.37597407931893767,0,0
user_14015,0,0.6657961978322244,1,1
user_14016,1,0.942370097572153,1,1
user_14017,1,0.7948089460809044,1,1
user_14018,0,0.21177065865742317,0,0
user_14019,0,0.08986288756366098,0,0
user_14020,1,0.8709411287814985,1,1
user_14021,1,0.3423349048524468,0,0
user_14022,0,0.12457914943064428,0,0
user_14023,0,0.2817279883622642,0,0
user_14024,0,0.22631901629172968,0,0
user_14025,0,0.3916769840415428,0,0
user_14026,0,0.5077189155370927,1,0
user_14027,0,0.03741937047301736,0,0
user_14028,1,0.9366927086993442,1,1
user_14029,1,0.8203843581717603,1,1
user_14030,1,0.8542632129919753,1,1
user_14031,1,0.9029790632851251,1,1
user_14032,1,0.69816073074208,1,1
user_14033,0,0.7786734985902235,1,1
user_14034,0,0.2622966827922446,0,0
user_14035,0,0.34869867204366195,0,0
user_14036,0,0.5787495201286063,1,0
user_14037,1,0.25268123782481083,0,0
user_14038,1,0.6296217699190239,1,0
user_14039,0,0.14695486312258718,0,0
user_14040,1,0.9002752330284622,1,1
user_14041,1,0.6985533855298154,1,1
user_14042,0,0.018113700665801594,0,0
user_14043,1,0.8240204721826524,1,1
user_14044,1,0.9366158468696659,1,1
user_14045,1,0.9512071237042344,1,1
user_14046,1,0.7404972890251702,1,1
user_14047,1,0.6950292126755382,1,1
user_14048,0,0.012962944512376066,0,0
user_14049,0,0.1813735628507999,0,0
user_14050,0,0.05811327881248173,0,0
user_14051,1,0.7966355827753998,1,1
user_14052,1,0.9229053677920573,1,1
user_14053,1,0.7881533598426178,1,1
user_14054,0,0.4048004521439564,0,0
user_14055,1,0.7069896242527727,1,1
user_14056,1,0.34856695583288677,0,0
user_14057,0,0.1417193787933688,0,0
user_14058,0,0.0319932426174472,0,0
user_14059,0,0.8602996751186077,1,1
user_14060,1,0.9016387584752645,1,1
user_14061,1,0.4604990408678652,0,0
user_14062,0,0.09949484301646369,0,0
user_14063,1,0.8599586945088221,1,1
user_14064,1,0.7023777118388546,1,1
user_14065,1,0.4651534091160508,0,0
user_14066,1,0.7592813435356891,1,1
user_14067,1,0.920476688212219,1,1
user_14068,0,0.29942934538029065,0,0
user_14069,0,0.08599013378196287,0,0
user_14070,1,0.5744422333385234,1,0
user_14071,1,0.8992217185663196,1,1
user_14072,0,0.5251852146719413,1,0
user_14073,0,0.09471426447151507,0,0
user_14074,0,0.14843803362716526,0,0
user_14075,0,0.08953588051072163,0,0
user_14076,0,0.10327440989914344,0,0
user_14077,0,0.15802866550638783,0,0
user_14078,1,0.8319777967011853,1,1
user_14079,0,0.2691467346254311,0,0
user_14080,0,0.27737979088433395,0,0
user_14081,0,0.6739847028467798,1,1
user_14082,1,0.9526189739077222,1,1
user_14083,1,0.8019452256864507,1,1
user_14084,0,0.067046096645468,0,0
user_14085,1,0.8391107768606054,1,1
user_14086,0,0.22543685959122872,0,0
user_14087,1,0.951484667162315,1,1
user_14088,1,0.729793715192325,1,0
user_14089,0,0.05705220468516232,0,0
user_14090,1,0.9248822694663071,1,1
user_14091,0,0.05576296306044767,0,0
user_14092,1,0.8669463783740418,1,1
user_14093,0,0.942537273275271,1,1
user_14094,0,0.11392983419721264,0,0
user_14095,1,0.6709695638428544,1,1
user_14096,1,0.5945889488002033,1,0
user_14097,0,0.015371479857570532,0,0
user_14098,1,0.764318091439639,1,1
user_14099,1,0.9391615191381002,1,1
user_14100,1,0.8367086816670156,1,1
user_14101,1,0.8629117422881237,1,1
user_14102,1,0.7353772917427768,1,0
user_14103,1,0.6307960308259587,1,1
user_14104,0,0.10943517560711269,0,0
user_14105,0,0.12070955077977162,0,0
user_14106,0,0.620045244014515,1,1
user_14107,0,0.43053642600749614,0,0
user_14108,1,0.6837455078794418,1,1
user_14109,1,0.42064732260366366,0,0
user_14110,1,0.9484325054483785,1,1
user_14111,0,0.04154066421936857,0,0
user_14112,0,0.03356152421827342,0,0
user_14113,0,0.022361751291272693,0,0
user_14114,1,0.948074303309604,1,1
user_14115,1,0.8656255394160055,1,1
user_14116,1,0.9345797202265966,1,1
user_14117,0,0.02013578657191853,0,0
user_14118,0,0.07156490476335634,0,0
user_14119,0,0.1873685914069288,0,0
user_14120,1,0.8982191514258339,1,1
user_14121,0,0.24052898982678111,0,0
user_14122,1,0.95087263613877,1,1
user_14123,0,0.24575181885685898,0,0
user_14124,1,0.8512887662155596,1,1
user_14125,0,0.1973970877176393,0,0
user_14126,0,0.17192152965988652,0,0
user_14127,1,0.6779677493907256,1,0
user_14128,1,0.36883266908100126,0,0
user_14129,0,0.2234491515954102,0,0
user_14130,1,0.21318859083122116,0,0
user_14131,0,0.05095930093386994,0,0
user_14132,0,0.3658888948262598,0,0
user_14133,1,0.8152091247022398,1,1
user_14134,1,0.6551666263989967,1,1
user_14135,0,0.9212178440766167,1,1
user_14136,0,0.6658499018242221,1,1
user_14137,0,0.03683608687559249,0,0
user_14138,0,0.1194268684270847,0,0
user_14139,0,0.4255338774519202,0,0
user_14140,1,0.9066359324298562,1,1
user_14141,1,0.2893546697745364,0,0
user_14142,1,0.663855530388008,1,1
user_14143,1,0.9087460885415104,1,1
user_14144,0,0.11000567155621338,0,0
user_14145,0,0.2876035098325914,0,0
user_14146,0,0.5819380236765795,1,0
user_14147,0,0.3568551678472104,0,0
user_14148,1,0.92113267395855,1,1
user_14149,1,0.8719448802582347,1,1
user_14150,0,0.035002196158015184,0,0
user_14151,0,0.1466687788944146,0,0
user_14152,1,0.4854657559947171,0,0
user_14153,0,0.08701814828501493,0,0
user_14154,0,0.31007942244122744,0,0
user_14155,1,0.7393820411283917,1,1
user_14156,0,0.7985387259710247,1,1
user_14157,1,0.8792484353087179,1,1
user_14158,1,0.9390498204831672,1,1
user_14159,1,0.4514980463123851,0,1
user_14160,1,0.6181001022560018,1,1
user_14161,0,0.14612817015485197,0,0
user_14162,0,0.08666116880759857,0,0
user_14163,1,0.8724296427561641,1,1
user_14164,1,0.2929306339986213,0,0
user_14165,1,0.6767977614065006,1,1
user_14166,0,0.02491470756238135,0,0
user_14167,1,0.2707514772987533,0,0
user_14168,0,0.09274583006511522,0,0
user_14169,0,0.030054178367689987,0,0
user_14170,0,0.4274062423939164,0,0
user_14171,1,0.8126434227248068,1,1
user_14172,0,0.0528078686458128,0,0
user_14173,1,0.8993813012177369,1,1
user_14174,1,0.41726193805943257,0,0
user_14175,0,0.0894005807340162,0,0
user_14176,0,0.046554697875245396,0,0
user_14177,1,0.9523958802303986,1,1
user_14178,0,0.3445565297509046,0,0
user_14179,1,0.3722954973403798,0,0
user_14180,1,0.8448673895366373,1,1
user_14181,0,0.08809365015720601,0,0
user_14182,0,0.24155079778085234,0,0
user_14183,1,0.7695163547493292,1,1
user_14184,0,0.032818096289621804,0,0
user_14185,1,0.6291158453400062,1,0
user_14186,1,0.856346869173344,1,1
user_14187,0,0.13006509421761128,0,0
user_14188,1,0.9132173378005587,1,1
user_14189,1,0.8658045495573786,1,1
user_14190,0,0.04315134937733696,0,0
user_14191,1,0.8777176414348801,1,1
user_14192,1,0.5897159293385693,1,1
user_14193,1,0.8870841660145998,1,1
user_14194,0,0.2614122936570576,0,0
user_14195,1,0.719588299783603,1,1
user_14196,1,0.9629068637654348,1,1
user_14197,1,0.9745499857386496,1,1
user_14198,0,0.37260472819436913,0,0
user_14199,1,0.9347044070113314,1,1
user_14200,1,0.5407292530035687,1,0
user_14201,1,0.970488933958091,1,1
user_14202,1,0.9414868516537064,1,1
user_14203,1,0.760435824032622,1,1
user_14204,1,0.5535588026474897,1,0
user_14205,1,0.577353752072913,1,1
user_14206,1,0.9072828096494322,1,1
user_14207,1,0.8495602588445257,1,1
user_14208,1,0.8839925981246525,1,1
user_14209,1,0.9279550429773489,1,1
user_14210,0,0.4349010165788847,0,0
user_14211,0,0.6957159203899679,1,1
user_14212,1,0.9376747838315538,1,1
user_14213,0,0.06479061255256839,0,0
user_14214,1,0.9179065077798303,1,1
user_14215,0,0.3293437027131515,0,0
user_14216,1,0.45139062873613617,0,0
user_14217,0,0.2186998331982269,0,0
user_14218,1,0.8616645693494329,1,1
user_14219,1,0.6741034314045398,1,0
user_14220,1,0.953838686669481,1,1
user_14221,0,0.09570624044403893,0,0
user_14222,0,0.5569131328674307,1,1
user_14223,1,0.830192160822614,1,1
user_14224,1,0.8250912963282195,1,1
user_14225,0,0.3222043894563133,0,0
user_14226,1,0.8845825641430014,1,1
user_14227,0,0.032269820453141626,0,0
user_14228,1,0.859993774343079,1,0
user_14229,1,0.6332377493255992,1,0
user_14230,0,0.277879020453698,0,0
user_14231,0,0.5938269775734636,1,1
user_14232,0,0.15733762117904662,0,0
user_14233,0,0.20117299207767386,0,0
user_14234,1,0.8725650003169411,1,1
user_14235,1,0.6330831641014996,1,0
user_14236,0,0.028525130490213695,0,0
user_14237,0,0.12093738479784852,0,0
user_14238,0,0.2364303141170466,0,0
user_14239,1,0.8633929655525663,1,1
user_14240,0,0.05913926410384271,0,0
user_14241,0,0.034580002999682724,0,0
user_14242,0,0.08401299165961748,0,0
user_14243,0,0.09457800303051599,0,0
user_14244,0,0.3649647070957421,0,0
user_14245,0,0.11966628754034822,0,0
user_14246,0,0.055357374481877754,0,0
user_14247,0,0.17245568078978019,0,0
user_14248,1,0.6664218357832953,1,1
user_14249,0,0.25212587589134255,0,0
user_14250,0,0.15527827424239943,0,0
user_14251,1,0.9063147481993686,1,1
user_14252,1,0.9595976668881023,1,1
user_14253,0,0.18961584902313403,0,0
user_14254,0,0.42304582011523306,0,0
user_14255,1,0.9435647282352443,1,1
user_14256,0,0.018704992898392638,0,0
user_14257,0,0.09051687518473875,0,0
user_14258,0,0.16319280651181295,0,0
user_14259,0,0.6390683654361592,1,1
user_14260,1,0.8848351344077643,1,1
user_14261,0,0.14451432055657504,0,0
user_14262,0,0.09790784379658428,0,0
user_14263,1,0.5341171326082416,1,1
user_14264,1,0.6907814647971875,1,1
user_14265,0,0.22513035655541272,0,0
user_14266,1,0.7087740620694689,1,1
user_14267,1,0.5365941913821624,1,0
user_14268,0,0.14170755672616353,0,0
user_14269,0,0.658841459492257,1,1
user_14270,0,0.2932583001312441,0,0
user_14271,0,0.5510671765688805,1,0
user_14272,1,0.2810213086570505,0,0
user_14273,1,0.9511285921638932,1,1
user_14274,1,0.42147072134780256,0,0
user_14275,1,0.6440687374668111,1,1
user_14276,1,0.8783488897125168,1,1
user_14277,1,0.45609033739252314,0,0
user_14278,0,0.022569949719810394,0,0
user_14279,1,0.9183975395633954,1,1
user_14280,1,0.41268015490546783,0,0
user_14281,0,0.2428330908212047,0,0
user_14282,0,0.8583332212173597,1,1
user_14283,1,0.9357517957715373,1,1
user_14284,1,0.8183634307279377,1,1
user_14285,0,0.2334055862502647,0,0
user_14286,0,0.0382390413547704,0,0
user_14287,1,0.7810324879085596,1,1
user_14288,1,0.9199178218736872,1,1
user_14289,1,0.9457417367360301,1,1
user_14290,0,0.3748167982857707,0,0
user_14291,1,0.9212131610447978,1,1
user_14292,1,0.9129279951352082,1,1
user_14293,0,0.03467086745437756,0,0
user_14294,1,0.5494101444042734,1,0
user_14295,1,0.9329986382143002,1,1
user_14296,1,0.8089324692397601,1,1
user_14297,1,0.6780016061991792,1,1
user_14298,1,0.17236111660889616,0,0
user_14299,1,0.9201541877901911,1,1
user_14300,1,0.4974936135492711,0,0
user_14301,0,0.09441068012256909,0,0
user_14302,0,0.672652036978814,1,1
user_14303,1,0.8933847451676864,1,1
user_14304,0,0.6520435310152282,1,1
user_14305,1,0.9567261188335131,1,1
user_14306,1,0.9548362383036186,1,1
user_14307,1,0.701122790825925,1,1
user_14308,0,0.7607535154129118,1,1
user_14309,0,0.6562240598776165,1,1
user_14310,1,0.9394802062469929,1,1
user_14311,0,0.33854244391068805,0,0
user_14312,0,0.05869520011994274,0,0
user_14313,1,0.583320874489635,1,1
user_14314,0,0.12081318495706417,0,0
user_14315,1,0.41259117787205124,0,0
user_14316,0,0.1731971740930443,0,0
user_14317,1,0.9532520584445492,1,1
user_14318,0,0.19517514061071084,0,0
user_14319,0,0.4521458705999507,0,0
user_14320,1,0.9216559877250045,1,1
user_14321,0,0.12625379495478642,0,0
user_14322,0,0.10427806108739461,0,0
user_14323,0,0.2665191448024126,0,0
user_14324,0,0.24839780953013882,0,0
user_14325,1,0.7673804898949727,1,1
user_14326,0,0.41885736118736294,0,0
user_14327,0,0.08752283121914992,0,0
user_14328,0,0.0966492829282185,0,0
user_14329,1,0.6145882022255688,1,1
user_14330,1,0.6313607181644979,1,1
user_14331,0,0.706522970563971,1,1
user_14332,0,0.29518326001107564,0,0
user_14333,0,0.20593842124089085,0,0
user_14334,0,0.14000018477398302,0,0
user_14335,0,0.26940000067080067,0,0
user_14336,1,0.9195990585091228,1,1
user_14337,0,0.0360852811179738,0,0
user_14338,1,0.36884194638688567,0,0
user_14339,1,0.7163123656523985,1,1
user_14340,0,0.026481420022623315,0,0
user_14341,1,0.8561517680887953,1,1
user_14342,1,0.3521135620809466,0,0
user_14343,1,0.9477326627607635,1,1
user_14344,1,0.7693267521121312,1,1
user_14345,0,0.03423944665667651,0,0
user_14346,0,0.5600546125373149,1,1
user_14347,0,0.5451175222597507,1,0
user_14348,1,0.9367230294290143,1,1
user_14349,0,0.7530500870761347,1,1
user_14350,0,0.05637715106632816,0,0
user_14351,1,0.9445495599199105,1,1
user_14352,0,0.6831991968514134,1,1
user_14353,1,0.9123129181952604,1,1
user_14354,0,0.1780047994200405,0,0
user_14355,1,0.23969532546343647,0,0
user_14356,0,0.1534389915335257,0,0
user_14357,1,0.9466624546939761,1,1
user_14358,1,0.9615367530759882,1,1
user_14359,1,0.4297274486289181,0,0
user_14360,0,0.3574228138109088,0,0
user_14361,1,0.3493431323784216,0,0
user_14362,0,0.09125455622668417,0,0
user_14363,1,0.8456146733949735,1,1
user_14364,1,0.881791513698602,1,1
user_14365,1,0.5356873276810763,1,0
user_14366,0,0.2599402562636992,0,0
user_14367,1,0.6987886823180379,1,1
user_14368,1,0.9027107633194199,1,1
user_14369,1,0.9548972577605008,1,1
user_14370,1,0.657632336642584,1,0
user_14371,0,0.07165875531180875,0,0
user_14372,0,0.16857443912711353,0,0
user_14373,1,0.8844102987852076,1,1
user_14374,0,0.09974847131453662,0,0
user_14375,0,0.2046272788495819,0,0
user_14376,0,0.08383106545298513,0,0
user_14377,0,0.179619933660789,0,0
user_14378,0,0.8929234580435597,1,1
user_14379,1,0.6701319465352544,1,1
user_14380,0,0.012770928004111717,0,0
user_14381,0,0.535970522982651,1,0
user_14382,1,0.6993578442276187,1,1
user_14383,1,0.4994700852657515,0,0
user_14384,0,0.07928789956395406,0,0
user_14385,0,0.3762905860664174,0,0
user_14386,0,0.05807609018962194,0,0
user_14387,1,0.3499341472209116,0,0
user_14388,1,0.8206761783974268,1,1
user_14389,1,0.6585703310432666,1,1
user_14390,1,0.8765401655491903,1,1
user_14391,0,0.276635440575027,0,0
user_14392,0,0.008423897045502709,0,0
user_14393,1,0.9327315935861838,1,1
user_14394,0,0.034489444200517284,0,0
user_14395,0,0.04146382571549496,0,0
user_14396,1,0.7412088228825827,1,1
user_14397,1,0.8709078108540257,1,1
user_14398,0,0.18465746091649546,0,0
user_14399,1,0.5054318739642101,1,0
user_14400,1,0.8649107022387055,1,1
user_14401,1,0.8197034163110698,1,1
user_14402,1,0.7143437957263215,1,1
user_14403,1,0.9304607741092288,1,1
user_14404,1,0.8197524507195662,1,1
user_14405,1,0.9674842974946057,1,1
user_14406,1,0.8304311613475565,1,1
user_14407,0,0.31506045443543573,0,0
user_14408,0,0.6940442854268593,1,1
user_14409,1,0.9495203037485996,1,1
user_14410,0,0.2681076767931993,0,0
user_14411,1,0.8873268406750715,1,1
user_14412,0,0.02603539609353139,0,0
user_14413,0,0.025606114606014516,0,0
user_14414,0,0.4778401926181915,0,1
user_14415,1,0.7184972659684445,1,1
user_14416,0,0.3547381524468881,0,0
user_14417,0,0.0983293341744704,0,0
user_14418,1,0.6136773204685635,1,1
user_14419,1,0.5091766820989221,1,0
user_14420,0,0.09311557030557625,0,0
user_14421,0,0.04453830586796595,0,0
user_14422,1,0.7215699892969528,1,0
user_14423,1,0.9473517193307638,1,1
user_14424,0,0.34997494119446787,0,0
user_14425,1,0.7817136656410779,1,0
user_14426,1,0.9031361440231802,1,1
user_14427,0,0.12989366262463253,0,0
user_14428,0,0.029310367293323616,0,0
user_14429,0,0.20371675306790668,0,0
user_14430,0,0.20764821071588424,0,0
user_14431,0,0.11139735358538606,0,0
user_14432,1,0.7692463211900833,1,1
user_14433,1,0.6164729189395834,1,1
user_14434,0,0.15543940618381563,0,0
user_14435,1,0.9401818070457038,1,1
user_14436,1,0.9563179408164361,1,1
user_14437,1,0.7379524390151813,1,1
user_14438,0,0.02865316336062704,0,0
user_14439,1,0.6162560528452259,1,1
user_14440,1,0.7940667469678839,1,1
user_14441,1,0.6717259594867172,1,1
user_14442,0,0.30897518205587443,0,0
user_14443,0,0.6400139600391214,1,1
user_14444,1,0.3589765888425958,0,0
user_14445,0,0.5142078664757068,1,1
user_14446,1,0.8066357285256277,1,1
user_14447,1,0.30247800601005315,0,0
user_14448,0,0.5936272593457526,1,0
user_14449,1,0.9348308131215911,1,1
user_14450,1,0.600956915256734,1,0
user_14451,1,0.9438083267095085,1,1
user_14452,0,0.21021509305810032,0,0
user_14453,0,0.12130876018114009,0,0
user_14454,1,0.9729031119655684,1,1
user_14455,1,0.6818417069799221,1,1
user_14456,1,0.8032786560637386,1,1
user_14457,0,0.13816533737092607,0,0
user_14458,1,0.8245730160852016,1,1
user_14459,1,0.6207405321655023,1,1
user_14460,1,0.1966503836692634,0,0
user_14461,1,0.9203132201246635,1,1
user_14462,0,0.1551893851492298,0,0
user_14463,1,0.9654649929261474,1,1
user_14464,0,0.0754842608126784,0,0
user_14465,1,0.7195163000099888,1,1
user_14466,0,0.16310936248988575,0,0
user_14467,0,0.5625683416400103,1,1
user_14468,1,0.9254062319674142,1,1
user_14469,1,0.8934154018128663,1,1
user_14470,0,0.09846013571554088,0,0
user_14471,0,0.056956432162478296,0,0
user_14472,1,0.4324387303498052,0,0
user_14473,1,0.8787141124287146,1,1
user_14474,1,0.9362969214717117,1,1
user_14475,1,0.675646351905884,1,0
user_14476,1,0.8111484861122392,1,1
user_14477,0,0.05711284029654524,0,0
user_14478,0,0.025227143604044957,0,0
user_14479,0,0.3787819089460581,0,0
user_14480,1,0.6451947381502797,1,1
user_14481,0,0.10553348668436155,0,0
user_14482,0,0.0036992991157684513,0,0
user_14483,1,0.7900662279954989,1,1
user_14484,1,0.567611821360201,1,1
user_14485,1,0.8498772491825799,1,1
user_14486,0,0.5963270931327663,1,1
user_14487,0,0.4367115304143429,0,0
user_14488,1,0.6955263511950308,1,1
user_14489,0,0.2595585371169722,0,0
user_14490,0,0.09360038677640577,0,0
user_14491,0,0.45223038570622864,0,0
user_14492,1,0.8762502799719791,1,1
user_14493,1,0.7067985733228159,1,0
user_14494,1,0.8825402911365235,1,1
user_14495,1,0.8007213331170796,1,1
user_14496,1,0.6721747640542027,1,1
user_14497,0,0.155721083298318,0,0
user_14498,1,0.7954977126908188,1,1
user_14499,0,0.06589524381012335,0,0
user_14500,0,0.13090577726644362,0,0
user_14501,0,0.21030425147231405,0,0
user_14502,1,0.8535570527324836,1,1
user_14503,1,0.9364780556256994,1,1
user_14504,1,0.5661108598278818,1,1
user_14505,0,0.08421663233546874,0,0
user_14506,0,0.16082660070057614,0,0
user_14507,0,0.5638039811051022,1,0
user_14508,1,0.8924977101449313,1,1
user_14509,0,0.13962381688988398,0,0
user_14510,0,0.14762462171444787,0,0
user_14511,1,0.31130667023433556,0,0
user_14512,1,0.23961990384735207,0,0
user_14513,1,0.9006087064479853,1,1
user_14514,1,0.4701527794676018,0,1
user_14515,0,0.10687885039818916,0,0
user_14516,1,0.8265185315025705,1,1
user_14517,1,0.8794526545005626,1,1
user_14518,0,0.14019471817531146,0,0
user_14519,0,0.2934036115572537,0,0
user_14520,1,0.5220204858404952,1,0
user_14521,1,0.9626868804494932,1,1
user_14522,0,0.3863806726214318,0,0
user_14523,0,0.4876248402867812,0,1
user_14524,1,0.9075736836444548,1,1
user_14525,1,0.8214233125575336,1,1
user_14526,0,0.26212534199036924,0,0
user_14527,1,0.6579787246727955,1,1
user_14528,0,0.2759992458626556,0,0
user_14529,0,0.2775702560754696,0,0
user_14530,1,0.613490111039537,1,0
user_14531,0,0.29936444269749996,0,0
user_14532,0,0.026404153599634692,0,0
user_14533,0,0.15383869294291766,0,0
user_14534,1,0.7255089588937969,1,1
user_14535,1,0.8674918648620527,1,1
user_14536,1,0.662216411822293,1,1
user_14537,1,0.9642846852539138,1,1
user_14538,1,0.729595317433192,1,1
user_14539,1,0.15122976454420103,0,0
user_14540,0,0.22686248447938023,0,0
user_14541,1,0.6331739301014565,1,1
user_14542,1,0.7847324660247026,1,1
user_14543,1,0.8850257698530283,1,1
user_14544,0,0.054717475727889126,0,0
user_14545,1,0.6216723156964993,1,1
user_14546,1,0.9565356673677881,1,1
user_14547,0,0.5996181403646884,1,1
user_14548,1,0.40125532752939186,0,0
user_14549,0,0.4679298677049735,0,1
user_14550,0,0.0784916389067292,0,0
user_14551,1,0.5275067678565903,1,0
user_14552,1,0.767558329454069,1,1
user_14553,1,0.7937617293880496,1,1
user_14554,0,0.798080185310423,1,0
user_14555,1,0.7106205952112866,1,1
user_14556,1,0.7686640262493742,1,1
user_14557,1,0.33117865223080467,0,0
user_14558,0,0.05241655224085684,0,0
user_14559,1,0.7412522774435305,1,1
user_14560,0,0.08922094570286378,0,0
user_14561,0,0.41179668068249115,0,0
user_14562,1,0.8632523885531638,1,1
user_14563,0,0.04272111930427582,0,0
user_14564,0,0.3712019072221403,0,0
user_14565,1,0.68352584052724,1,1
user_14566,0,0.8452862600682641,1,1
user_14567,1,0.8629020994637459,1,1
user_14568,1,0.358981969885197,0,0
user_14569,0,0.43850929125792076,0,0
user_14570,1,0.17903242512179599,0,0
user_14571,1,0.9581105952365943,1,1
user_14572,1,0.8563075661183895,1,1
user_14573,0,0.6952333557184496,1,1
user_14574,1,0.6548616191186173,1,1
user_14575,1,0.45365039532311946,0,0
user_14576,1,0.3392636954732176,0,0
user_14577,0,0.10110138516971982,0,0
user_14578,1,0.7501157689465321,1,1
user_14579,0,0.26839683638635553,0,0
user_14580,1,0.9660196956128209,1,1
user_14581,0,0.7567288501645392,1,1
user_14582,1,0.7849390956204353,1,1
user_14583,1,0.6091424112294395,1,1
user_14584,0,0.26361802526666966,0,0
user_14585,1,0.9264256561908767,1,1
user_14586,1,0.9443648835137799,1,1
user_14587,0,0.9099567666144646,1,1
user_14588,1,0.6930162726678399,1,1
user_14589,0,0.23653330550895352,0,0
user_14590,0,0.05981407575220301,0,0
user_14591,0,0.03331750156914604,0,0
user_14592,0,0.12156940480814676,0,0
user_14593,0,0.08946137536027043,0,0
user_14594,0,0.2196183660079626,0,0
user_14595,0,0.13442345480295678,0,0
user_14596,0,0.14549709960944046,0,0
user_14597,0,0.0920833629460191,0,0
user_14598,1,0.6567418670288092,1,1
user_14599,0,0.2909401427560453,0,0
user_14600,1,0.9511207984593726,1,1
user_14601,0,0.2989105149931585,0,0
user_14602,0,0.3239134327177312,0,0
user_14603,0,0.12917966797381403,0,0
user_14604,0,0.24183332552573286,0,0
user_14605,0,0.042484439411880966,0,0
user_14606,0,0.025260509359849078,0,0
user_14607,1,0.7111324093691141,1,1
user_14608,0,0.13825135772795646,0,0
user_14609,1,0.9801096328714901,1,1
user_14610,0,0.6888298019413941,1,1
user_14611,1,0.40064779811161294,0,0
user_14612,0,0.029376557550528398,0,0
user_14613,1,0.9286857764440096,1,1
user_14614,0,0.22466018136389404,0,0
user_14615,0,0.6881131350139725,1,1
user_14616,1,0.746099998874145,1,1
user_14617,1,0.6400638769652782,1,1
user_14618,1,0.9051568077137968,1,1
user_14619,1,0.7345911571733155,1,0
user_14620,1,0.7995331190003366,1,1
user_14621,1,0.9610635021337881,1,1
user_14622,1,0.6241998471751378,1,1
user_14623,1,0.9516589059979217,1,1
user_14624,1,0.36289274231407115,0,0
user_14625,1,0.7516639110680728,1,1
user_14626,0,0.40910203082166796,0,0
user_14627,0,0.024186921790770276,0,0
user_14628,1,0.9007895580329205,1,1
user_14629,0,0.14956415181689395,0,0
user_14630,0,0.02579790930993723,0,0
user_14631,0,0.051276495692699736,0,0
user_14632,0,0.05281659721033698,0,0
user_14633,0,0.3459899694575911,0,0
user_14634,0,0.03543272982682522,0,0
user_14635,0,0.3356588202901583,0,0
user_14636,1,0.954488946097542,1,1
user_14637,0,0.15617954283948862,0,0
user_14638,0,0.22109927259112694,0,0
user_14639,0,0.5997888661384901,1,1
user_14640,0,0.509940026731042,1,0
user_14641,0,0.10619696281469983,0,0
user_14642,0,0.25918839283676465,0,0
user_14643,0,0.5218103207376473,1,0
user_14644,0,0.19817217779304333,0,0
user_14645,0,0.05435856496433469,0,0
user_14646,1,0.9746327304206779,1,1
user_14647,0,0.14081834343700644,0,0
user_14648,0,0.5956933124459923,1,0
user_14649,0,0.20989475132317983,0,0
user_14650,0,0.6745271064983697,1,1
user_14651,1,0.6561083948703883,1,0
user_14652,0,0.045752800379836187,0,0
user_14653,0,0.174885194670787,0,0
user_14654,1,0.931840611265615,1,1
user_14655,0,0.2765246580927404,0,0
user_14656,0,0.06642045785198386,0,0
user_14657,0,0.08997064477146771,0,0
user_14658,0,0.11566461362153606,0,0
user_14659,0,0.14154687181616707,0,0
user_14660,0,0.5829421473693182,1,0
user_14661,1,0.6640283648821446,1,0
user_14662,0,0.4009059849100818,0,0
user_14663,1,0.8134041364971357,1,1
user_14664,0,0.05216887928162307,0,0
user_14665,1,0.803619469206392,1,1
user_14666,1,0.7380918074100374,1,1
user_14667,0,0.37281605663867035,0,0
user_14668,1,0.21359388065018062,0,0
user_14669,1,0.8860181926490842,1,1
user_14670,0,0.506910901873681,1,1
user_14671,0,0.18018435270979588,0,0
user_14672,1,0.37353250538604027,0,0
user_14673,0,0.05576326175400115,0,0
user_14674,1,0.921802014124036,1,1
user_14675,0,0.43311269114316514,0,0
user_14676,1,0.4082197753730847,0,0
user_14677,0,0.2565390814212716,0,0
user_14678,0,0.567075550508594,1,0
user_14679,1,0.33641051402299493,0,0
user_14680,0,0.1979820030992617,0,0
user_14681,0,0.32996700192394113,0,0
user_14682,0,0.14765313204618474,0,0
user_14683,1,0.9468938083182621,1,1
user_14684,1,0.9123940560708452,1,1
user_14685,1,0.6110427106335414,1,0
user_14686,0,0.06517392573392942,0,0
user_14687,1,0.8765361651431787,1,1
user_14688,1,0.41486675148131774,0,0
user_14689,1,0.9341573539209039,1,1
user_14690,0,0.3695845439061589,0,0
user_14691,0,0.07003896588086128,0,0
user_14692,0,0.2279413960251435,0,0
user_14693,0,0.20251606317940749,0,0
user_14694,0,0.12265533335050778,0,0
user_14695,0,0.16604284185489163,0,0
user_14696,1,0.5792984911121309,1,0
user_14697,1,0.9456394455987203,1,1
user_14698,1,0.5659146873129528,1,0
user_14699,1,0.5943203885185478,1,1
user_14700,0,0.052582008917693074,0,0
user_14701,1,0.9389685242354394,1,1
user_14702,0,0.21841601682675715,0,0
user_14703,0,0.3941609404651004,0,0
user_14704,1,0.8899658415350803,1,1
user_14705,1,0.8027832895563981,1,1
user_14706,0,0.18634931477646577,0,0
user_14707,0,0.39745470453576853,0,0
user_14708,0,0.544314071285714,1,0
user_14709,1,0.9114358394650284,1,1
user_14710,0,0.1564055346876343,0,0
user_14711,0,0.4594750938812456,0,0
user_14712,0,0.04398531851138391,0,0
user_14713,0,0.0482083300670503,0,0
user_14714,0,0.2837004133453005,0,0
user_14715,1,0.2825688316566107,0,0
user_14716,0,0.05878873379170159,0,0
user_14717,1,0.7586360908466377,1,1
user_14718,0,0.029518243653667463,0,0
user_14719,0,0.7249711439351686,1,1
user_14720,1,0.931946301043912,1,1
user_14721,0,0.14217603692271388,0,0
user_14722,0,0.03504033125160595,0,0
user_14723,0,0.04266450496198577,0,0
user_14724,1,0.9734316965050561,1,1
user_14725,1,0.8759302168644612,1,1
user_14726,1,0.39076236695338107,0,0
user_14727,0,0.2723051070117326,0,0
user_14728,0,0.6875078856437961,1,1
user_14729,1,0.9108469692743237,1,1
user_14730,1,0.537397904337898,1,0
user_14731,0,0.08960317196190622,0,0
user_14732,0,0.11586387564749376,0,0
user_14733,1,0.490772263642927,0,0
user_14734,0,0.6015153522939588,1,0
user_14735,0,0.29906882836806825,0,0
user_14736,1,0.499015325635988,0,0
user_14737,1,0.8424972720677563,1,1
user_14738,0,0.5219252522034994,1,1
user_14739,0,0.7825050501506553,1,1
user_14740,1,0.8697742325849646,1,1
user_14741,0,0.19880588118719597,0,0
user_14742,1,0.5820939454245176,1,0
user_14743,0,0.2096201846177148,0,0
user_14744,0,0.08722359125774962,0,0
user_14745,1,0.3739676307894769,0,0
user_14746,0,0.0890122625594119,0,0
user_14747,1,0.977332639943711,1,1
user_14748,1,0.7696720233633991,1,1
user_14749,0,0.12206873024132228,0,0
user_14750,0,0.5223688311472574,1,0
user_14751,0,0.011952995114589906,0,0
user_14752,0,0.095813001259619,0,0
user_14753,0,0.1338844727036894,0,0
user_14754,1,0.22487497711502982,0,0
user_14755,1,0.45916432291658915,0,0
user_14756,1,0.8410449356541673,1,1
user_14757,1,0.9385121117270359,1,1
user_14758,0,0.23449138460245209,0,0
user_14759,1,0.8556198315149124,1,1
user_14760,1,0.9612760476149117,1,1
user_14761,0,0.6823119792473923,1,1
user_14762,0,0.35921005866153505,0,0
user_14763,1,0.6423125493221682,1,1
user_14764,0,0.0515168388403317,0,0
user_14765,0,0.42882185826238145,0,0
user_14766,1,0.8925743016537411,1,1
user_14767,1,0.9255587900715212,1,1
user_14768,1,0.7833960076557313,1,1
user_14769,0,0.9272639675172286,1,1
user_14770,0,0.2697765781375311,0,0
user_14771,1,0.7873342922380416,1,1
user_14772,1,0.5652940074517278,1,0
user_14773,0,0.2188289651980492,0,0
user_14774,0,0.12205783038745027,0,0
user_14775,1,0.8348126712042679,1,1
user_14776,0,0.05394379856938966,0,0
user_14777,0,0.0591647327711352,0,0
user_14778,1,0.8280301352030949,1,1
user_14779,0,0.32403483240325165,0,0
user_14780,0,0.06366545782086698,0,0
user_14781,1,0.7843418000087383,1,1
user_14782,0,0.14409749173954214,0,0
user_14783,1,0.966613155065067,1,1
user_14784,0,0.7674747052424182,1,1
user_14785,1,0.8526809164997255,1,1
user_14786,1,0.49398999886585226,0,0
user_14787,1,0.8910938037064784,1,1
user_14788,1,0.7786820260162108,1,0
user_14789,1,0.7071793353213613,1,1
user_14790,0,0.13582491134987348,0,0
user_14791,0,0.3945418064668814,0,0
user_14792,0,0.3167314683735544,0,0
user_14793,0,0.037995545671742376,0,0
user_14794,0,0.20371886176865825,0,0
user_14795,0,0.20142905128760502,0,0
user_14796,0,0.12027365353365449,0,0
user_14797,0,0.36764090658923704,0,0
user_14798,1,0.7140829416342556,1,1
user_14799,0,0.037426264717147245,0,0
user_14800,1,0.7360370343874019,1,1
user_14801,0,0.04047897929425836,0,0
user_14802,0,0.28453017506111283,0,0
user_14803,0,0.2831689168736087,0,0
user_14804,0,0.6186694705191975,1,0
user_14805,0,0.3013044600661929,0,0
user_14806,0,0.03129971149850049,0,0
user_14807,1,0.9712004791302877,1,1
user_14808,1,0.8826679717222083,1,1
user_14809,1,0.5342639792770107,1,0
user_14810,1,0.35706412886374156,0,0
user_14811,0,0.07533634399953347,0,0
user_14812,1,0.8976127832149103,1,1
user_14813,1,0.8269333333065312,1,1
user_14814,1,0.847145615862571,1,1
user_14815,1,0.5827267018633188,1,1
user_14816,0,0.06819580720104654,0,0
user_14817,1,0.8320241569653476,1,1
user_14818,0,0.45135429859348686,0,0
user_14819,1,0.9046310772619642,1,1
user_14820,0,0.08252363404882629,0,0
user_14821,0,0.2213347342023269,0,0
user_14822,0,0.16488012349607029,0,0
user_14823,0,0.2917605862298654,0,0
user_14824,1,0.9721733312617747,1,1
user_14825,1,0.9680459584565178,1,1
user_14826,1,0.47225059777042094,0,0
user_14827,0,0.04837489808351956,0,0
user_14828,0,0.34605640406128124,0,0
user_14829,0,0.23633652468498467,0,0
user_14830,0,0.056839413176017005,0,0
user_14831,0,0.06830888609355101,0,0
user_14832,1,0.8596477643415937,1,1
user_14833,1,0.9667102268598273,1,1
user_14834,1,0.8687263569068188,1,1
user_14835,0,0.05163207520088449,0,0
user_14836,0,0.16111158916934926,0,0
user_14837,1,0.26859703412750763,0,0
user_14838,0,0.84612829085576,1,1
user_14839,0,0.13690246438386283,0,0
user_14840,0,0.1648021902255605,0,0
user_14841,1,0.8044835505244544,1,1
user_14842,0,0.8512314018637867,1,1
user_14843,0,0.061221004165726664,0,0
user_14844,0,0.4060400000088157,0,0
user_14845,0,0.1589645136687928,0,0
user_14846,1,0.91761476496341,1,1
user_14847,0,0.07902653676855818,0,0
user_14848,0,0.11078633269464504,0,0
user_14849,1,0.7079880399538171,1,1
user_14850,1,0.9619037576375101,1,1
user_14851,1,0.875292908628929,1,1
user_14852,1,0.9309597716234375,1,1
user_14853,1,0.6233747793403479,1,1
user_14854,1,0.8067445990663153,1,1
user_14855,0,0.20111247214049935,0,0
user_14856,0,0.26839336889452364,0,0
user_14857,0,0.5742852729065883,1,1
user_14858,1,0.937967856124032,1,1
user_14859,0,0.4853303390177326,0,1
user_14860,1,0.7110645274462645,1,1
user_14861,1,0.594847780066066,1,1
user_14862,0,0.07602762523896404,0,0
user_14863,0,0.19724167214956734,0,0
user_14864,0,0.09779693185426326,0,0
user_14865,0,0.41351564832781124,0,0
user_14866,1,0.9603385281454511,1,1
user_14867,0,0.33948277490179973,0,0
user_14868,1,0.8541764265941123,1,1
user_14869,1,0.5354537697724797,1,0
user_14870,0,0.038017626595282274,0,0
user_14871,1,0.9737843871874551,1,1
user_14872,0,0.903488412992603,1,1
user_14873,0,0.16736751840362296,0,0
user_14874,1,0.9148505879196575,1,1
user_14875,0,0.07291945610544816,0,0
user_14876,0,0.01941516717046112,0,0
user_14877,1,0.9661011772595314,1,1
user_14878,1,0.7023639833465661,1,1
user_14879,1,0.5405345388239212,1,0
user_14880,0,0.03875032399051836,0,0
user_14881,0,0.29531175371519847,0,0
user_14882,1,0.3983565815729413,0,0
user_14883,0,0.2815040465474626,0,0
user_14884,1,0.7901480281944063,1,0
user_14885,1,0.9273806834591531,1,1
user_14886,0,0.14295004880435047,0,0
user_14887,0,0.20115611193508634,0,0
user_14888,1,0.9584730679434881,1,1
user_14889,0,0.7391192525112462,1,1
user_14890,1,0.8429695980603973,1,1
user_14891,1,0.6199427473242585,1,1
user_14892,1,0.9464897895234374,1,1
user_14893,1,0.7763833057052393,1,1
user_14894,1,0.31221775938968654,0,0
user_14895,0,0.1816278452955667,0,0
user_14896,1,0.4446346652211828,0,0
user_14897,0,0.01438796300548491,0,0
user_14898,0,0.05311918425381958,0,0
user_14899,1,0.3328617817066235,0,0
user_14900,1,0.8730477705084129,1,1
user_14901,0,0.3032921540021272,0,0
user_14902,1,0.8676788535878518,1,1
user_14903,0,0.2990945435121748,0,0
user_14904,1,0.9322385656061649,1,1
user_14905,0,0.12900438442037548,0,0
user_14906,1,0.5966850321254269,1,1
user_14907,0,0.6540830303300458,1,1
user_14908,0,0.18548040284366096,0,0
user_14909,0,0.8305305376173792,1,1
user_14910,0,0.08095349490696359,0,0
user_14911,1,0.38058897495274147,0,0
user_14912,1,0.7853607775074256,1,1
user_14913,0,0.6355922316458228,1,0
user_14914,1,0.8066421190973216,1,1
user_14915,1,0.49318814655408044,0,1
user_14916,0,0.29193019686764216,0,0
user_14917,1,0.673515659660343,1,0
user_14918,1,0.421420636960868,0,0
user_14919,0,0.19456287196982275,0,0
user_14920,0,0.1178733028792221,0,0
user_14921,0,0.1910173704757866,0,0
user_14922,0,0.13971880460822012,0,0
user_14923,1,0.965692400391379,1,1
user_14924,0,0.18333914092365214,0,0
user_14925,0,0.09008875305993802,0,0
user_14926,0,0.01814080003337082,0,0
user_14927,0,0.7844276969013033,1,1
user_14928,1,0.9566229775089655,1,1
user_14929,0,0.22934067954730514,0,0
user_14930,1,0.677898822928305,1,1
user_14931,0,0.4720691608353088,0,0
user_14932,0,0.07859747514632634,0,0
user_14933,1,0.5173777835984921,1,0
user_14934,1,0.9237223499095493,1,1
user_14935,0,0.11852117688792924,0,0
user_14936,0,0.495018009296381,0,0
user_14937,1,0.5881524932330138,1,0
user_14938,0,0.05812288103242979,0,0
user_14939,0,0.05523018809451789,0,0
user_14940,0,0.030893522823569095,0,0
user_14941,0,0.019099496408485694,0,0
user_14942,1,0.911422928728295,1,1
user_14943,0,0.10382434568044663,0,0
user_14944,0,0.42780227987571673,0,0
user_14945,1,0.9674809781106395,1,1
user_14946,0,0.05460002656042595,0,0
user_14947,1,0.8709083697225314,1,1
user_14948,0,0.3761415889510019,0,0
user_14949,1,0.7389917405761892,1,1
user_14950,1,0.9313749447370763,1,1
user_14951,0,0.38855124476049324,0,0
user_14952,0,0.13277837877357843,0,0
user_14953,0,0.43314168466882885,0,0
user_14954,0,0.14010320988153022,0,0
user_14955,0,0.2767821136934541,0,0
user_14956,0,0.3136932724752876,0,0
user_14957,1,0.9729240397626734,1,1
user_14958,1,0.789293098281746,1,1
user_14959,1,0.8375519370921777,1,1
user_14960,0,0.03725678160181054,0,0
user_14961,1,0.9303297613475674,1,1
user_14962,0,0.24385797526157152,0,0
user_14963,1,0.5873545673144469,1,0
user_14964,1,0.8863589869918744,1,1
user_14965,1,0.8982735522233687,1,1
user_14966,1,0.9055009875794086,1,1
user_14967,1,0.5105973773179613,1,1
user_14968,1,0.6932345429458951,1,1
user_14969,0,0.055801989894349216,0,0
user_14970,0,0.1934853125242709,0,0
user_14971,0,0.5980419261766716,1,1
user_14972,0,0.19433165179203749,0,0
user_14973,0,0.6904808705079015,1,0
user_14974,0,0.05027738724838877,0,0
user_14975,1,0.9558488572495333,1,1
user_14976,0,0.641578341840359,1,1
user_14977,1,0.9550698141563496,1,1
user_14978,1,0.732972572103177,1,1
user_14979,1,0.7312031898801093,1,0
user_14980,0,0.04535016645731586,0,0
user_14981,1,0.6850053266418614,1,1
user_14982,1,0.6491828158461785,1,1
user_14983,0,0.05659836688267592,0,0
user_14984,1,0.6660506901933216,1,1
user_14985,1,0.9471380153244741,1,1
user_14986,0,0.018077700222867362,0,0
user_14987,1,0.8344450689439081,1,1
user_14988,1,0.9765875893351749,1,1
user_14989,1,0.5782233610731569,1,0
user_14990,0,0.3088298641928257,0,0
user_14991,1,0.7986219316737236,1,1
user_14992,0,0.33870452616507707,0,0
user_14993,0,0.1602733041727873,0,0
user_14994,1,0.940617779244418,1,1
user_14995,0,0.08731363363737756,0,0
user_14996,1,0.6438843933362461,1,1
user_14997,0,0.027605501923414585,0,0
user_14998,0,0.05182297583336219,0,0
user_14999,0,0.07726085712720117,0,0
user_15000,0,0.34844472987288094,0,0
user_15001,1,0.430334778690244,0,0
user_15002,0,0.30526226838888626,0,0
user_15003,0,0.4138154219683116,0,0
user_15004,0,0.4655680147476457,0,1
user_15005,1,0.7648751026102228,1,1
user_15006,1,0.6919203176504218,1,1
user_15007,0,0.0602496729801524,0,0
user_15008,0,0.13622436555885617,0,0
user_15009,0,0.06411168630719807,0,0
user_15010,1,0.6968771141801487,1,0
user_15011,0,0.06881282098483615,0,0
user_15012,1,0.9070101982950072,1,1
user_15013,0,0.08248752360659241,0,0
user_15014,1,0.48205165964093716,0,0
user_15015,0,0.0856915160887878,0,0
user_15016,1,0.9583138384098274,1,1
user_15017,0,0.39203805446374723,0,0
user_15018,1,0.9655703498314807,1,1
user_15019,1,0.73802087774938,1,1
user_15020,0,0.3101561048336548,0,0
user_15021,0,0.556098202028565,1,0
user_15022,1,0.7694987847960649,1,1
user_15023,1,0.7117427937225598,1,1
user_15024,0,0.3885158250743225,0,0
user_15025,1,0.9294357779181077,1,1
user_15026,0,0.04248304886764189,0,0
user_15027,1,0.8840037504367427,1,1
user_15028,1,0.4156712931470988,0,0
user_15029,0,0.1139870371733962,0,0
user_15030,1,0.9029914982183982,1,1
user_15031,1,0.8523056565092436,1,1
user_15032,0,0.8358454509696045,1,1
user_15033,1,0.9720331166914912,1,1
user_15034,1,0.5501878578733216,1,1
user_15035,0,0.310181908449867,0,0
user_15036,0,0.3016214023925123,0,0
user_15037,0,0.04176310737874577,0,0
user_15038,1,0.9343730214794332,1,1
user_15039,0,0.0299136051681681,0,0
user_15040,0,0.18083824803630086,0,0
user_15041,1,0.9687838472186362,1,1
user_15042,1,0.8643360564513795,1,1
user_15043,0,0.8032655036803308,1,1
user_15044,1,0.8667744288160039,1,1
user_15045,1,0.9212489267965861,1,1
user_15046,0,0.3063509472780227,0,0
user_15047,0,0.3664663332525009,0,0
user_15048,0,0.02529002784678095,0,0
user_15049,0,0.22929932631063257,0,0
user_15050,0,0.44015682596935685,0,0
user_15051,1,0.9473486373859639,1,1
user_15052,1,0.43837243853415864,0,0
user_15053,1,0.25798226276003716,0,0
user_15054,1,0.9489542667999656,1,1
user_15055,1,0.6761438239760362,1,0
user_15056,0,0.16584240710902035,0,0
user_15057,0,0.0692847194738789,0,0
user_15058,0,0.15189760031100882,0,0
user_15059,0,0.029559208921798794,0,0
user_15060,0,0.36541114413536596,0,0
user_15061,1,0.8225728999129309,1,1
user_15062,1,0.9186694014160169,1,1
user_15063,1,0.6947209927921028,1,1
user_15064,0,0.18096866064626424,0,0
user_15065,1,0.9069573797041215,1,1
user_15066,1,0.7420579960047862,1,1
user_15067,1,0.5962784890745862,1,1
user_15068,0,0.34954620508987766,0,0
user_15069,0,0.3468339366138792,0,0
user_15070,0,0.2615295825827287,0,0
user_15071,0,0.08181832945764804,0,0
user_15072,0,0.12141906620082878,0,0
user_15073,0,0.09154695694969524,0,0
user_15074,0,0.03903365863798773,0,0
user_15075,1,0.902195459324811,1,1
user_15076,1,0.8043509131566197,1,1
user_15077,0,0.32222125344624686,0,0
user_15078,0,0.5598534802280508,1,0
user_15079,0,0.5187739184868049,1,0
user_15080,0,0.37806793073946354,0,0
user_15081,0,0.0795984588279422,0,0
user_15082,0,0.2642387678236913,0,0
user_15083,0,0.7844677850883177,1,1
user_15084,1,0.8439679464542099,1,1
user_15085,1,0.9395348263242169,1,1
user_15086,1,0.964922616976818,1,1
user_15087,0,0.2218269454066979,0,0
user_15088,1,0.13406565277508792,0,0
user_15089,0,0.06275210182384212,0,0
user_15090,0,0.5485345604638632,1,0
user_15091,1,0.9348854753026118,1,1
user_15092,1,0.6911135504674374,1,1
user_15093,1,0.8709068028784713,1,1
user_15094,0,0.12006852155499258,0,0
user_15095,1,0.7539490443157284,1,1
user_15096,1,0.9583622202730241,1,1
user_15097,0,0.09413747388341132,0,0
user_15098,1,0.5078627906039515,1,0
user_15099,1,0.9473919286484803,1,1
user_15100,1,0.7943934241945341,1,1
user_15101,1,0.8349613711994545,1,1
user_15102,0,0.08190430336654898,0,0
user_15103,0,0.4008932503282076,0,0
user_15104,1,0.25454980333400723,0,0
user_15105,1,0.8852158005982399,1,1
user_15106,0,0.04992284234572705,0,0
user_15107,0,0.16108113058175835,0,0
user_15108,0,0.053631805649803785,0,0
user_15109,1,0.8675501506269725,1,1
user_15110,0,0.1657414627480948,0,0
user_15111,0,0.07598969999531069,0,0
user_15112,0,0.2205619604366281,0,0
user_15113,0,0.10047452656936429,0,0
user_15114,0,0.02266156374464896,0,0
user_15115,1,0.8528694279724255,1,1
user_15116,1,0.9698343056789379,1,1
user_15117,0,0.1229095816091736,0,0
user_15118,1,0.6226185021586381,1,1
user_15119,0,0.09121152383437581,0,0
user_15120,0,0.13046181861641326,0,0
user_15121,0,0.1689590930869134,0,0
user_15122,0,0.2739343554835901,0,0
user_15123,1,0.7456756946510069,1,1
user_15124,1,0.8267348376171603,1,1
user_15125,1,0.96223418352397,1,1
user_15126,1,0.9137967191230684,1,1
user_15127,1,0.9154292870648106,1,1
user_15128,0,0.09905851807772346,0,0
user_15129,1,0.900154896900938,1,1
user_15130,0,0.4870858860903357,0,1
user_15131,0,0.21339434606225027,0,0
user_15132,1,0.9627517915963584,1,1
user_15133,0,0.061355914442566994,0,0
user_15134,0,0.18915156721759543,0,0
user_15135,1,0.8005148557924386,1,1
user_15136,1,0.9654962607156748,1,1
user_15137,0,0.12338216864232762,0,0
user_15138,1,0.3899499400899352,0,0
user_15139,1,0.850918212086421,1,1
user_15140,0,0.16092478373281954,0,0
user_15141,0,0.3285646069835869,0,0
user_15142,1,0.6677239550381652,1,1
user_15143,0,0.6916243546006453,1,0
user_15144,1,0.6218953059492969,1,1
user_15145,0,0.2930822794415272,0,0
user_15146,1,0.7742303606509774,1,1
user_15147,1,0.9454141341624558,1,1
user_15148,0,0.3391192467274456,0,0
user_15149,0,0.05467618806664463,0,0
user_15150,1,0.9503901904566595,1,1
user_15151,0,0.29254719957675024,0,0
user_15152,1,0.8584470858409458,1,1
user_15153,0,0.15201242118508032,0,0
user_15154,0,0.02719206158470159,0,0
user_15155,0,0.6471097458486481,1,1
user_15156,0,0.14285859739682327,0,0
user_15157,0,0.37502605407836237,0,0
user_15158,1,0.811395259974959,1,1
user_15159,0,0.1496633256544548,0,0
user_15160,0,0.4728339293929717,0,0
user_15161,1,0.6365199246395915,1,1
user_15162,1,0.31397455879569147,0,0
user_15163,0,0.2518080752934312,0,0
user_15164,1,0.6920334951895158,1,1
user_15165,0,0.014117590834329036,0,0
user_15166,1,0.6936370206519604,1,0
user_15167,0,0.010277139914507976,0,0
user_15168,0,0.49638915730881594,0,1
user_15169,1,0.21826384625018425,0,0
user_15170,0,0.18743491155867947,0,0
user_15171,1,0.6564741949826485,1,1
user_15172,0,0.21749903832056153,0,0
user_15173,0,0.3221712347621854,0,0
user_15174,1,0.815877860199874,1,1
user_15175,0,0.6538483979361639,1,1
user_15176,0,0.1978529142212098,0,0
user_15177,1,0.8207688491098466,1,1
user_15178,0,0.6180790408739216,1,0
user_15179,1,0.8771558765617639,1,1
user_15180,1,0.9095389694700932,1,1
user_15181,0,0.18769584868407832,0,0
user_15182,1,0.955780805639201,1,1
user_15183,1,0.8356233973570834,1,1
user_15184,1,0.9590660613343522,1,1
user_15185,0,0.07313506401564317,0,0
user_15186,1,0.7526477593436186,1,1
user_15187,0,0.02863094252679726,0,0
user_15188,1,0.9104814559936845,1,1
user_15189,0,0.11430499785489312,0,0
user_15190,0,0.1739440762745081,0,0
user_15191,0,0.38996118090015214,0,0
user_15192,1,0.7294091380535602,1,1
user_15193,0,0.03835910877188006,0,0
user_15194,1,0.9274120984941,1,1
user_15195,1,0.8894589182467172,1,1
user_15196,1,0.29269149929480504,0,0
user_15197,0,0.2328960322828552,0,0
user_15198,0,0.5843601240363191,1,1
user_15199,1,0.6175940369146359,1,1
user_15200,0,0.3605212238027155,0,0
user_15201,1,0.6610590074316064,1,0
user_15202,0,0.0242943065478067,0,0
user_15203,0,0.05864061696042294,0,0
user_15204,1,0.6494920849902122,1,1
user_15205,1,0.3895444894394314,0,0
user_15206,0,0.7975033277885019,1,1
user_15207,1,0.8685400263693546,1,1
user_15208,0,0.20363809177517878,0,0
user_15209,1,0.9595265417021932,1,1
user_15210,1,0.30447090550234157,0,0
user_15211,1,0.8619250918226113,1,1
user_15212,0,0.11346561418295587,0,0
user_15213,0,0.38724391455446666,0,0
user_15214,1,0.8863572956991526,1,1
user_15215,0,0.7553987505507078,1,1
user_15216,1,0.967148210138802,1,1
user_15217,0,0.35058892643322237,0,0
user_15218,1,0.9502794180163835,1,1
user_15219,0,0.01746230880340051,0,0
user_15220,0,0.025964043473761397,0,0
user_15221,0,0.9237386283265908,1,1
user_15222,0,0.3875161183922765,0,0
user_15223,0,0.15561291585270998,0,0
user_15224,0,0.44181129087975146,0,1
user_15225,0,0.5914119824170108,1,1
user_15226,1,0.5037478114917139,1,1
user_15227,0,0.408614098173151,0,0
user_15228,1,0.8107959106591588,1,1
user_15229,0,0.28810176678802396,0,0
user_15230,1,0.9298194200802518,1,1
user_15231,0,0.2144012750072573,0,0
user_15232,0,0.8360979749717284,1,1
user_15233,0,0.28914003757054946,0,0
user_15234,1,0.947415662178187,1,1
user_15235,0,0.11511813781111575,0,0
user_15236,0,0.17100608733273726,0,0
user_15237,0,0.18183746291635447,0,0
user_15238,1,0.9269337773153788,1,1
user_15239,1,0.9849731992685069,1,1
user_15240,1,0.19740537729196178,0,0
user_15241,0,0.8068304982252431,1,1
user_15242,0,0.052443026389250184,0,0
user_15243,0,0.33762676919464124,0,0
user_15244,0,0.10562260842118716,0,0
user_15245,0,0.1062474128187359,0,0
user_15246,1,0.5730173179670229,1,0
user_15247,0,0.15472167087271038,0,0
user_15248,1,0.633072640735208,1,1
user_15249,1,0.879355913454318,1,1
user_15250,0,0.2480349750503621,0,0
user_15251,0,0.17976317714833756,0,0
user_15252,1,0.4645630667431498,0,0
user_15253,1,0.17015899315397343,0,0
user_15254,0,0.5005736907305959,1,0
user_15255,1,0.6733167967774943,1,1
user_15256,0,0.08706933844412233,0,0
user_15257,1,0.9338856135137843,1,1
user_15258,1,0.9526797157408885,1,1
user_15259,1,0.9724448008101875,1,1
user_15260,0,0.8243363998612677,1,1
user_15261,0,0.08117846499409541,0,0
user_15262,0,0.8318027740829184,1,1
user_15263,1,0.9707376153367735,1,1
user_15264,0,0.10589051272037238,0,0
user_15265,0,0.16324510528008315,0,0
user_15266,1,0.7572766758231665,1,1
user_15267,0,0.7129718124969758,1,1
user_15268,0,0.08807787737246896,0,0
user_15269,0,0.08979794838545538,0,0
user_15270,0,0.25079376857171676,0,0
user_15271,0,0.09599625765173522,0,0
user_15272,0,0.16015993595035932,0,0
user_15273,0,0.08714528308904863,0,0
user_15274,0,0.6990433678067768,1,1
user_15275,1,0.9543050958399274,1,1
user_15276,0,0.1777444889303178,0,0
user_15277,0,0.22878159912570287,0,0
user_15278,0,0.32588932875630156,0,0
user_15279,0,0.13364142905421444,0,0
user_15280,1,0.9517887370532055,1,1
user_15281,1,0.6641332948408489,1,1
user_15282,1,0.9138082080949627,1,1
user_15283,0,0.08227253065101546,0,0
user_15284,0,0.2180881578985754,0,0
user_15285,0,0.02175512866243261,0,0
user_15286,0,0.11357569098016958,0,0
user_15287,0,0.16987064909538424,0,0
user_15288,0,0.47369920122412085,0,0
user_15289,1,0.9710829895093832,1,1
user_15290,0,0.10840822934575821,0,0
user_15291,0,0.135589086705492,0,0
user_15292,0,0.3312379519528194,0,0
user_15293,1,0.9130542652386073,1,1
user_15294,0,0.46028033407080016,0,0
user_15295,0,0.29313150431263707,0,0
user_15296,1,0.3037382298033141,0,0
user_15297,0,0.14395426053924423,0,0
user_15298,1,0.9733509903423211,1,1
user_15299,0,0.10886830444112522,0,0
user_15300,1,0.9625839496742975,1,1
user_15301,0,0.19954660416642228,0,0
user_15302,1,0.9664812272707938,1,1
user_15303,0,0.7992907979348143,1,1
user_15304,1,0.3690970581425268,0,0
user_15305,0,0.47948404454137317,0,0
user_15306,0,0.5030743046791436,1,1
user_15307,0,0.11510489683875269,0,0
user_15308,1,0.49375175410177935,0,0
user_15309,1,0.8548759787385617,1,1
user_15310,0,0.08090631035896821,0,0
user_15311,0,0.3757277539432171,0,0
user_15312,1,0.8465186319547491,1,1
user_15313,1,0.9519195472787149,1,1
user_15314,0,0.6336698302933971,1,0
user_15315,1,0.6261045579836855,1,1
user_15316,0,0.3232153025646865,0,0
user_15317,1,0.9123689815268551,1,1
user_15318,0,0.02552307303178565,0,0
user_15319,1,0.9008205359894417,1,1
user_15320,1,0.8124078048077439,1,1
user_15321,0,0.6213966409580134,1,1
user_15322,1,0.4560634816703482,0,0
user_15323,1,0.8289396637967416,1,1
user_15324,0,0.5722045483859103,1,1
user_15325,1,0.9800896710941561,1,1
user_15326,0,0.28843375147147016,0,0
user_15327,1,0.8731747105524346,1,1
user_15328,0,0.20476984475333324,0,0
user_15329,0,0.63736457412216,1,1
user_15330,1,0.9102814547773118,1,1
user_15331,0,0.08359378955858242,0,0
user_15332,1,0.45209821929197724,0,1
user_15333,1,0.8578506591848445,1,1
user_15334,0,0.020469652004133494,0,0
user_15335,0,0.6371840558443775,1,0
user_15336,0,0.20321460062814684,0,0
user_15337,1,0.5078273430535747,1,0
user_15338,0,0.07613049787607708,0,0
user_15339,0,0.14940297614612855,0,0
user_15340,0,0.035956679236612187,0,0
user_15341,1,0.28772448579109894,0,0
user_15342,0,0.03399433182064406,0,0
user_15343,1,0.2210738392847495,0,0
user_15344,0,0.019492289540568766,0,0
user_15345,0,0.3409394609779086,0,0
user_15346,0,0.07999028489533916,0,0
user_15347,0,0.43020375755165996,0,0
user_15348,1,0.4395373121934808,0,0
user_15349,0,0.17842659689135026,0,0
user_15350,1,0.9263060577206983,1,1
user_15351,1,0.9296092145782465,1,1
user_15352,0,0.23950280951467864,0,0
user_15353,1,0.42697986214976896,0,0
user_15354,0,0.09206924236288105,0,0
user_15355,1,0.6262783295415517,1,1
user_15356,1,0.7754076043632245,1,1
user_15357,1,0.10882987720532827,0,0
user_15358,0,0.23594918693244604,0,0
user_15359,0,0.0456531449868306,0,0
user_15360,1,0.1363376118931065,0,0
user_15361,0,0.5894398978536242,1,0
user_15362,1,0.8698868472417914,1,1
user_15363,1,0.7541546109124959,1,1
user_15364,1,0.5864435560613005,1,0
user_15365,0,0.03509431565158813,0,0
user_15366,0,0.030222348354554274,0,0
user_15367,0,0.29194480449285715,0,0
user_15368,0,0.32400168053334066,0,0
user_15369,1,0.6076701656385564,1,0
user_15370,1,0.8108024651689457,1,1
user_15371,1,0.8537006843669883,1,1
user_15372,0,0.022724587771496576,0,0
user_15373,1,0.7155783130412735,1,1
user_15374,0,0.8301748391025406,1,1
user_15375,0,0.20101411803956323,0,0
user_15376,0,0.19893682174382793,0,0
user_15377,0,0.023907618793912344,0,0
user_15378,0,0.21103678341980361,0,0
user_15379,1,0.46370201843624226,0,0
user_15380,0,0.03205027656527473,0,0
user_15381,1,0.6333354885363593,1,0
user_15382,0,0.17209082235641954,0,0
user_15383,1,0.9055471951314851,1,1
user_15384,0,0.3712782706169949,0,0
user_15385,0,0.16630601933144112,0,0
user_15386,1,0.9588952413399159,1,1
user_15387,0,0.3009229180458472,0,0
user_15388,1,0.8616170338615698,1,1
user_15389,1,0.8273015325815505,1,1
user_15390,1,0.6583455864915897,1,1
user_15391,0,0.08542073365086791,0,0
user_15392,0,0.13298152739191113,0,0
user_15393,1,0.8289527984511883,1,1
user_15394,1,0.9526878769524345,1,1
user_15395,1,0.4244285890055815,0,0
user_15396,1,0.4351391267587751,0,0
user_15397,1,0.25801768268543585,0,0
user_15398,1,0.6651289533542261,1,1
user_15399,0,0.4910637850873175,0,0
user_15400,1,0.6621798345742647,1,1
user_15401,1,0.7322257990202656,1,1
user_15402,0,0.01363923931343276,0,0
user_15403,1,0.9405899715590768,1,1
user_15404,1,0.4976554822032461,0,0
user_15405,1,0.9583043674359988,1,1
user_15406,0,0.14896953942358876,0,0
user_15407,0,0.3088969176554506,0,0
user_15408,0,0.3256978803253402,0,0
user_15409,0,0.17859486727423543,0,0
user_15410,1,0.7596242774563283,1,1
user_15411,0,0.056306735273543976,0,0
user_15412,0,0.2255016665301529,0,0
user_15413,1,0.8219386569025219,1,1
user_15414,0,0.281062029170887,0,0
user_15415,1,0.795112953585196,1,1
user_15416,0,0.8700124923574318,1,1
user_15417,1,0.7774613471628453,1,1
user_15418,1,0.5373959878462905,1,0
user_15419,1,0.9290367176946701,1,1
user_15420,1,0.909660246713496,1,1
user_15421,1,0.36846845976737225,0,0
user_15422,1,0.8242831237583319,1,1
user_15423,1,0.8756467893675672,1,1
user_15424,0,0.032800670317505345,0,0
user_15425,1,0.6006306620177655,1,1
user_15426,1,0.9463381610350645,1,1
user_15427,1,0.88216717067112,1,1
user_15428,0,0.20579771027756125,0,0
user_15429,0,0.07086446670455858,0,0
user_15430,0,0.6458678970126156,1,1
user_15431,1,0.2596102537135172,0,0
user_15432,1,0.38984121992225673,0,0
user_15433,0,0.040620884459900496,0,0
user_15434,0,0.2918369967462522,0,0
user_15435,1,0.9328659919884238,1,1
user_15436,0,0.16391232491095287,0,0
user_15437,1,0.8102891469950734,1,1
user_15438,0,0.2586013186513982,0,0
user_15439,0,0.8878729332333272,1,1
user_15440,1,0.9381048260399437,1,1
user_15441,0,0.5805689896393269,1,1
user_15442,0,0.05069321999671771,0,0
user_15443,0,0.21864654341550463,0,0
user_15444,0,0.9122901336493328,1,1
user_15445,1,0.8284737224624217,1,1
user_15446,0,0.07384833201469523,0,0
user_15447,0,0.19475126727920203,0,0
user_15448,0,0.35036067896741624,0,0
user_15449,1,0.6051412040149303,1,1
user_15450,0,0.8232594079597807,1,1
user_15451,1,0.42659354794938675,0,0
user_15452,1,0.6910088726163522,1,1
user_15453,1,0.6331858518651908,1,1
user_15454,0,0.19689812261255157,0,0
user_15455,0,0.0690310505303705,0,0
user_15456,1,0.893260137532437,1,1
user_15457,0,0.07290335365842315,0,0
user_15458,1,0.7072111589440815,1,1
user_15459,0,0.46891985389110774,0,0
user_15460,1,0.3543807004637159,0,0
user_15461,1,0.6738137894334992,1,0
user_15462,0,0.19993905901381132,0,0
user_15463,1,0.9571779790398562,1,1
user_15464,0,0.29912580912108877,0,0
user_15465,1,0.8198950570415038,1,1
user_15466,1,0.9439035543852367,1,1
user_15467,0,0.07108816455453125,0,0
user_15468,0,0.311754624614814,0,0
user_15469,0,0.11210886085820523,0,0
user_15470,0,0.2405410004446986,0,0
user_15471,0,0.6373956541849184,1,1
user_15472,1,0.6730897039988178,1,0
user_15473,0,0.24618514976847786,0,0
user_15474,1,0.8417199873273844,1,1
user_15475,1,0.9584281041852439,1,1
user_15476,1,0.7623554854576621,1,1
user_15477,0,0.16914756754415627,0,0
user_15478,0,0.18070900980542065,0,0
user_15479,0,0.06101350600498729,0,0
user_15480,0,0.2728764233563087,0,0
user_15481,1,0.4337216809683851,0,0
user_15482,0,0.5844024467005685,1,1
user_15483,0,0.07545666935808554,0,0
user_15484,0,0.0902393600126112,0,0
user_15485,1,0.22856970098482315,0,0
user_15486,0,0.48205258705376774,0,0
user_15487,1,0.9795434986491122,1,1
user_15488,1,0.9187950399185308,1,1
user_15489,1,0.31188694627079355,0,0
user_15490,0,0.24177110030031973,0,0
user_15491,1,0.8794739350817147,1,1
user_15492,0,0.07790794142850607,0,0
user_15493,0,0.41199831672998555,0,0
user_15494,1,0.96047435256763,1,1
user_15495,1,0.47126270372092277,0,0
user_15496,1,0.7567231115812731,1,1
user_15497,0,0.43317624066564825,0,0
user_15498,1,0.65470314911675,1,1
user_15499,1,0.5563087900096757,1,0
user_15500,0,0.020596209660708277,0,0
user_15501,0,0.24755726534581618,0,0
user_15502,1,0.6724092800189654,1,1
user_15503,0,0.04122353742256892,0,0
user_15504,0,0.49888980590003107,0,1
user_15505,1,0.7532149370977728,1,1
user_15506,0,0.09939663915166556,0,0
user_15507,0,0.23042307386770428,0,0
user_15508,0,0.39258202415973203,0,0
user_15509,0,0.5936663576129237,1,0
user_15510,1,0.7523705196580917,1,1
user_15511,1,0.7345670157266392,1,1
user_15512,1,0.8166324541503696,1,1
user_15513,0,0.10074546126046167,0,0
user_15514,1,0.7947282794717525,1,1
user_15515,0,0.12120355404917459,0,0
user_15516,0,0.3782974931166339,0,0
user_15517,0,0.5191024342645789,1,0
user_15518,0,0.2847906436850182,0,0
user_15519,1,0.30443084835881745,0,0
user_15520,1,0.4574681964684361,0,0
user_15521,0,0.15383332732176083,0,0
user_15522,1,0.7133297925034495,1,0
user_15523,0,0.10230443802249405,0,0
user_15524,1,0.8037220841559973,1,1
user_15525,0,0.01780689720809573,0,0
user_15526,1,0.7602417198634396,1,1
user_15527,1,0.7424251149337019,1,1
user_15528,1,0.24789620146230912,0,0
user_15529,0,0.2209834662860181,0,0
user_15530,1,0.8840414835023629,1,1
user_15531,1,0.4563383686075688,0,0
user_15532,0,0.1405096582904193,0,0
user_15533,0,0.06846931844744826,0,0
user_15534,1,0.9612380416295278,1,1
user_15535,0,0.5064876314667247,1,0
user_15536,0,0.33862418088526847,0,0
user_15537,1,0.9746521432685767,1,1
user_15538,1,0.769784109047804,1,1
user_15539,0,0.14496054075557568,0,0
user_15540,1,0.8976041778568835,1,1
user_15541,0,0.018079655555574715,0,0
user_15542,0,0.35105221153075705,0,0
user_15543,1,0.05715641526094551,0,0
